osm_id,building,E,N,max_depth_m,max_speed_ms,max_dv_m2s,hazard_H,arrival_h,at_risk_depth0.5,at_risk_gtH2
536784275,yes,1534198.0,5188559.0,0.0,0.0,0.0,0,,False,False
536784276,yes,1534174.0,5188607.0,0.0,0.0,0.0,0,,False,False
536784277,yes,1534203.0,5188631.0,0.0,0.0,0.0,0,,False,False
536784278,yes,1534211.0,5188604.0,0.0,0.0,0.0,0,,False,False
1316588693,yes,1534085.0,5192334.0,0.0,0.0,0.0,0,,False,False
1316588694,yes,1534074.0,5192339.0,0.0,0.0,0.0,0,,False,False
1316588695,yes,1533947.0,5192305.0,0.0,0.0,0.0,0,,False,False
1316588696,yes,1533929.0,5192286.0,0.0,0.0,0.0,0,,False,False
1316588697,yes,1533918.0,5192310.0,0.0,0.0,0.0,0,,False,False
1316588698,yes,1533907.0,5192345.0,0.0,0.0,0.0,0,,False,False
1316588699,yes,1533951.0,5192390.0,0.0,0.0,0.0,0,,False,False
1316588700,yes,1533929.0,5192468.0,0.0,0.0,0.0,0,,False,False
1316588701,yes,1533886.0,5192487.0,0.0,0.0,0.0,0,,False,False
1316588702,yes,1533583.0,5192795.0,0.0,0.0,0.0,0,,False,False
1316588703,yes,1533538.0,5192852.0,0.0,0.0,0.0,0,,False,False
1316588704,yes,1533504.0,5192772.0,0.0,0.0,0.0,0,,False,False
1316588705,yes,1533120.0,5192993.0,0.0,0.0,0.0,0,,False,False
1316588706,yes,1533133.0,5192980.0,0.0,0.0,0.0,0,,False,False
1316588707,yes,1532981.0,5192696.0,0.0,0.0,0.0,0,,False,False
1316588708,yes,1532983.0,5192719.0,0.0,0.0,0.0,0,,False,False
1316588709,yes,1532946.0,5192697.0,0.0,0.0,0.0,0,,False,False
1316588710,yes,1532915.0,5192656.0,0.0,0.0,0.0,0,,False,False
1316588711,yes,1532955.0,5192645.0,0.0,0.0,0.0,0,,False,False
1316588712,yes,1532937.0,5192627.0,0.0,0.0,0.0,0,,False,False
1316588713,yes,1531618.0,5193161.0,0.0,0.0,0.0,0,,False,False
1316588714,yes,1531601.0,5193205.0,0.0,0.0,0.0,0,,False,False
1316588715,yes,1531632.0,5193242.0,0.0,0.0,0.0,0,,False,False
1316588716,yes,1531579.0,5193240.0,0.0,0.0,0.0,0,,False,False
1316588717,yes,1531514.0,5193272.0,0.0,0.0,0.0,0,,False,False
1316588718,yes,1531518.0,5193253.0,0.0,0.0,0.0,0,,False,False
1316588719,yes,1531530.0,5193228.0,0.0,0.0,0.0,0,,False,False
1316588720,yes,1532006.0,5193550.0,0.0,0.0,0.0,0,,False,False
1316588721,yes,1532008.0,5193525.0,0.0,0.0,0.0,0,,False,False
1316588722,yes,1531599.0,5193875.0,0.0,0.0,0.0,0,,False,False
1316588723,yes,1531996.0,5193998.0,0.0,0.0,0.0,0,,False,False
1316588724,yes,1531995.0,5193983.0,0.0,0.0,0.0,0,,False,False
1316588725,yes,1532003.0,5193870.0,0.0,0.0,0.0,0,,False,False
1316588726,yes,1532124.0,5193849.0,0.0,0.0,0.0,0,,False,False
1316588727,yes,1532131.0,5193888.0,0.0,0.0,0.0,0,,False,False
1316588728,yes,1532151.0,5193936.0,0.0,0.0,0.0,0,,False,False
1316588729,yes,1532153.0,5193956.0,0.0,0.0,0.0,0,,False,False
1316588730,yes,1532164.0,5193979.0,0.0,0.0,0.0,0,,False,False
1316588731,yes,1532176.0,5193950.0,0.0,0.0,0.0,0,,False,False
1316588732,yes,1532104.0,5193949.0,0.0,0.0,0.0,0,,False,False
1316588733,yes,1532097.0,5193938.0,0.0,0.0,0.0,0,,False,False
1316589820,yes,1531115.0,5193684.0,0.0,0.0,0.0,0,,False,False
1316589821,yes,1530964.0,5193763.0,0.0,0.0,0.0,0,,False,False
1316589824,yes,1531153.0,5195864.0,0.0,0.0,0.0,0,,False,False
1316589825,yes,1531418.0,5195694.0,0.0,0.0,0.0,0,,False,False
1316589826,yes,1531590.0,5195777.0,0.0,0.0,0.0,0,,False,False
1316589827,yes,1531561.0,5195798.0,0.0,0.0,0.0,0,,False,False
1316589828,yes,1531582.0,5195759.0,0.0,0.0,0.0,0,,False,False
1316589829,yes,1531590.0,5195751.0,0.0,0.0,0.0,0,,False,False
1316589830,yes,1531422.0,5195719.0,0.0,0.0,0.0,0,,False,False
1316589845,yes,1534361.0,5194066.0,0.0,0.0,0.0,0,,False,False
1316589846,yes,1534262.0,5194210.0,0.0,0.0,0.0,0,,False,False
1316589847,yes,1534232.0,5194268.0,0.0,0.0,0.0,0,,False,False
1316589848,yes,1534216.0,5194294.0,0.0,0.0,0.0,0,,False,False
1316589849,yes,1534181.0,5194264.0,0.0,0.0,0.0,0,,False,False
1316589850,yes,1534364.0,5194208.0,0.0,0.0,0.0,0,,False,False
1316589851,yes,1534360.0,5194320.0,0.0,0.0,0.0,0,,False,False
1316589852,yes,1534375.0,5194301.0,0.0,0.0,0.0,0,,False,False
1316589917,yes,1534279.0,5197904.0,0.0,0.0,0.0,0,,False,False
1316589918,yes,1534242.0,5197849.0,0.0,0.0,0.0,0,,False,False
1316589919,yes,1534086.0,5197671.0,0.0,0.0,0.0,0,,False,False
1316589920,yes,1534183.0,5197609.0,0.0,0.04,0.01,0,,False,False
1316589921,yes,1534073.0,5197583.0,0.0,0.0,0.0,0,,False,False
1316589922,yes,1534158.0,5197488.0,0.34,0.06,0.02,2,,False,False
1316589923,yes,1533282.0,5197241.0,0.0,0.0,0.0,0,,False,False
1316589924,yes,1533271.0,5197229.0,0.0,0.0,0.0,0,,False,False
1316589925,yes,1533206.0,5197236.0,0.0,0.0,0.0,0,,False,False
1316589926,yes,1533175.0,5197252.0,0.0,0.0,0.0,0,,False,False
1316589927,yes,1534164.0,5195909.0,0.0,0.0,0.0,0,,False,False
1316589928,yes,1534141.0,5195877.0,0.0,0.0,0.0,0,,False,False
1316589929,yes,1534623.0,5196381.0,0.0,0.0,0.0,0,,False,False
1316589930,yes,1534603.0,5196367.0,0.0,0.0,0.0,0,,False,False
1316589931,yes,1534618.0,5196356.0,0.0,0.0,0.0,0,,False,False
1316589932,yes,1534576.0,5196399.0,0.0,0.0,0.0,0,,False,False
1316589933,yes,1534943.0,5196295.0,0.0,0.0,0.0,0,,False,False
1316589934,yes,1534926.0,5196277.0,0.0,0.0,0.0,0,,False,False
1316589936,yes,1534813.0,5195730.0,0.0,0.0,0.0,0,,False,False
1316589937,yes,1534803.0,5195703.0,0.0,0.0,0.0,0,,False,False
1316589938,yes,1532072.0,5195090.0,0.0,0.0,0.0,0,,False,False
1316589939,yes,1532646.0,5194887.0,0.0,0.0,0.0,0,,False,False
1316589940,yes,1532656.0,5194870.0,0.0,0.0,0.0,0,,False,False
1316589941,yes,1532679.0,5194862.0,0.0,0.0,0.0,0,,False,False
1316589942,yes,1532725.0,5194821.0,0.0,0.0,0.0,0,,False,False
1316589943,yes,1532807.0,5194715.0,0.0,0.0,0.0,0,,False,False
1316589944,yes,1532620.0,5194674.0,0.0,0.0,0.0,0,,False,False
1316589945,yes,1532523.0,5194579.0,0.0,0.0,0.0,0,,False,False
1316591741,yes,1531099.0,5197354.0,0.0,0.0,0.0,0,,False,False
1316591742,yes,1531100.0,5197344.0,0.0,0.0,0.0,0,,False,False
1316591743,yes,1531024.0,5197333.0,0.0,0.0,0.0,0,,False,False
1316591744,yes,1530986.0,5197417.0,0.0,0.0,0.0,0,,False,False
1316591751,yes,1530914.0,5197543.0,0.0,0.0,0.0,0,,False,False
1316591753,yes,1530939.0,5197585.0,0.0,0.0,0.0,0,,False,False
1316591754,yes,1530934.0,5197575.0,0.0,0.0,0.0,0,,False,False
1316589916,yes,1534916.0,5198507.0,0.0,0.0,0.0,0,,False,False
1316589952,yes,1530957.0,5198647.0,0.0,0.0,0.0,0,,False,False
1316589953,yes,1530982.0,5198634.0,0.0,0.0,0.0,0,,False,False
1316589954,yes,1531465.0,5198463.0,0.0,0.0,0.0,0,,False,False
1316589955,yes,1531478.0,5198441.0,0.0,0.0,0.0,0,,False,False
1316597546,yes,1534440.0,5200127.0,0.0,0.0,0.0,0,,False,False
1316597547,yes,1534479.0,5200099.0,0.0,0.0,0.0,0,,False,False
1316597548,yes,1534487.0,5200089.0,0.0,0.0,0.0,0,,False,False
1316597549,yes,1534489.0,5200076.0,0.0,0.0,0.0,0,,False,False
1316597550,yes,1534454.0,5200081.0,0.0,0.0,0.0,0,,False,False
1316597551,yes,1534448.0,5200046.0,0.0,0.0,0.0,0,,False,False
1316597552,yes,1534453.0,5199841.0,0.0,0.0,0.0,0,,False,False
1316597553,yes,1534549.0,5199806.0,0.0,0.0,0.0,0,,False,False
1316597554,yes,1534437.0,5199777.0,0.0,0.0,0.0,0,,False,False
1316597555,yes,1534442.0,5199740.0,0.0,0.0,0.0,0,,False,False
1316597556,yes,1534303.0,5199656.0,0.0,0.0,0.0,0,,False,False
1316597557,yes,1534352.0,5199640.0,0.0,0.0,0.0,0,,False,False
1316597558,yes,1534420.0,5199643.0,0.0,0.0,0.0,0,,False,False
1316597559,yes,1534485.0,5199641.0,0.0,0.0,0.0,0,,False,False
1316597560,yes,1534440.0,5199586.0,0.0,0.0,0.0,0,,False,False
1316597561,yes,1534387.0,5199609.0,0.0,0.0,0.0,0,,False,False
1316597562,yes,1534375.0,5199566.0,0.0,0.0,0.0,0,,False,False
1316597563,yes,1534308.0,5199593.0,0.0,0.0,0.0,0,,False,False
1316597564,yes,1534905.0,5199420.0,0.0,0.0,0.0,0,,False,False
1316597565,yes,1534896.0,5199407.0,0.0,0.0,0.0,0,,False,False
1316597567,yes,1534718.0,5199269.0,0.0,0.0,0.0,0,,False,False
1316597568,yes,1533863.0,5199128.0,0.0,0.0,0.0,0,,False,False
1316597569,yes,1533849.0,5199119.0,0.0,0.0,0.0,0,,False,False
1316597570,yes,1533865.0,5199114.0,0.0,0.0,0.0,0,,False,False
1316597571,yes,1534250.0,5200284.0,0.0,0.0,0.0,0,,False,False
1316597572,yes,1534243.0,5200296.0,0.0,0.0,0.0,0,,False,False
1316597573,yes,1534090.0,5200403.0,0.0,0.0,0.0,0,,False,False
1316597574,yes,1534081.0,5200390.0,0.0,0.0,0.0,0,,False,False
1316597575,yes,1534047.0,5200423.0,0.0,0.0,0.0,0,,False,False
1316597576,yes,1534042.0,5200446.0,0.0,0.0,0.0,0,,False,False
1316597577,yes,1534010.0,5200370.0,0.0,0.0,0.0,0,,False,False
1316597578,yes,1534053.0,5200321.0,0.0,0.0,0.0,0,,False,False
1316597579,yes,1533678.0,5200471.0,0.0,0.0,0.0,0,,False,False
1316597580,yes,1533507.0,5200398.0,0.0,0.0,0.0,0,,False,False
1316597581,yes,1533970.0,5200596.0,0.0,0.0,0.0,0,,False,False
1316597582,yes,1534073.0,5200774.0,0.0,0.0,0.0,0,,False,False
1316597583,yes,1533966.0,5201393.0,0.0,0.0,0.0,0,,False,False
1316597584,yes,1533932.0,5201402.0,0.0,0.0,0.0,0,,False,False
1316597585,yes,1533907.0,5201408.0,0.0,0.0,0.0,0,,False,False
1316597586,yes,1533902.0,5201386.0,0.0,0.0,0.0,0,,False,False
1316597587,yes,1533925.0,5201355.0,0.0,0.0,0.0,0,,False,False
1316597588,yes,1533964.0,5201371.0,0.0,0.0,0.0,0,,False,False
1316597589,yes,1533924.0,5201331.0,0.0,0.0,0.0,0,,False,False
1316597590,yes,1533917.0,5201335.0,0.0,0.0,0.0,0,,False,False
1316601022,yes,1531651.0,5199865.0,0.0,0.0,0.0,0,,False,False
1316601023,yes,1532003.0,5199742.0,0.0,0.0,0.0,0,,False,False
1316601024,yes,1531943.0,5199648.0,0.0,0.0,0.0,0,,False,False
1316601025,yes,1531931.0,5199636.0,0.0,0.0,0.0,0,,False,False
1316601026,yes,1531875.0,5199533.0,0.0,0.0,0.0,0,,False,False
1316601027,yes,1531892.0,5199516.0,0.0,0.0,0.0,0,,False,False
1316601028,yes,1532241.0,5200060.0,0.0,0.0,0.0,0,,False,False
1316601029,yes,1532282.0,5200049.0,0.0,0.0,0.0,0,,False,False
1316601030,yes,1532310.0,5200118.0,0.0,0.0,0.0,0,,False,False
1316601031,yes,1532253.0,5200165.0,0.0,0.0,0.0,0,,False,False
1316601032,yes,1532341.0,5200207.0,0.0,0.0,0.0,0,,False,False
1316601033,yes,1532156.0,5200202.0,0.0,0.0,0.0,0,,False,False
1316601034,yes,1532282.0,5200242.0,0.0,0.0,0.0,0,,False,False
1316601035,yes,1532276.0,5200279.0,0.0,0.0,0.0,0,,False,False
1316601036,yes,1532311.0,5200283.0,0.0,0.0,0.0,0,,False,False
1316601037,yes,1532306.0,5200304.0,0.0,0.0,0.0,0,,False,False
1316601038,yes,1532331.0,5200340.0,0.0,0.0,0.0,0,,False,False
1316601039,yes,1532316.0,5200333.0,0.0,0.0,0.0,0,,False,False
1316601040,yes,1532405.0,5200368.0,0.0,0.0,0.0,0,,False,False
1316601041,yes,1532369.0,5200378.0,0.0,0.0,0.0,0,,False,False
1316601042,yes,1532273.0,5200403.0,0.0,0.0,0.0,0,,False,False
1316601043,yes,1532415.0,5200457.0,0.0,0.0,0.0,0,,False,False
1316601044,yes,1532365.0,5200524.0,0.0,0.0,0.0,0,,False,False
1316601045,yes,1532386.0,5200572.0,0.0,0.0,0.0,0,,False,False
1316601046,yes,1532294.0,5200547.0,0.0,0.0,0.0,0,,False,False
1316601047,yes,1532280.0,5200543.0,0.0,0.0,0.0,0,,False,False
1316601048,yes,1532254.0,5200538.0,0.0,0.0,0.0,0,,False,False
1316601049,yes,1532235.0,5200527.0,0.0,0.0,0.0,0,,False,False
1316601050,yes,1532225.0,5200611.0,0.0,0.0,0.0,0,,False,False
1316601051,yes,1532290.0,5200717.0,0.0,0.0,0.0,0,,False,False
1316601052,yes,1532275.0,5200721.0,0.0,0.0,0.0,0,,False,False
1316601053,yes,1532284.0,5201474.0,0.0,0.0,0.0,0,,False,False
1316601054,yes,1532082.0,5201514.0,0.0,0.0,0.0,0,,False,False
1316601055,yes,1532026.0,5201519.0,0.0,0.0,0.0,0,,False,False
1316601056,yes,1532342.0,5201731.0,0.0,0.0,0.0,0,,False,False
1316601057,yes,1532194.0,5201783.0,0.0,0.0,0.0,0,,False,False
1316601058,yes,1532163.0,5201824.0,0.0,0.0,0.0,0,,False,False
1316601059,yes,1532186.0,5201822.0,0.0,0.0,0.0,0,,False,False
1316601060,yes,1532204.0,5201841.0,0.0,0.0,0.0,0,,False,False
1316601061,yes,1533067.0,5202211.0,0.0,0.0,0.0,0,,False,False
1316601062,yes,1533002.0,5202298.0,0.0,0.0,0.0,0,,False,False
1316601063,yes,1533076.0,5202682.0,0.0,0.0,0.0,0,,False,False
1316601064,yes,1533032.0,5202732.0,0.0,0.0,0.0,0,,False,False
1316601065,yes,1533006.0,5202743.0,0.0,0.0,0.0,0,,False,False
1316601066,yes,1532984.0,5202720.0,0.0,0.0,0.0,0,,False,False
1316601067,yes,1533623.0,5202343.0,0.0,0.0,0.0,0,,False,False
1316601068,yes,1533642.0,5202756.0,0.0,0.0,0.0,0,,False,False
1316601069,yes,1533631.0,5202768.0,0.0,0.0,0.0,0,,False,False
1316601070,yes,1533657.0,5202770.0,0.0,0.0,0.0,0,,False,False
1316601071,yes,1533700.0,5202836.0,0.0,0.0,0.0,0,,False,False
1316601072,yes,1533715.0,5202823.0,0.0,0.0,0.0,0,,False,False
1316601073,yes,1533760.0,5202802.0,0.0,0.0,0.0,0,,False,False
1316601074,yes,1533684.0,5202858.0,0.0,0.0,0.0,0,,False,False
1316601075,yes,1533667.0,5202868.0,0.0,0.0,0.0,0,,False,False
1316601076,yes,1533648.0,5202870.0,0.0,0.0,0.0,0,,False,False
1316601077,yes,1533679.0,5202873.0,0.0,0.0,0.0,0,,False,False
1316601078,yes,1533730.0,5202932.0,0.0,0.0,0.0,0,,False,False
1316601079,yes,1533712.0,5202916.0,0.0,0.0,0.0,0,,False,False
1316601080,yes,1533861.0,5203038.0,0.0,0.0,0.0,0,,False,False
1316601081,yes,1533922.0,5202996.0,0.0,0.0,0.0,0,,False,False
1316601082,yes,1533937.0,5202978.0,0.0,0.0,0.0,0,,False,False
1316601083,yes,1534243.0,5202873.0,0.0,0.0,0.0,0,,False,False
1316601084,yes,1534267.0,5202859.0,0.0,0.0,0.0,0,,False,False
1316601085,yes,1534288.0,5202886.0,0.0,0.0,0.0,0,,False,False
1316601086,yes,1534283.0,5202906.0,0.0,0.0,0.0,0,,False,False
1316601087,yes,1534433.0,5202792.0,0.0,0.0,0.0,0,,False,False
1316601088,yes,1534552.0,5202973.0,0.0,0.0,0.0,0,,False,False
1316604925,yes,1530971.0,5203008.0,0.0,0.0,0.0,0,,False,False
1316604926,yes,1530970.0,5202984.0,0.0,0.0,0.0,0,,False,False
1316604927,yes,1530989.0,5202978.0,0.0,0.0,0.0,0,,False,False
1316604928,yes,1531008.0,5202984.0,0.0,0.0,0.0,0,,False,False
1316604929,yes,1531055.0,5202975.0,0.0,0.0,0.0,0,,False,False
1316604930,yes,1531085.0,5202963.0,0.0,0.0,0.0,0,,False,False
1316588669,yes,1538191.0,5190208.0,0.0,0.0,0.0,0,,False,False
1316588670,yes,1538174.0,5190312.0,0.0,0.0,0.0,0,,False,False
1316588671,yes,1538152.0,5190278.0,0.0,0.0,0.0,0,,False,False
1316588672,yes,1538085.0,5190275.0,0.0,0.0,0.0,0,,False,False
1316588673,yes,1538156.0,5190248.0,0.0,0.0,0.0,0,,False,False
1316588674,yes,1538176.0,5190244.0,0.0,0.0,0.0,0,,False,False
1316588675,yes,1538194.0,5190241.0,0.0,0.0,0.0,0,,False,False
1316588676,yes,1538240.0,5190254.0,0.0,0.0,0.0,0,,False,False
1316588677,yes,1538301.0,5190176.0,0.0,0.0,0.0,0,,False,False
1316588678,yes,1538316.0,5190152.0,0.0,0.0,0.0,0,,False,False
1316588679,yes,1538736.0,5191009.0,0.0,0.0,0.0,0,,False,False
1316588680,yes,1538551.0,5191040.0,0.0,0.0,0.0,0,,False,False
1316588681,yes,1535041.0,5191029.0,0.0,0.0,0.0,0,,False,False
1316588682,yes,1535082.0,5191095.0,0.0,0.0,0.0,0,,False,False
1316588683,yes,1535088.0,5191081.0,0.0,0.0,0.0,0,,False,False
1316588684,yes,1535150.0,5191075.0,0.0,0.0,0.0,0,,False,False
1316588685,yes,1535169.0,5191118.0,0.0,0.0,0.0,0,,False,False
1316588686,yes,1535133.0,5191144.0,0.0,0.0,0.0,0,,False,False
1316588687,yes,1535188.0,5191205.0,0.0,0.0,0.0,0,,False,False
1316588688,yes,1535185.0,5191214.0,0.0,0.0,0.0,0,,False,False
1316588689,yes,1535232.0,5191238.0,0.0,0.0,0.0,0,,False,False
1316588690,yes,1535547.0,5191320.0,0.0,0.0,0.0,0,,False,False
1316588691,yes,1535424.0,5191574.0,0.0,0.0,0.0,0,,False,False
1316588692,yes,1535414.0,5191567.0,0.0,0.0,0.0,0,,False,False
1316589844,yes,1537226.0,5191539.0,0.0,0.0,0.0,0,,False,False
1316589834,yes,1536231.0,5192414.0,0.0,0.0,0.0,0,,False,False
1316589835,yes,1536505.0,5192722.0,0.0,0.0,0.0,0,,False,False
1316589836,yes,1536420.0,5192772.0,0.0,0.0,0.0,0,,False,False
1316589837,yes,1536445.0,5192849.0,0.0,0.0,0.0,0,,False,False
1316589838,yes,1537701.0,5193332.0,0.0,0.0,0.0,0,,False,False
1316589839,yes,1537716.0,5193318.0,0.0,0.0,0.0,0,,False,False
1316589840,yes,1537650.0,5193303.0,0.0,0.0,0.0,0,,False,False
1316589841,yes,1537624.0,5193330.0,0.0,0.0,0.0,0,,False,False
1316589842,yes,1537626.0,5193315.0,0.0,0.0,0.0,0,,False,False
1316589843,yes,1537573.0,5193401.0,0.0,0.0,0.0,0,,False,False
1316589853,yes,1535523.0,5193705.0,0.0,0.0,0.0,0,,False,False
1316589854,yes,1535503.0,5193703.0,0.0,0.0,0.0,0,,False,False
1316589855,yes,1535555.0,5193655.0,0.0,0.0,0.0,0,,False,False
1316589856,yes,1535592.0,5193663.0,0.0,0.0,0.0,0,,False,False
1316589857,yes,1535582.0,5193652.0,0.0,0.0,0.0,0,,False,False
1316589858,yes,1536493.0,5193333.0,0.0,0.0,0.0,0,,False,False
1316589859,yes,1536458.0,5193411.0,0.0,0.0,0.0,0,,False,False
1316589860,yes,1536420.0,5193494.0,0.0,0.0,0.0,0,,False,False
1316589861,yes,1536550.0,5193543.0,0.0,0.0,0.0,0,,False,False
1316589862,yes,1536666.0,5193599.0,0.0,0.0,0.0,0,,False,False
1316589863,yes,1536743.0,5193636.0,0.0,0.0,0.0,0,,False,False
1316589864,yes,1536805.0,5193674.0,0.0,0.0,0.0,0,,False,False
1316589865,yes,1536739.0,5193753.0,0.0,0.0,0.0,0,,False,False
1316589866,yes,1537944.0,5194336.0,0.26,0.44,0.11,1,1.46,False,False
1316589867,yes,1537926.0,5194335.0,0.22,0.41,0.09,1,1.5,False,False
1316589868,yes,1537919.0,5194280.0,0.25,0.35,0.08,1,1.54,False,False
1316589869,yes,1537960.0,5194414.0,0.85,0.38,0.31,3,1.35,True,True
1316589870,yes,1537015.0,5194687.0,0.12,0.43,0.05,1,,False,False
1316589871,yes,1536885.0,5194662.0,0.12,0.38,0.04,1,,False,False
1316589872,yes,1536964.0,5194563.0,0.0,0.0,0.0,0,,False,False
1316589873,yes,1536856.0,5194582.0,0.0,0.0,0.0,0,,False,False
1316589874,yes,1536741.0,5194598.0,0.0,0.0,0.0,0,,False,False
1316589875,yes,1536818.0,5194479.0,0.0,0.0,0.0,0,,False,False
1316589876,yes,1535832.0,5194776.0,0.0,0.0,0.0,0,,False,False
1316589877,yes,1535813.0,5194776.0,0.0,0.0,0.0,0,,False,False
1316589878,yes,1535821.0,5194715.0,0.0,0.0,0.0,0,,False,False
1316589879,yes,1535859.0,5194718.0,0.0,0.0,0.0,0,,False,False
1316589880,yes,1535848.0,5194707.0,0.0,0.0,0.0,0,,False,False
1316589881,yes,1535876.0,5194765.0,0.0,0.0,0.0,0,,False,False
1316589882,yes,1537765.0,5197397.0,0.0,0.0,0.0,0,,False,False
1316589883,yes,1537789.0,5197286.0,0.0,0.0,0.0,0,,False,False
1316589884,yes,1537744.0,5197315.0,0.0,0.0,0.0,0,,False,False
1316589885,yes,1537736.0,5197137.0,0.0,0.0,0.0,0,,False,False
1316589886,yes,1537719.0,5197123.0,0.0,0.0,0.0,0,,False,False
1316589887,yes,1537706.0,5197498.0,0.0,0.3,0.04,0,,False,False
1316589888,yes,1537662.0,5197543.0,0.0,0.0,0.0,0,,False,False
1316589889,yes,1537658.0,5197530.0,0.0,0.09,0.01,0,,False,False
1316589890,yes,1537646.0,5197506.0,0.0,0.3,0.03,0,,False,False
1316589891,yes,1538042.0,5197573.0,0.0,0.0,0.0,0,,False,False
1316589892,yes,1538045.0,5197544.0,0.0,0.0,0.0,0,,False,False
1316589893,yes,1537795.0,5197791.0,0.0,0.0,0.0,0,,False,False
1316589894,yes,1537786.0,5197777.0,0.0,0.0,0.0,0,,False,False
1316589895,yes,1537846.0,5197931.0,0.0,0.0,0.0,0,,False,False
1316589935,yes,1534978.0,5196258.0,0.0,0.0,0.0,0,,False,False
1468449533,house,1535420.0,5197264.0,0.0,0.0,0.0,0,,False,False
1468449534,house,1535391.0,5197219.0,0.0,0.0,0.0,0,,False,False
1468449535,yes,1535551.0,5197234.0,0.0,0.29,0.03,0,,False,False
1468449536,yes,1535557.0,5197276.0,0.0,0.0,0.0,0,,False,False
1468449537,yes,1535531.0,5197277.0,0.0,0.0,0.0,0,,False,False
1468449538,house,1535490.0,5197287.0,0.0,0.0,0.0,0,,False,False
1468449539,yes,1535487.0,5197280.0,0.0,0.0,0.0,0,,False,False
1468449540,yes,1535486.0,5197274.0,0.0,0.0,0.0,0,,False,False
1468449541,yes,1535508.0,5197266.0,0.0,0.0,0.0,0,,False,False
1468449542,yes,1535492.0,5197258.0,0.0,0.0,0.0,0,,False,False
1468449543,yes,1535381.0,5197200.0,0.0,0.0,0.0,0,,False,False
1468449544,yes,1535367.0,5197155.0,0.0,0.0,0.0,0,,False,False
1468449545,yes,1535353.0,5197097.0,0.15,0.45,0.14,1,,False,False
1468449546,yes,1535350.0,5197114.0,0.0,0.16,0.05,0,,False,False
1468449548,yes,1536405.0,5196877.0,0.0,0.01,0.0,0,,False,False
1468449549,yes,1536392.0,5196884.0,0.0,0.0,0.0,0,,False,False
1468449550,yes,1536383.0,5196884.0,0.0,0.0,0.0,0,,False,False
1468449551,yes,1536396.0,5196867.0,0.0,0.23,0.04,0,,False,False
1468449552,yes,1536399.0,5196863.0,0.0,0.23,0.04,0,,False,False
1468449553,yes,1536417.0,5196875.0,0.0,0.0,0.0,0,,False,False
1468449554,yes,1536464.0,5196901.0,0.1,0.27,0.06,1,,False,False
1468953840,yes,1537414.0,5196122.0,0.57,1.48,0.86,4,0.8,True,True
1468953841,house,1537440.0,5196136.0,0.58,1.49,0.86,4,0.8,True,True
1468953842,house,1537107.0,5195633.0,0.26,0.78,0.28,1,,False,False
1468953843,yes,1537069.0,5195645.0,0.24,0.83,0.23,1,1.03,False,False
1316580038,yes,1538855.0,5201424.0,0.0,0.0,0.0,0,,False,False
1316580039,yes,1538780.0,5201427.0,0.0,0.0,0.0,0,,False,False
1316589896,yes,1537214.0,5198044.0,0.0,0.0,0.0,0,,False,False
1316589897,yes,1537129.0,5198060.0,0.0,0.0,0.0,0,,False,False
1316589898,yes,1537105.0,5198045.0,0.0,0.0,0.0,0,,False,False
1316589899,yes,1537111.0,5198019.0,0.0,0.0,0.0,0,,False,False
1316589900,yes,1537108.0,5197996.0,0.0,0.0,0.0,0,,False,False
1316589901,yes,1537079.0,5198034.0,0.0,0.0,0.0,0,,False,False
1316589902,yes,1537073.0,5198076.0,0.0,0.0,0.0,0,,False,False
1316589903,yes,1537064.0,5198005.0,0.0,0.0,0.0,0,,False,False
1316589904,yes,1537054.0,5197986.0,0.0,0.0,0.0,0,,False,False
1316589905,yes,1537004.0,5198056.0,0.0,0.0,0.0,0,,False,False
1316589906,yes,1537052.0,5198128.0,0.0,0.0,0.0,0,,False,False
1316589907,yes,1535598.0,5198037.0,0.0,0.0,0.0,0,,False,False
1316589908,yes,1535685.0,5198253.0,0.0,0.0,0.0,0,,False,False
1316589909,yes,1535696.0,5198202.0,0.0,0.0,0.0,0,,False,False
1316589910,yes,1535991.0,5198687.0,0.0,0.0,0.0,0,,False,False
1316589911,yes,1535066.0,5198383.0,0.0,0.0,0.0,0,,False,False
1316589912,yes,1535009.0,5198516.0,0.0,0.0,0.0,0,,False,False
1316589913,yes,1534951.0,5198506.0,0.0,0.0,0.0,0,,False,False
1316589914,yes,1534984.0,5198485.0,0.0,0.0,0.0,0,,False,False
1316589915,yes,1534960.0,5198466.0,0.0,0.0,0.0,0,,False,False
1316597523,yes,1537537.0,5200553.0,0.0,0.0,0.0,0,,False,False
1316597524,yes,1537499.0,5200566.0,0.0,0.0,0.0,0,,False,False
1316597525,yes,1537461.0,5200579.0,0.0,0.0,0.0,0,,False,False
1316597526,yes,1537423.0,5200592.0,0.0,0.0,0.0,0,,False,False
1316597527,yes,1537385.0,5200605.0,0.0,0.0,0.0,0,,False,False
1316597528,yes,1537347.0,5200618.0,0.0,0.0,0.0,0,,False,False
1316597529,yes,1537498.0,5200659.0,0.0,0.0,0.0,0,,False,False
1316597530,yes,1537470.0,5200672.0,0.0,0.0,0.0,0,,False,False
1316597531,yes,1537610.0,5200458.0,0.0,0.0,0.0,0,,False,False
1316597532,yes,1537647.0,5200403.0,0.0,0.0,0.0,0,,False,False
1316597533,yes,1537642.0,5200382.0,0.0,0.0,0.0,0,,False,False
1316597534,yes,1537667.0,5200344.0,0.0,0.0,0.0,0,,False,False
1316597535,yes,1537609.0,5200356.0,0.0,0.0,0.0,0,,False,False
1316597536,yes,1537641.0,5200307.0,0.0,0.0,0.0,0,,False,False
1316597537,yes,1537633.0,5200281.0,0.0,0.0,0.0,0,,False,False
1316597538,yes,1537619.0,5200255.0,0.0,0.0,0.0,0,,False,False
1316597539,yes,1537610.0,5200217.0,0.0,0.0,0.0,0,,False,False
1316597540,yes,1537599.0,5200182.0,0.0,0.0,0.0,0,,False,False
1316597541,yes,1536990.0,5200644.0,0.0,0.0,0.0,0,,False,False
1316597542,yes,1536933.0,5200641.0,0.0,0.0,0.0,0,,False,False
1316597543,yes,1536938.0,5200607.0,0.0,0.0,0.0,0,,False,False
1316597544,yes,1536961.0,5200599.0,0.0,0.0,0.0,0,,False,False
1316597545,yes,1536428.0,5200422.0,0.0,0.0,0.0,0,,False,False
1316597566,yes,1535056.0,5199284.0,0.0,0.0,0.0,0,,False,False
1316597591,yes,1536073.0,5201104.0,0.0,0.0,0.0,0,,False,False
1316597592,yes,1536300.0,5201101.0,0.0,0.0,0.0,0,,False,False
1316597593,yes,1536225.0,5201213.0,0.0,0.0,0.0,0,,False,False
1316597594,yes,1536209.0,5201220.0,0.0,0.0,0.0,0,,False,False
1316597595,yes,1536266.0,5201348.0,0.0,0.0,0.0,0,,False,False
1316597596,yes,1536235.0,5201328.0,0.0,0.0,0.0,0,,False,False
1316597597,yes,1536237.0,5201307.0,0.0,0.0,0.0,0,,False,False
1316597598,yes,1535768.0,5201278.0,0.0,0.0,0.0,0,,False,False
1316597599,yes,1535781.0,5201263.0,0.0,0.0,0.0,0,,False,False
1316597600,yes,1535707.0,5201289.0,0.0,0.0,0.0,0,,False,False
1316597601,yes,1535690.0,5201262.0,0.0,0.0,0.0,0,,False,False
1316597602,yes,1535151.0,5201475.0,0.0,0.0,0.0,0,,False,False
1316597603,yes,1535139.0,5201461.0,0.0,0.0,0.0,0,,False,False
1316597604,yes,1535077.0,5201486.0,0.0,0.0,0.0,0,,False,False
1316597605,yes,1535056.0,5201479.0,0.0,0.0,0.0,0,,False,False
1316601092,yes,1534911.0,5202835.0,0.0,0.0,0.0,0,,False,False
1316601093,yes,1534901.0,5202807.0,0.0,0.0,0.0,0,,False,False
1316601094,yes,1535197.0,5202883.0,0.0,0.0,0.0,0,,False,False
1316601095,yes,1535167.0,5202839.0,0.0,0.0,0.0,0,,False,False
1316601096,yes,1535365.0,5202870.0,0.0,0.0,0.0,0,,False,False
1316601097,yes,1535337.0,5202831.0,0.0,0.0,0.0,0,,False,False
1316601098,yes,1535373.0,5202809.0,0.0,0.0,0.0,0,,False,False
1316601104,yes,1535343.0,5202049.0,0.0,0.0,0.0,0,,False,False
1316601105,yes,1535327.0,5202041.0,0.0,0.0,0.0,0,,False,False
1316601106,yes,1535329.0,5202450.0,0.0,0.0,0.0,0,,False,False
1316601107,yes,1535368.0,5202392.0,0.0,0.0,0.0,0,,False,False
1316601108,yes,1535569.0,5202424.0,0.0,0.0,0.0,0,,False,False
1316601109,yes,1535566.0,5202331.0,0.0,0.0,0.0,0,,False,False
1316601110,yes,1535631.0,5202289.0,0.0,0.0,0.0,0,,False,False
1316601111,yes,1535555.0,5202351.0,0.0,0.0,0.0,0,,False,False
1316601112,yes,1535896.0,5202460.0,0.0,0.0,0.0,0,,False,False
1316601113,yes,1535894.0,5202434.0,0.0,0.0,0.0,0,,False,False
1316601114,yes,1535884.0,5202564.0,0.0,0.0,0.0,0,,False,False
1316601115,yes,1536051.0,5202842.0,0.0,0.0,0.0,0,,False,False
1316601116,yes,1536012.0,5202870.0,0.0,0.0,0.0,0,,False,False
1316601117,yes,1535995.0,5202887.0,0.0,0.0,0.0,0,,False,False
1316601118,yes,1536051.0,5202909.0,0.0,0.0,0.0,0,,False,False
1316601119,yes,1536087.0,5202930.0,0.0,0.0,0.0,0,,False,False
1347030939,yes,1537702.0,5198728.0,0.0,0.0,0.0,0,,False,False
1347030940,yes,1537659.0,5198712.0,0.0,0.0,0.0,0,,False,False
1347030941,yes,1537624.0,5198708.0,0.0,0.0,0.0,0,,False,False
1347030942,yes,1537606.0,5198734.0,0.0,0.0,0.0,0,,False,False
1347030943,yes,1537624.0,5198766.0,0.0,0.0,0.0,0,,False,False
1347030944,yes,1537641.0,5198705.0,0.0,0.0,0.0,0,,False,False
1347030945,yes,1537596.0,5198711.0,0.0,0.0,0.0,0,,False,False
1347030946,yes,1537570.0,5198668.0,0.0,0.0,0.0,0,,False,False
1347030947,yes,1537518.0,5198661.0,0.0,0.0,0.0,0,,False,False
1347030948,yes,1537900.0,5198478.0,0.0,0.0,0.0,0,,False,False
1347030949,yes,1537891.0,5198473.0,0.0,0.0,0.0,0,,False,False
1347030950,yes,1537869.0,5198500.0,0.0,0.0,0.0,0,,False,False
1347030951,yes,1537897.0,5198453.0,0.0,0.0,0.0,0,,False,False
1347030952,yes,1537898.0,5198494.0,0.0,0.0,0.0,0,,False,False
1347030953,yes,1537782.0,5199102.0,0.0,0.0,0.0,0,,False,False
1347030954,yes,1538899.0,5198289.0,0.0,0.0,0.0,0,,False,False
1347030955,yes,1538869.0,5198337.0,0.0,0.0,0.0,0,,False,False
1347030956,yes,1538868.0,5198409.0,0.0,0.0,0.0,0,,False,False
1347030957,yes,1538878.0,5198378.0,0.0,0.0,0.0,0,,False,False
1347030958,yes,1538917.0,5198376.0,0.0,0.0,0.0,0,,False,False
1347030959,yes,1538901.0,5198422.0,0.0,0.0,0.0,0,,False,False
1347030960,yes,1538897.0,5198431.0,0.0,0.0,0.0,0,,False,False
1347030961,yes,1538912.0,5198439.0,0.0,0.0,0.0,0,,False,False
1347030962,yes,1538922.0,5198448.0,0.0,0.0,0.0,0,,False,False
1347030963,yes,1538926.0,5198398.0,0.0,0.0,0.0,0,,False,False
1468790303,yes,1537369.0,5202302.0,0.0,0.0,0.0,0,,False,False
1468790304,yes,1537343.0,5202265.0,0.0,0.0,0.0,0,,False,False
1468790305,yes,1537407.0,5202234.0,0.0,0.0,0.0,0,,False,False
1468790306,yes,1537400.0,5202222.0,0.0,0.0,0.0,0,,False,False
1468790307,house,1537421.0,5202226.0,0.0,0.0,0.0,0,,False,False
1468790309,house,1537647.0,5202137.0,0.0,0.0,0.0,0,,False,False
1468790310,yes,1537620.0,5202097.0,0.0,0.0,0.0,0,,False,False
1468790311,yes,1537593.0,5202072.0,0.0,0.0,0.0,0,,False,False
1468790312,yes,1537603.0,5202065.0,0.0,0.0,0.0,0,,False,False
1468790313,yes,1537608.0,5202062.0,0.0,0.0,0.0,0,,False,False
1482888585,yes,1537624.0,5199945.0,0.0,0.0,0.0,0,,False,False
1482888586,yes,1537583.0,5199948.0,0.0,0.0,0.0,0,,False,False
1482888587,yes,1537514.0,5199939.0,0.0,0.0,0.0,0,,False,False
1482888588,yes,1537555.0,5199988.0,0.0,0.0,0.0,0,,False,False
1482888589,yes,1537573.0,5199967.0,0.0,0.0,0.0,0,,False,False
1482888590,yes,1537573.0,5199980.0,0.0,0.0,0.0,0,,False,False
1482888591,yes,1537602.0,5199980.0,0.0,0.0,0.0,0,,False,False
1483455438,yes,1537435.0,5201593.0,0.0,0.0,0.0,0,,False,False
1483455439,yes,1537433.0,5201551.0,0.0,0.0,0.0,0,,False,False
1483455441,yes,1537961.0,5201258.0,0.0,0.0,0.0,0,,False,False
1483455442,yes,1537986.0,5201297.0,0.0,0.0,0.0,0,,False,False
1483455443,yes,1537993.0,5201306.0,0.0,0.0,0.0,0,,False,False
1483455444,yes,1537959.0,5201315.0,0.0,0.0,0.0,0,,False,False
1483455446,yes,1537913.0,5201171.0,0.0,0.0,0.0,0,,False,False
1483455447,yes,1537907.0,5201177.0,0.0,0.0,0.0,0,,False,False
1483455448,yes,1537939.0,5201278.0,0.0,0.0,0.0,0,,False,False
1483842080,yes,1535535.0,5202463.0,0.0,0.0,0.0,0,,False,False
1483842087,yes,1536059.0,5202119.0,0.0,0.0,0.0,0,,False,False
1483842088,yes,1536056.0,5202099.0,0.0,0.0,0.0,0,,False,False
885340769,yes,1541344.0,5189260.0,0.0,0.0,0.0,0,,False,False
1316588645,yes,1539997.0,5191945.0,0.0,0.0,0.0,0,,False,False
1316588646,yes,1539918.0,5191947.0,0.0,0.0,0.0,0,,False,False
1316588647,yes,1539932.0,5191911.0,0.0,0.0,0.0,0,,False,False
1316588648,yes,1539997.0,5191903.0,0.0,0.0,0.0,0,,False,False
1316588649,yes,1540055.0,5191889.0,0.0,0.0,0.0,0,,False,False
1316588650,yes,1540199.0,5191912.0,0.0,0.0,0.0,0,,False,False
1316588651,yes,1540185.0,5191790.0,0.0,0.0,0.0,0,,False,False
1316588652,yes,1540178.0,5191779.0,0.0,0.0,0.0,0,,False,False
1316588653,yes,1540133.0,5191779.0,0.0,0.0,0.0,0,,False,False
1316588654,yes,1540095.0,5191748.0,0.0,0.0,0.0,0,,False,False
1316588655,yes,1540100.0,5191719.0,0.0,0.0,0.0,0,,False,False
1316588656,yes,1540003.0,5191731.0,0.0,0.0,0.0,0,,False,False
1316588657,yes,1539979.0,5191722.0,0.0,0.0,0.0,0,,False,False
1316588658,yes,1539956.0,5191831.0,0.0,0.0,0.0,0,,False,False
1316588659,yes,1539872.0,5191773.0,0.0,0.0,0.0,0,,False,False
1316588660,yes,1539849.0,5191763.0,0.0,0.0,0.0,0,,False,False
1316588661,yes,1539737.0,5191804.0,0.0,0.0,0.0,0,,False,False
1316588662,yes,1539707.0,5191801.0,0.0,0.0,0.0,0,,False,False
1316588663,yes,1539661.0,5191914.0,0.0,0.0,0.0,0,,False,False
1316588664,yes,1540086.0,5191699.0,0.0,0.0,0.0,0,,False,False
1316588665,yes,1540196.0,5191655.0,0.0,0.0,0.0,0,,False,False
1316588666,yes,1540433.0,5191670.0,0.0,0.0,0.0,0,,False,False
1316588667,yes,1540323.0,5191521.0,0.0,0.0,0.0,0,,False,False
1316588668,yes,1540570.0,5191657.0,0.0,0.0,0.0,0,,False,False
1316581603,yes,1543035.0,5195574.0,0.21,0.69,0.15,1,2.47,False,False
1316581604,yes,1543064.0,5195566.0,0.2,0.67,0.14,1,2.49,False,False
1316581606,yes,1542828.0,5195674.0,0.25,0.74,0.18,1,2.38,False,False
1316581607,yes,1542815.0,5195652.0,0.25,0.74,0.19,1,2.39,False,False
1316581608,yes,1542828.0,5195635.0,0.24,0.71,0.17,1,2.4,False,False
1316581609,yes,1542747.0,5195626.0,0.28,0.79,0.22,1,2.37,False,False
1316581610,yes,1542639.0,5195573.0,0.25,0.76,0.19,1,2.36,False,False
1316581611,yes,1542618.0,5195529.0,0.21,0.68,0.14,1,2.38,False,False
1316581612,yes,1542504.0,5195635.0,0.32,0.89,0.28,2,2.3,False,False
1316581613,yes,1542455.0,5195667.0,0.34,0.91,0.31,2,2.3,False,False
1316581614,yes,1542448.0,5195653.0,0.34,0.9,0.3,2,2.3,False,False
1316581615,yes,1542441.0,5195639.0,0.33,0.89,0.29,2,2.3,False,False
1316581616,yes,1542424.0,5195648.0,0.34,0.9,0.3,2,2.3,False,False
1316581617,yes,1542269.0,5195747.0,0.31,0.85,0.26,2,2.23,False,False
1316581618,yes,1542257.0,5195759.0,0.3,0.83,0.25,1,2.23,False,False
1316581619,yes,1542378.0,5195502.0,0.15,0.59,0.09,1,2.37,False,False
1316581620,yes,1542362.0,5195505.0,0.16,0.6,0.09,1,2.36,False,False
1316581621,yes,1542362.0,5195461.0,0.17,0.65,0.11,1,2.37,False,False
1316581622,yes,1542383.0,5195452.0,0.17,0.65,0.11,1,2.37,False,False
1316581623,yes,1542579.0,5195413.0,0.13,0.53,0.07,1,,False,False
1316581624,yes,1542572.0,5195441.0,0.12,0.5,0.06,1,,False,False
1316581625,yes,1542558.0,5195439.0,0.13,0.52,0.07,1,,False,False
1316581626,yes,1542554.0,5195297.0,0.17,0.62,0.11,1,2.46,False,False
1316581627,yes,1542412.0,5195147.0,0.14,0.54,0.08,1,2.47,False,False
1316581628,yes,1542711.0,5195236.0,0.18,0.59,0.1,1,2.53,False,False
1316581629,yes,1542707.0,5195209.0,0.19,0.6,0.11,1,2.53,False,False
1316581630,yes,1542632.0,5195219.0,0.17,0.59,0.1,1,2.5,False,False
1316581631,yes,1542559.0,5195257.0,0.17,0.6,0.1,1,2.48,False,False
1316581632,yes,1542506.0,5195060.0,0.0,0.33,0.05,0,,False,False
1316581633,yes,1542497.0,5195036.0,0.14,0.52,0.08,1,,False,False
1316581634,yes,1542506.0,5195021.0,0.16,0.56,0.09,1,2.42,False,False
1316581635,yes,1542516.0,5195020.0,0.17,0.58,0.1,1,2.38,False,False
1316581636,yes,1542471.0,5195036.0,0.16,0.56,0.09,1,,False,False
1316581637,yes,1542488.0,5195006.0,0.22,0.66,0.15,1,2.27,False,False
1316581638,yes,1542645.0,5195006.0,0.17,0.52,0.09,1,2.26,False,False
1316581639,yes,1542622.0,5194969.0,0.23,0.67,0.15,1,2.11,False,False
1316581640,yes,1542772.0,5195040.0,0.0,0.0,0.0,0,,False,False
1316581641,yes,1542811.0,5195027.0,0.0,0.01,0.0,0,,False,False
1316581642,yes,1542850.0,5195043.0,0.0,0.09,0.01,0,,False,False
1316581643,yes,1543007.0,5194852.0,0.45,1.1,0.5,2,2.1,False,False
1316581644,yes,1543034.0,5194910.0,0.35,0.96,0.34,2,2.12,False,False
1316581645,yes,1543076.0,5194866.0,0.48,1.13,0.54,2,2.13,False,False
1316588609,yes,1542094.0,5194719.0,0.7,1.48,1.04,5,1.9,True,True
1316588610,yes,1542074.0,5194728.0,0.71,1.48,1.05,5,1.89,True,True
1316588611,yes,1542089.0,5194697.0,0.69,1.48,1.02,5,1.9,True,True
1316588612,yes,1542067.0,5194704.0,0.7,1.47,1.03,5,1.89,True,True
1316588613,yes,1542042.0,5194709.0,0.71,1.45,1.02,5,1.88,True,True
1316588614,yes,1542017.0,5194711.0,0.72,1.43,1.02,5,1.87,True,True
1316588615,yes,1541993.0,5194688.0,0.73,1.43,1.05,5,1.87,True,True
1316588616,yes,1542055.0,5194653.0,0.69,1.47,1.01,5,1.89,True,True
1316588617,yes,1542322.0,5194785.0,0.73,1.47,1.07,5,1.93,True,True
1316588618,yes,1542289.0,5194829.0,0.73,1.43,1.05,5,1.93,True,True
1316588619,yes,1542273.0,5194799.0,0.74,1.46,1.08,5,1.93,True,True
1316588620,yes,1542285.0,5194813.0,0.73,1.44,1.06,5,1.93,True,True
1316588621,yes,1542317.0,5194766.0,0.74,1.47,1.08,5,1.93,True,True
1316588622,yes,1542309.0,5194771.0,0.74,1.47,1.08,5,1.93,True,True
1316588623,yes,1542300.0,5194776.0,0.74,1.47,1.08,5,1.93,True,True
1316588624,yes,1541800.0,5194916.0,0.5,1.27,0.64,4,1.87,True,True
1316588625,yes,1541863.0,5194946.0,0.41,1.19,0.5,2,1.9,False,False
1316588626,yes,1541852.0,5194955.0,0.39,1.11,0.44,2,1.91,False,False
1316588627,yes,1541844.0,5194954.0,0.39,1.1,0.43,2,1.91,False,False
1316588628,yes,1541694.0,5195048.0,0.37,0.96,0.36,2,1.93,False,False
1316588629,yes,1541654.0,5195015.0,0.41,1.04,0.43,2,1.9,False,False
1316588630,yes,1541693.0,5194983.0,0.49,1.06,0.52,2,1.87,False,False
1316588631,yes,1541691.0,5194966.0,0.51,1.08,0.55,3,1.86,True,True
1316588632,yes,1541615.0,5194947.0,0.47,1.14,0.53,2,1.83,False,False
1316588633,yes,1541659.0,5195056.0,0.33,0.95,0.32,2,1.96,False,False
1316588634,yes,1541553.0,5195054.0,0.35,0.93,0.33,2,1.92,False,False
1316588635,yes,1541546.0,5194922.0,0.45,1.23,0.56,2,1.82,False,False
1316588636,yes,1541580.0,5194834.0,0.58,1.34,0.77,4,1.81,True,True
1316588637,yes,1541580.0,5194821.0,0.58,1.35,0.79,4,1.8,True,True
1316588638,yes,1541563.0,5194795.0,0.62,1.39,0.86,4,1.8,True,True
1316588639,yes,1541629.0,5194763.0,0.63,1.42,0.9,4,1.8,True,True
1316588640,yes,1541702.0,5194121.0,0.27,0.82,0.22,1,1.89,False,False
1316588641,yes,1541665.0,5194055.0,0.28,0.86,0.24,1,1.9,False,False
1316588642,yes,1541628.0,5193989.0,0.3,0.88,0.27,2,1.87,False,False
1316588643,yes,1541584.0,5193926.0,0.38,0.99,0.38,2,1.87,False,False
1316588644,yes,1541454.0,5193467.0,0.97,1.63,1.58,5,1.9,True,True
1316595254,yes,1542990.0,5196202.0,0.31,0.88,0.28,2,2.43,False,False
1316595255,yes,1542948.0,5196237.0,0.32,0.87,0.28,2,2.42,False,False
1316595256,yes,1542950.0,5196221.0,0.34,0.89,0.3,2,2.42,False,False
1316595257,yes,1542938.0,5196223.0,0.34,0.89,0.31,2,2.41,False,False
1316595258,yes,1542951.0,5196205.0,0.33,0.89,0.3,2,2.41,False,False
1316595259,yes,1542878.0,5196026.0,0.14,0.56,0.08,1,,False,False
1316595260,yes,1542879.0,5196041.0,0.15,0.58,0.09,1,,False,False
1316595261,yes,1542776.0,5196012.0,0.0,0.21,0.03,0,,False,False
1316595262,yes,1542779.0,5196023.0,0.0,0.31,0.04,0,,False,False
1316595263,yes,1542789.0,5195923.0,0.14,0.58,0.08,1,,False,False
1316595264,yes,1542794.0,5195878.0,0.25,0.77,0.2,1,2.37,False,False
1316595265,yes,1542772.0,5195888.0,0.22,0.72,0.17,1,2.37,False,False
1316595266,yes,1542781.0,5195882.0,0.22,0.73,0.17,1,2.37,False,False
1316595267,yes,1542654.0,5195963.0,0.0,0.03,0.0,0,,False,False
1316595268,yes,1542652.0,5195947.0,0.0,0.2,0.03,0,,False,False
1316595269,yes,1542621.0,5195996.0,0.0,0.04,0.0,0,,False,False
1316595270,yes,1542537.0,5195993.0,0.0,0.05,0.01,0,,False,False
1316595271,yes,1542433.0,5196014.0,0.0,0.02,0.0,0,,False,False
1316595272,yes,1542414.0,5195972.0,0.0,0.46,0.05,0,,False,False
1316595273,yes,1542701.0,5195833.0,0.26,0.81,0.21,1,2.33,False,False
1316595274,yes,1542729.0,5195819.0,0.29,0.84,0.24,1,2.33,False,False
1316595275,yes,1542731.0,5195804.0,0.3,0.85,0.25,1,2.34,False,False
1316595276,yes,1542756.0,5195802.0,0.3,0.86,0.26,2,2.35,False,False
1316595277,yes,1542778.0,5195911.0,0.15,0.61,0.1,1,2.39,False,False
1316595278,yes,1542923.0,5195391.0,0.18,0.64,0.12,1,2.5,False,False
1316595279,yes,1542907.0,5195405.0,0.19,0.64,0.12,1,2.49,False,False
1316595280,yes,1542365.0,5195972.0,0.15,0.6,0.09,1,,False,False
1316595281,yes,1542374.0,5195996.0,0.11,0.5,0.06,1,,False,False
1316595282,yes,1542322.0,5196033.0,0.16,0.6,0.1,1,2.23,False,False
1316595283,yes,1542295.0,5196001.0,0.2,0.71,0.15,1,2.19,False,False
1316595284,yes,1542304.0,5195988.0,0.22,0.74,0.16,1,2.19,False,False
1316595285,yes,1542262.0,5195986.0,0.25,0.81,0.2,1,2.17,False,False
1316595286,yes,1542049.0,5196102.0,0.32,0.87,0.28,2,2.1,False,False
1316595287,yes,1542071.0,5196091.0,0.31,0.85,0.27,2,2.1,False,False
1316595288,yes,1542490.0,5196227.0,0.24,0.76,0.18,1,2.26,False,False
1316595289,yes,1542509.0,5196253.0,0.18,0.64,0.12,1,2.29,False,False
1316595290,yes,1542499.0,5196263.0,0.17,0.62,0.11,1,2.29,False,False
1316595291,yes,1542434.0,5196302.0,0.19,0.66,0.13,1,2.27,False,False
1316595292,yes,1542383.0,5196299.0,0.22,0.69,0.16,1,2.25,False,False
1316595293,yes,1542422.0,5196284.0,0.2,0.68,0.14,1,2.26,False,False
1316595294,yes,1542393.0,5196266.0,0.23,0.71,0.16,1,2.24,False,False
1316595295,yes,1542442.0,5196397.0,0.17,0.6,0.11,1,2.29,False,False
1316595296,yes,1542542.0,5196369.0,0.18,0.64,0.11,1,2.33,False,False
1316595297,yes,1542561.0,5196345.0,0.17,0.64,0.11,1,2.34,False,False
1316595298,yes,1542566.0,5196390.0,0.21,0.7,0.15,1,2.33,False,False
1316595299,yes,1542586.0,5196392.0,0.24,0.75,0.18,1,2.33,False,False
1316595300,yes,1542602.0,5196416.0,0.27,0.8,0.22,1,2.33,False,False
1316595301,yes,1542768.0,5196246.0,0.24,0.69,0.17,1,2.37,False,False
1316595302,yes,1542734.0,5196171.0,0.22,0.71,0.16,1,2.34,False,False
1316595303,yes,1542733.0,5196145.0,0.24,0.74,0.18,1,2.34,False,False
1316595304,yes,1542686.0,5196139.0,0.23,0.74,0.17,1,2.31,False,False
1316595305,yes,1542690.0,5196155.0,0.24,0.74,0.18,1,2.32,False,False
1316595311,yes,1542978.0,5196648.0,0.43,0.91,0.4,2,2.43,False,False
1316595312,yes,1542960.0,5196629.0,0.42,0.92,0.39,2,2.43,False,False
1316595316,yes,1542787.0,5196809.0,0.19,0.67,0.13,1,,False,False
1316595317,yes,1542777.0,5196807.0,0.21,0.68,0.14,1,,False,False
1316595318,yes,1542780.0,5196751.0,0.31,0.79,0.25,2,,False,False
1316595319,yes,1542735.0,5196794.0,0.29,0.76,0.22,1,,False,False
1316595320,yes,1542701.0,5196868.0,0.0,0.08,0.02,0,,False,False
1316595321,yes,1542642.0,5196885.0,0.0,0.39,0.04,0,,False,False
1316595322,yes,1542575.0,5196645.0,0.25,0.77,0.19,1,2.33,False,False
1316595323,yes,1542572.0,5196618.0,0.27,0.79,0.21,1,2.32,False,False
1316595324,yes,1542545.0,5196601.0,0.3,0.83,0.25,1,2.3,False,False
1316595325,yes,1542566.0,5196602.0,0.28,0.81,0.23,1,2.31,False,False
1316595326,yes,1542713.0,5196628.0,0.25,0.76,0.19,1,2.37,False,False
1316595327,yes,1542732.0,5196638.0,0.27,0.76,0.2,1,2.38,False,False
1316595328,yes,1542746.0,5196635.0,0.27,0.76,0.21,1,2.39,False,False
1316595329,yes,1542766.0,5196635.0,0.28,0.76,0.21,1,2.39,False,False
1316595330,yes,1542751.0,5196616.0,0.28,0.77,0.22,1,2.38,False,False
1316595331,yes,1542916.0,5196562.0,0.33,0.86,0.29,2,2.41,False,False
1316595332,yes,1542893.0,5196568.0,0.3,0.83,0.25,2,2.4,False,False
1316595333,yes,1542590.0,5196404.0,0.26,0.77,0.2,1,2.33,False,False
1316595334,yes,1542279.0,5196452.0,0.16,0.57,0.09,1,2.26,False,False
1316595335,yes,1542308.0,5196476.0,0.18,0.62,0.11,1,2.27,False,False
1316595336,yes,1542296.0,5196427.0,0.18,0.63,0.12,1,2.25,False,False
1316595337,yes,1542104.0,5196517.0,0.12,0.5,0.06,1,,False,False
1316595338,yes,1542077.0,5196522.0,0.13,0.52,0.07,1,,False,False
1316595339,yes,1541967.0,5196610.0,0.15,0.59,0.09,1,2.16,False,False
1316595340,yes,1541987.0,5196634.0,0.19,0.67,0.13,1,2.16,False,False
1316595341,yes,1541996.0,5196419.0,0.15,0.59,0.09,1,2.19,False,False
1316595342,yes,1541947.0,5196415.0,0.16,0.6,0.1,1,2.16,False,False
1316595343,yes,1541893.0,5196117.0,0.35,0.96,0.34,2,2.07,False,False
1316595344,yes,1541862.0,5196113.0,0.36,0.96,0.35,2,2.06,False,False
1316595345,yes,1541881.0,5196103.0,0.35,0.96,0.34,2,2.06,False,False
1316595346,yes,1541591.0,5196301.0,0.19,0.68,0.14,1,2.02,False,False
1316595347,yes,1541572.0,5196282.0,0.23,0.76,0.18,1,2.01,False,False
1316595348,yes,1541594.0,5196271.0,0.23,0.77,0.18,1,2.01,False,False
1316595349,yes,1541428.0,5196371.0,0.25,0.78,0.19,1,1.96,False,False
1316595350,yes,1541341.0,5196353.0,0.23,0.77,0.18,1,1.93,False,False
1316595351,yes,1541354.0,5196323.0,0.21,0.75,0.16,1,1.93,False,False
1316595352,yes,1541371.0,5196247.0,0.28,0.92,0.26,1,1.92,False,False
1316595353,yes,1541253.0,5196431.0,0.31,0.8,0.25,2,1.89,False,False
1316595354,yes,1541416.0,5196367.0,0.25,0.79,0.19,1,1.95,False,False
1316595355,yes,1541235.0,5196494.0,0.28,0.79,0.22,1,1.9,False,False
1316595356,yes,1541258.0,5196486.0,0.29,0.79,0.23,1,1.9,False,False
1316595357,yes,1541281.0,5196164.0,0.41,1.0,0.41,2,1.88,False,False
1316595358,yes,1541256.0,5196179.0,0.41,0.98,0.4,2,1.87,False,False
1316595359,yes,1541268.0,5196149.0,0.39,0.96,0.38,2,1.87,False,False
1316595360,yes,1541246.0,5196205.0,0.39,0.94,0.37,2,1.88,False,False
1316595361,yes,1541291.0,5196095.0,0.33,0.91,0.3,2,1.88,False,False
1316597382,yes,1540056.0,5196149.0,0.1,0.39,0.06,1,,False,False
1316597383,yes,1540029.0,5196188.0,0.14,0.41,0.08,1,,False,False
1316597384,yes,1540026.0,5196440.0,0.44,1.09,0.49,2,1.52,False,False
1316597385,yes,1540032.0,5196427.0,0.5,1.14,0.57,2,1.51,True,False
1316597386,yes,1539976.0,5196411.0,0.54,1.25,0.67,4,1.5,True,True
1316597387,yes,1540167.0,5196515.0,0.33,1.06,0.35,2,1.59,False,False
1316597388,yes,1540160.0,5196492.0,0.34,1.02,0.34,2,1.58,False,False
1316597389,yes,1539305.0,5196391.0,0.24,0.72,0.18,1,1.44,False,False
1316597390,yes,1539353.0,5196383.0,0.26,0.76,0.21,1,1.43,False,False
1316597391,yes,1539377.0,5196298.0,0.21,0.7,0.15,1,1.48,False,False
1316597392,yes,1539301.0,5196210.0,0.16,0.58,0.09,1,1.48,False,False
1316597393,yes,1539307.0,5196198.0,0.16,0.58,0.1,1,1.48,False,False
1316597394,yes,1539465.0,5196327.0,0.25,0.73,0.18,1,1.48,False,False
1316597395,yes,1539438.0,5196335.0,0.24,0.72,0.17,1,1.47,False,False
1316597396,yes,1540254.0,5197467.0,0.0,0.0,0.0,0,,False,False
1316597397,yes,1540196.0,5197472.0,0.0,0.0,0.0,0,,False,False
1316597398,yes,1540316.0,5197404.0,0.0,0.0,0.0,0,,False,False
1316597399,yes,1540209.0,5197559.0,0.0,0.0,0.0,0,,False,False
1316597400,yes,1540187.0,5197529.0,0.0,0.0,0.0,0,,False,False
1316597401,yes,1540166.0,5197575.0,0.0,0.0,0.0,0,,False,False
1316597402,yes,1540156.0,5197587.0,0.0,0.0,0.0,0,,False,False
1316597403,yes,1540824.0,5197914.0,0.0,0.0,0.0,0,,False,False
1316597404,yes,1540844.0,5197918.0,0.0,0.0,0.0,0,,False,False
1316597405,yes,1540824.0,5197891.0,0.0,0.0,0.0,0,,False,False
1316597406,yes,1540655.0,5197941.0,0.0,0.0,0.0,0,,False,False
1316597424,yes,1540626.0,5197954.0,0.0,0.0,0.0,0,,False,False
1316597426,yes,1540565.0,5197943.0,0.0,0.0,0.0,0,,False,False
1347030966,yes,1541545.0,5197949.0,0.0,0.0,0.0,0,,False,False
1347030967,yes,1541531.0,5197943.0,0.0,0.0,0.0,0,,False,False
1347030969,detached,1542207.0,5197882.0,0.0,0.0,0.0,0,,False,False
1347030970,detached,1542035.0,5197915.0,0.0,0.0,0.0,0,,False,False
1347030971,garage,1542019.0,5197900.0,0.0,0.0,0.0,0,,False,False
1347030972,yes,1541979.0,5197888.0,0.0,0.0,0.0,0,,False,False
1347030973,yes,1542229.0,5197710.0,0.0,0.0,0.0,0,,False,False
1347030974,yes,1542248.0,5197707.0,0.0,0.0,0.0,0,,False,False
1347030975,detached,1541924.0,5197686.0,0.0,0.0,0.0,0,,False,False
1347030976,yes,1541924.0,5197655.0,0.0,0.0,0.0,0,,False,False
1347030977,yes,1541905.0,5197556.0,0.0,0.0,0.0,0,,False,False
1347030978,detached,1541857.0,5197533.0,0.0,0.0,0.0,0,,False,False
1347030979,yes,1542077.0,5197464.0,0.0,0.0,0.0,0,,False,False
1347030980,detached,1542088.0,5197409.0,0.0,0.0,0.0,0,,False,False
1347030981,garage,1542088.0,5197396.0,0.0,0.0,0.0,0,,False,False
1347030982,garage,1542065.0,5197403.0,0.0,0.0,0.0,0,,False,False
1347030983,yes,1542098.0,5197378.0,0.0,0.0,0.0,0,,False,False
1347030984,yes,1542020.0,5197309.0,0.0,0.33,0.04,0,,False,False
1347030985,yes,1541987.0,5197325.0,0.0,0.2,0.02,0,,False,False
1347030986,yes,1542013.0,5197332.0,0.0,0.15,0.02,0,,False,False
1347030987,yes,1542124.0,5197251.0,0.0,0.07,0.01,0,,False,False
1347030988,yes,1542154.0,5197298.0,0.0,0.0,0.0,0,,False,False
1347030989,yes,1542192.0,5197352.0,0.0,0.0,0.0,0,,False,False
1347030990,yes,1542167.0,5197350.0,0.0,0.0,0.0,0,,False,False
1347030991,yes,1542227.0,5197331.0,0.0,0.0,0.0,0,,False,False
1347030992,yes,1542319.0,5197295.0,0.0,0.0,0.0,0,,False,False
1347030993,yes,1542338.0,5197270.0,0.0,0.0,0.0,0,,False,False
1347030994,yes,1542328.0,5197264.0,0.0,0.0,0.0,0,,False,False
1347030995,yes,1542369.0,5197259.0,0.0,0.0,0.0,0,,False,False
1347030996,yes,1542368.0,5197240.0,0.0,0.0,0.0,0,,False,False
1347030997,yes,1542383.0,5197229.0,0.0,0.0,0.0,0,,False,False
1347030998,yes,1542377.0,5197403.0,0.0,0.0,0.0,0,,False,False
1347030999,yes,1542381.0,5197421.0,0.0,0.0,0.0,0,,False,False
1347031000,detached,1542326.0,5197459.0,0.0,0.0,0.0,0,,False,False
1347031001,yes,1542308.0,5197491.0,0.0,0.0,0.0,0,,False,False
1347031002,yes,1542298.0,5197588.0,0.0,0.0,0.0,0,,False,False
1347031003,yes,1542281.0,5197585.0,0.0,0.0,0.0,0,,False,False
1347031004,detached,1542119.0,5197596.0,0.0,0.0,0.0,0,,False,False
1347031005,yes,1542112.0,5197577.0,0.0,0.0,0.0,0,,False,False
1347031006,detached,1542477.0,5197677.0,0.0,0.0,0.0,0,,False,False
1347031007,yes,1542490.0,5197656.0,0.0,0.0,0.0,0,,False,False
1347031008,yes,1542514.0,5197640.0,0.0,0.0,0.0,0,,False,False
1347031009,detached,1542704.0,5197261.0,0.0,0.0,0.0,0,,False,False
1347031010,yes,1542635.0,5197279.0,0.0,0.0,0.0,0,,False,False
1347031011,detached,1542790.0,5197350.0,0.0,0.0,0.0,0,,False,False
1347031012,yes,1542764.0,5197396.0,0.0,0.0,0.0,0,,False,False
1347031013,yes,1542773.0,5197394.0,0.0,0.0,0.0,0,,False,False
1347031014,detached,1542821.0,5197407.0,0.0,0.0,0.0,0,,False,False
1347031015,garage,1542834.0,5197393.0,0.0,0.0,0.0,0,,False,False
1347031016,detached,1542911.0,5197327.0,0.0,0.0,0.0,0,,False,False
1347031017,garage,1542935.0,5197348.0,0.0,0.0,0.0,0,,False,False
1347031018,yes,1542952.0,5197326.0,0.0,0.0,0.0,0,,False,False
1347031019,detached,1542421.0,5196980.0,0.21,0.65,0.13,1,,False,False
1347031020,yes,1542463.0,5196938.0,0.22,0.63,0.14,1,,False,False
1347031021,yes,1542443.0,5196944.0,0.22,0.66,0.15,1,,False,False
1347033693,detached,1542198.0,5197038.0,0.0,0.25,0.03,0,,False,False
1347033694,garage,1542193.0,5197027.0,0.0,0.3,0.04,0,,False,False
1347033695,yes,1542180.0,5197009.0,0.0,0.27,0.03,0,,False,False
1347033696,detached,1541899.0,5197025.0,0.13,0.41,0.09,1,,False,False
1347033697,yes,1541906.0,5197057.0,0.0,0.11,0.02,0,,False,False
1347033698,yes,1541923.0,5197029.0,0.14,0.44,0.08,1,,False,False
1347033699,yes,1541982.0,5196980.0,0.27,0.68,0.18,1,2.19,False,False
1347033700,detached,1541669.0,5197193.0,0.0,0.0,0.0,0,,False,False
1347033701,yes,1541596.0,5197160.0,0.0,0.0,0.0,0,,False,False
1347033702,yes,1541624.0,5197150.0,0.0,0.0,0.0,0,,False,False
1347033703,yes,1541640.0,5197147.0,0.0,0.0,0.0,0,,False,False
1347033704,detached,1541797.0,5197398.0,0.0,0.1,0.01,0,,False,False
1347033705,yes,1541794.0,5197367.0,0.0,0.33,0.04,0,,False,False
1347033706,yes,1541786.0,5197375.0,0.0,0.25,0.03,0,,False,False
1347033707,yes,1541793.0,5197349.0,0.11,0.39,0.04,1,,False,False
1347033708,detached,1541606.0,5197409.0,0.0,0.0,0.0,0,,False,False
1347033709,garage,1541623.0,5197396.0,0.0,0.0,0.0,0,,False,False
1347033710,yes,1541491.0,5197433.0,0.0,0.0,0.0,0,,False,False
1347033711,yes,1541438.0,5197459.0,0.0,0.0,0.0,0,,False,False
1347033712,yes,1541807.0,5196784.0,0.26,0.75,0.19,1,2.09,False,False
1347033713,yes,1541909.0,5196745.0,0.3,0.79,0.23,1,2.11,False,False
1347033714,yes,1541981.0,5196712.0,0.3,0.8,0.24,1,2.15,False,False
1347033715,yes,1542013.0,5196719.0,0.31,0.82,0.26,2,2.16,False,False
1347033716,yes,1541943.0,5196725.0,0.28,0.78,0.22,1,2.13,False,False
1347033724,detached,1542663.0,5196926.0,0.0,0.04,0.0,0,,False,False
1347033725,yes,1542645.0,5196936.0,0.0,0.11,0.01,0,,False,False
1347033726,yes,1542649.0,5196913.0,0.0,0.23,0.02,0,,False,False
1347033727,detached,1542427.0,5196751.0,0.18,0.63,0.11,1,,False,False
1347033728,garage,1542422.0,5196722.0,0.24,0.74,0.18,1,2.3,False,False
1347033729,yes,1542411.0,5196710.0,0.29,0.82,0.24,1,2.27,False,False
1347033730,yes,1542232.0,5196796.0,0.22,0.74,0.16,1,2.26,False,False
1347033731,yes,1541317.0,5197224.0,0.0,0.0,0.0,0,,False,False
1468953817,yes,1542279.0,5193242.0,0.38,0.93,0.36,2,2.1,False,False
1468953818,yes,1542311.0,5193218.0,0.32,0.87,0.28,2,2.12,False,False
1468953819,yes,1542349.0,5193275.0,0.3,0.85,0.26,2,2.1,False,False
1468953828,yes,1540982.0,5193368.0,0.44,0.85,0.42,2,1.92,False,False
1163519082,yes,1540143.0,5199896.0,0.0,0.0,0.0,0,,False,False
1163519083,yes,1540060.0,5199898.0,0.0,0.0,0.0,0,,False,False
1163519084,yes,1540057.0,5199925.0,0.0,0.0,0.0,0,,False,False
1163519085,yes,1540106.0,5199936.0,0.0,0.0,0.0,0,,False,False
1163519086,yes,1540267.0,5199828.0,0.0,0.0,0.0,0,,False,False
1163519087,yes,1540269.0,5199816.0,0.0,0.0,0.0,0,,False,False
1163519088,yes,1540310.0,5199833.0,0.0,0.0,0.0,0,,False,False
1163519089,yes,1540306.0,5199819.0,0.0,0.0,0.0,0,,False,False
1163519090,yes,1540297.0,5199827.0,0.0,0.0,0.0,0,,False,False
1163519093,yes,1540379.0,5200010.0,0.0,0.0,0.0,0,,False,False
1163519096,yes,1540487.0,5199741.0,0.0,0.0,0.0,0,,False,False
1163519097,yes,1540105.0,5199750.0,0.0,0.0,0.0,0,,False,False
1163519098,yes,1540171.0,5199701.0,0.0,0.09,0.01,0,,False,False
1163519099,yes,1540188.0,5199736.0,0.0,0.0,0.0,0,,False,False
1163519100,yes,1540162.0,5199750.0,0.0,0.0,0.0,0,,False,False
1163519101,yes,1540150.0,5199766.0,0.0,0.0,0.0,0,,False,False
1163519104,yes,1540935.0,5199632.0,0.0,0.0,0.0,0,,False,False
1163519106,yes,1540960.0,5199609.0,0.0,0.0,0.0,0,,False,False
1163519107,yes,1541005.0,5199642.0,0.0,0.0,0.0,0,,False,False
1163519108,yes,1541140.0,5199555.0,0.0,0.0,0.0,0,,False,False
1163519109,yes,1541159.0,5199512.0,0.0,0.0,0.0,0,,False,False
1163519112,yes,1541214.0,5199522.0,0.0,0.0,0.0,0,,False,False
1163519113,yes,1541235.0,5199526.0,0.0,0.0,0.0,0,,False,False
1163519114,yes,1541253.0,5199530.0,0.0,0.0,0.0,0,,False,False
1163519115,yes,1541278.0,5199531.0,0.0,0.0,0.0,0,,False,False
1163519116,yes,1541265.0,5199527.0,0.0,0.0,0.0,0,,False,False
1163519118,yes,1541211.0,5199855.0,0.0,0.0,0.0,0,,False,False
1163519119,yes,1541236.0,5199830.0,0.0,0.0,0.0,0,,False,False
1163519120,yes,1541191.0,5199825.0,0.0,0.0,0.0,0,,False,False
1163519121,yes,1541263.0,5199845.0,0.0,0.0,0.0,0,,False,False
1163519123,yes,1541050.0,5199952.0,0.0,0.0,0.0,0,,False,False
1163519124,yes,1541040.0,5200003.0,0.0,0.0,0.0,0,,False,False
1163519127,yes,1540921.0,5200124.0,0.0,0.0,0.0,0,,False,False
1163519137,yes,1541825.0,5199584.0,0.0,0.0,0.0,0,,False,False
1163519138,yes,1541900.0,5199536.0,0.0,0.0,0.0,0,,False,False
1163519139,yes,1541916.0,5199513.0,0.0,0.0,0.0,0,,False,False
1163519144,yes,1542095.0,5199539.0,0.0,0.25,0.03,0,,False,False
1163519145,yes,1542107.0,5199516.0,0.0,0.22,0.02,0,,False,False
1163519147,yes,1542212.0,5199645.0,0.0,0.0,0.0,0,,False,False
1163519148,yes,1542192.0,5199602.0,0.0,0.18,0.02,0,,False,False
1163519149,yes,1542206.0,5199604.0,0.0,0.15,0.02,0,,False,False
1163519150,yes,1542233.0,5199634.0,0.0,0.0,0.0,0,,False,False
1163519152,yes,1542264.0,5199549.0,0.0,0.0,0.0,0,,False,False
1163519153,yes,1542128.0,5199320.0,0.0,0.0,0.0,0,,False,False
1163519154,yes,1542122.0,5199300.0,0.0,0.0,0.0,0,,False,False
1163519156,yes,1542328.0,5199160.0,0.0,0.0,0.0,0,,False,False
1163519157,yes,1542307.0,5199143.0,0.0,0.0,0.0,0,,False,False
1163519159,yes,1542584.0,5199049.0,0.0,0.0,0.0,0,,False,False
1163519163,yes,1542536.0,5199264.0,0.0,0.0,0.0,0,,False,False
1163519164,yes,1542527.0,5199268.0,0.0,0.0,0.0,0,,False,False
1316312882,yes,1539467.0,5203084.0,0.0,0.0,0.0,0,,False,False
1316580040,yes,1539323.0,5201820.0,0.0,0.0,0.0,0,,False,False
1316580041,yes,1539305.0,5201791.0,0.0,0.0,0.0,0,,False,False
1316580042,yes,1539333.0,5201730.0,0.0,0.0,0.0,0,,False,False
1316580043,yes,1539313.0,5201724.0,0.0,0.0,0.0,0,,False,False
1316580044,yes,1539118.0,5202001.0,0.0,0.0,0.0,0,,False,False
1316580045,yes,1539119.0,5201973.0,0.0,0.0,0.0,0,,False,False
1316580046,yes,1539137.0,5202000.0,0.0,0.0,0.0,0,,False,False
1316580047,yes,1540003.0,5201760.0,0.0,0.0,0.0,0,,False,False
1316580048,yes,1540016.0,5201770.0,0.0,0.0,0.0,0,,False,False
1316580049,yes,1540022.0,5201763.0,0.0,0.0,0.0,0,,False,False
1316580050,yes,1539958.0,5201765.0,0.0,0.0,0.0,0,,False,False
1316580051,yes,1540787.0,5201093.0,0.0,0.0,0.0,0,,False,False
1316580052,yes,1540708.0,5201150.0,0.0,0.0,0.0,0,,False,False
1316580053,yes,1540682.0,5201150.0,0.0,0.0,0.0,0,,False,False
1316580054,yes,1540672.0,5201128.0,0.0,0.0,0.0,0,,False,False
1316580055,yes,1540706.0,5201129.0,0.0,0.0,0.0,0,,False,False
1316580056,yes,1540700.0,5201120.0,0.0,0.0,0.0,0,,False,False
1316580057,yes,1540704.0,5201099.0,0.0,0.0,0.0,0,,False,False
1316580058,yes,1540658.0,5201110.0,0.0,0.0,0.0,0,,False,False
1316580059,yes,1540646.0,5201081.0,0.0,0.0,0.0,0,,False,False
1316580060,yes,1540657.0,5201062.0,0.0,0.0,0.0,0,,False,False
1316580061,yes,1540676.0,5201080.0,0.0,0.0,0.0,0,,False,False
1316580062,yes,1540709.0,5201067.0,0.0,0.0,0.0,0,,False,False
1316580063,yes,1540313.0,5200960.0,0.0,0.0,0.0,0,,False,False
1316580064,yes,1540329.0,5200942.0,0.0,0.0,0.0,0,,False,False
1316580065,yes,1540268.0,5200874.0,0.0,0.0,0.0,0,,False,False
1316580066,yes,1540266.0,5200858.0,0.0,0.0,0.0,0,,False,False
1316580067,yes,1540252.0,5200824.0,0.0,0.0,0.0,0,,False,False
1316580068,yes,1540366.0,5201282.0,0.0,0.0,0.0,0,,False,False
1316580069,yes,1540359.0,5201303.0,0.0,0.0,0.0,0,,False,False
1316580070,yes,1542010.0,5201234.0,0.0,0.0,0.0,0,,False,False
1316580071,yes,1541947.0,5201241.0,0.0,0.0,0.0,0,,False,False
1316580072,yes,1541997.0,5201221.0,0.0,0.0,0.0,0,,False,False
1316580073,yes,1541992.0,5201178.0,0.0,0.0,0.0,0,,False,False
1316580074,yes,1542028.0,5201160.0,0.0,0.0,0.0,0,,False,False
1316580075,yes,1542224.0,5201049.0,0.0,0.0,0.0,0,,False,False
1316580076,yes,1542218.0,5201028.0,0.0,0.0,0.0,0,,False,False
1316580077,yes,1542184.0,5201035.0,0.0,0.0,0.0,0,,False,False
1316580078,yes,1542182.0,5201019.0,0.0,0.0,0.0,0,,False,False
1316580079,yes,1542195.0,5201008.0,0.0,0.0,0.0,0,,False,False
1316580080,yes,1542214.0,5200995.0,0.0,0.0,0.0,0,,False,False
1316580081,yes,1542235.0,5200994.0,0.0,0.0,0.0,0,,False,False
1316580082,yes,1542049.0,5200600.0,0.0,0.0,0.0,0,,False,False
1316580083,yes,1542060.0,5200563.0,0.0,0.0,0.0,0,,False,False
1316580084,yes,1542032.0,5200570.0,0.0,0.0,0.0,0,,False,False
1316580085,yes,1541955.0,5200549.0,0.0,0.0,0.0,0,,False,False
1316580086,yes,1541964.0,5200529.0,0.0,0.0,0.0,0,,False,False
1316580087,yes,1542022.0,5200536.0,0.0,0.0,0.0,0,,False,False
1316580088,yes,1542070.0,5200499.0,0.0,0.0,0.0,0,,False,False
1316580089,yes,1542089.0,5200473.0,0.0,0.0,0.0,0,,False,False
1316580090,yes,1542115.0,5200486.0,0.0,0.0,0.0,0,,False,False
1316580091,yes,1541714.0,5200005.0,0.0,0.0,0.0,0,,False,False
1316580092,yes,1541696.0,5199960.0,0.0,0.0,0.0,0,,False,False
1316580093,yes,1541494.0,5199958.0,0.0,0.0,0.0,0,,False,False
1316580094,yes,1541512.0,5200008.0,0.0,0.0,0.0,0,,False,False
1316580095,yes,1542054.0,5199838.0,0.0,0.0,0.0,0,,False,False
1316580096,yes,1542008.0,5199832.0,0.0,0.0,0.0,0,,False,False
1316580097,yes,1542007.0,5199815.0,0.0,0.0,0.0,0,,False,False
1316580098,yes,1541813.0,5199559.0,0.0,0.0,0.0,0,,False,False
1316580099,yes,1542135.0,5199518.0,0.0,0.04,0.0,0,,False,False
1316580100,yes,1542120.0,5199533.0,0.0,0.13,0.01,0,,False,False
1316580101,yes,1542281.0,5199518.0,0.0,0.0,0.0,0,,False,False
1316580102,yes,1542284.0,5199543.0,0.0,0.0,0.0,0,,False,False
1316580103,yes,1542685.0,5199556.0,0.0,0.0,0.0,0,,False,False
1316580104,yes,1542669.0,5199546.0,0.0,0.0,0.0,0,,False,False
1316580105,yes,1542660.0,5199566.0,0.0,0.0,0.0,0,,False,False
1316580106,yes,1542622.0,5199555.0,0.0,0.0,0.0,0,,False,False
1316580107,yes,1542535.0,5199453.0,0.0,0.0,0.0,0,,False,False
1316580108,yes,1542493.0,5199439.0,0.0,0.01,0.0,0,,False,False
1316580109,yes,1542341.0,5199490.0,0.0,0.03,0.0,0,,False,False
1316580110,yes,1542288.0,5199438.0,0.0,0.0,0.0,0,,False,False
1316580111,yes,1542169.0,5199350.0,0.0,0.0,0.0,0,,False,False
1316580112,yes,1542175.0,5199332.0,0.0,0.0,0.0,0,,False,False
1316580113,yes,1542402.0,5199326.0,0.0,0.0,0.0,0,,False,False
1316580114,yes,1542599.0,5199275.0,0.0,0.0,0.0,0,,False,False
1316580115,yes,1542561.0,5199268.0,0.0,0.0,0.0,0,,False,False
1316580116,yes,1542554.0,5199255.0,0.0,0.0,0.0,0,,False,False
1316580117,yes,1542543.0,5199242.0,0.0,0.0,0.0,0,,False,False
1316580118,yes,1542149.0,5199328.0,0.0,0.0,0.0,0,,False,False
1316580119,yes,1542191.0,5199327.0,0.0,0.0,0.0,0,,False,False
1316580120,yes,1542343.0,5199131.0,0.0,0.0,0.0,0,,False,False
1316580121,yes,1542286.0,5199145.0,0.0,0.0,0.0,0,,False,False
1316580122,yes,1542626.0,5199038.0,0.0,0.0,0.0,0,,False,False
1316580123,yes,1542642.0,5199153.0,0.0,0.0,0.0,0,,False,False
1316580124,yes,1542575.0,5199205.0,0.0,0.0,0.0,0,,False,False
1316580125,yes,1542849.0,5198935.0,0.0,0.0,0.0,0,,False,False
1316580126,yes,1542842.0,5198858.0,0.12,0.13,0.02,1,,False,False
1316580127,yes,1542295.0,5198899.0,0.0,0.4,0.05,0,,False,False
1316580128,yes,1542284.0,5198881.0,0.12,0.5,0.06,1,,False,False
1316580129,yes,1542208.0,5198939.0,0.13,0.37,0.07,1,,False,False
1316580130,yes,1542239.0,5198918.0,0.15,0.47,0.08,1,,False,False
1316580132,yes,1542962.0,5198845.0,0.0,0.1,0.01,0,,False,False
1316597407,yes,1540664.0,5197978.0,0.0,0.0,0.0,0,,False,False
1316597408,yes,1540668.0,5197965.0,0.0,0.0,0.0,0,,False,False
1316597409,yes,1540441.0,5198047.0,0.0,0.0,0.0,0,,False,False
1316597410,yes,1540414.0,5198036.0,0.0,0.0,0.0,0,,False,False
1316597411,yes,1540706.0,5198056.0,0.0,0.0,0.0,0,,False,False
1316597412,yes,1540663.0,5198059.0,0.0,0.0,0.0,0,,False,False
1316597413,yes,1540809.0,5197986.0,0.0,0.0,0.0,0,,False,False
1316597414,yes,1540800.0,5197970.0,0.0,0.0,0.0,0,,False,False
1316597415,yes,1540849.0,5198097.0,0.0,0.0,0.0,0,,False,False
1316597416,yes,1540851.0,5198080.0,0.0,0.0,0.0,0,,False,False
1316597417,yes,1540887.0,5198113.0,0.0,0.0,0.0,0,,False,False
1316597418,yes,1540858.0,5198073.0,0.0,0.0,0.0,0,,False,False
1316597419,yes,1540723.0,5198094.0,0.0,0.0,0.0,0,,False,False
1316597420,yes,1540722.0,5198076.0,0.0,0.0,0.0,0,,False,False
1316597421,yes,1540655.0,5198066.0,0.0,0.0,0.0,0,,False,False
1316597422,yes,1540648.0,5198067.0,0.0,0.0,0.0,0,,False,False
1316597423,yes,1540594.0,5197997.0,0.0,0.0,0.0,0,,False,False
1316597425,yes,1540665.0,5197956.0,0.0,0.0,0.0,0,,False,False
1316597427,yes,1540639.0,5198125.0,0.0,0.0,0.0,0,,False,False
1316597428,yes,1540517.0,5198136.0,0.0,0.0,0.0,0,,False,False
1316597429,yes,1540733.0,5198130.0,0.0,0.0,0.0,0,,False,False
1316597430,yes,1540797.0,5198193.0,0.0,0.0,0.0,0,,False,False
1316597431,yes,1540761.0,5198204.0,0.0,0.0,0.0,0,,False,False
1316597432,yes,1540754.0,5198208.0,0.0,0.0,0.0,0,,False,False
1316597433,yes,1540752.0,5198193.0,0.0,0.0,0.0,0,,False,False
1316597434,yes,1540751.0,5198180.0,0.0,0.0,0.0,0,,False,False
1316597435,yes,1540787.0,5198168.0,0.0,0.0,0.0,0,,False,False
1316597436,yes,1540802.0,5198171.0,0.0,0.0,0.0,0,,False,False
1316597437,yes,1540814.0,5198209.0,0.0,0.0,0.0,0,,False,False
1316597438,yes,1540806.0,5198213.0,0.0,0.0,0.0,0,,False,False
1316597439,yes,1540908.0,5198219.0,0.0,0.0,0.0,0,,False,False
1316597440,yes,1540918.0,5198197.0,0.0,0.0,0.0,0,,False,False
1316597441,yes,1540946.0,5198239.0,0.0,0.0,0.0,0,,False,False
1316597442,yes,1540923.0,5198243.0,0.0,0.0,0.0,0,,False,False
1316597443,yes,1540914.0,5198265.0,0.0,0.0,0.0,0,,False,False
1316597444,yes,1540829.0,5198268.0,0.0,0.0,0.0,0,,False,False
1316597445,yes,1540822.0,5198290.0,0.0,0.0,0.0,0,,False,False
1316597446,yes,1540802.0,5198286.0,0.0,0.0,0.0,0,,False,False
1316597447,yes,1540758.0,5198274.0,0.0,0.0,0.0,0,,False,False
1316597448,yes,1540736.0,5198285.0,0.0,0.0,0.0,0,,False,False
1316597449,yes,1540716.0,5198309.0,0.0,0.0,0.0,0,,False,False
1316597450,yes,1540780.0,5198351.0,0.0,0.0,0.0,0,,False,False
1316597451,yes,1540503.0,5198337.0,0.0,0.0,0.0,0,,False,False
1316597452,yes,1540494.0,5198290.0,0.0,0.0,0.0,0,,False,False
1316597453,yes,1540093.0,5198171.0,0.0,0.0,0.0,0,,False,False
1316597454,yes,1540085.0,5198157.0,0.0,0.0,0.0,0,,False,False
1316597455,yes,1540122.0,5198205.0,0.0,0.0,0.0,0,,False,False
1316597456,yes,1540284.0,5198092.0,0.0,0.0,0.0,0,,False,False
1316597457,yes,1540312.0,5198104.0,0.0,0.0,0.0,0,,False,False
1316597458,yes,1540400.0,5198647.0,0.0,0.0,0.0,0,,False,False
1316597459,yes,1540404.0,5198660.0,0.0,0.0,0.0,0,,False,False
1316597460,yes,1540285.0,5198635.0,0.0,0.0,0.0,0,,False,False
1316597461,yes,1540275.0,5198649.0,0.0,0.0,0.0,0,,False,False
1316597462,yes,1540549.0,5198465.0,0.0,0.0,0.0,0,,False,False
1316597463,yes,1540556.0,5198445.0,0.0,0.0,0.0,0,,False,False
1316597464,yes,1540511.0,5198397.0,0.0,0.0,0.0,0,,False,False
1316597465,yes,1540897.0,5198442.0,0.0,0.0,0.0,0,,False,False
1316597466,yes,1540880.0,5198410.0,0.0,0.0,0.0,0,,False,False
1316597467,yes,1541148.0,5198133.0,0.0,0.0,0.0,0,,False,False
1316597468,yes,1541152.0,5198115.0,0.0,0.0,0.0,0,,False,False
1316597469,yes,1541023.0,5198420.0,0.0,0.0,0.0,0,,False,False
1316597470,yes,1541027.0,5198468.0,0.0,0.0,0.0,0,,False,False
1316597471,yes,1541034.0,5198484.0,0.0,0.0,0.0,0,,False,False
1316597472,yes,1541124.0,5198503.0,0.0,0.0,0.0,0,,False,False
1316597473,yes,1541149.0,5198708.0,0.0,0.0,0.0,0,,False,False
1316597474,yes,1541178.0,5198666.0,0.0,0.0,0.0,0,,False,False
1316597475,yes,1541356.0,5199051.0,0.0,0.0,0.0,0,,False,False
1316597476,yes,1541360.0,5199037.0,0.0,0.0,0.0,0,,False,False
1316597477,yes,1541334.0,5199088.0,0.0,0.0,0.0,0,,False,False
1316597478,yes,1541406.0,5199372.0,0.12,0.43,0.05,1,,False,False
1316597479,yes,1541424.0,5199348.0,0.12,0.43,0.05,1,,False,False
1316597480,yes,1541485.0,5199406.0,0.0,0.24,0.03,0,,False,False
1316597481,yes,1541458.0,5199405.0,0.12,0.43,0.05,1,,False,False
1316597482,yes,1541492.0,5199443.0,0.12,0.45,0.06,1,,False,False
1316597483,yes,1541513.0,5199453.0,0.12,0.45,0.05,1,,False,False
1316597484,yes,1541697.0,5199642.0,0.0,0.0,0.0,0,,False,False
1316597485,yes,1541709.0,5199631.0,0.0,0.0,0.0,0,,False,False
1316597486,yes,1541420.0,5199685.0,0.0,0.0,0.0,0,,False,False
1316597487,yes,1541493.0,5199781.0,0.0,0.0,0.0,0,,False,False
1316597488,yes,1541471.0,5199762.0,0.0,0.0,0.0,0,,False,False
1316597489,yes,1541777.0,5199355.0,0.0,0.0,0.0,0,,False,False
1316597490,yes,1541768.0,5199332.0,0.0,0.0,0.0,0,,False,False
1316597491,yes,1541743.0,5199307.0,0.0,0.0,0.0,0,,False,False
1316597492,yes,1540968.0,5199610.0,0.0,0.0,0.0,0,,False,False
1316597493,yes,1540955.0,5199657.0,0.0,0.0,0.0,0,,False,False
1316597494,yes,1540894.0,5199680.0,0.0,0.0,0.0,0,,False,False
1316597495,yes,1540880.0,5199617.0,0.0,0.0,0.0,0,,False,False
1316597496,yes,1540850.0,5199693.0,0.0,0.0,0.0,0,,False,False
1316597497,yes,1540827.0,5199656.0,0.0,0.0,0.0,0,,False,False
1316597498,yes,1540807.0,5199646.0,0.0,0.0,0.0,0,,False,False
1316597499,yes,1540775.0,5199641.0,0.0,0.0,0.0,0,,False,False
1316597500,yes,1540907.0,5199801.0,0.0,0.0,0.0,0,,False,False
1316597501,yes,1540662.0,5199720.0,0.0,0.0,0.0,0,,False,False
1316597502,yes,1540668.0,5199704.0,0.0,0.0,0.0,0,,False,False
1316597503,yes,1540530.0,5199725.0,0.0,0.0,0.0,0,,False,False
1316597504,yes,1540510.0,5199755.0,0.0,0.0,0.0,0,,False,False
1316597505,yes,1540585.0,5200010.0,0.0,0.0,0.0,0,,False,False
1316597506,yes,1540563.0,5200002.0,0.0,0.0,0.0,0,,False,False
1316597507,yes,1540492.0,5199945.0,0.0,0.0,0.0,0,,False,False
1316597508,yes,1540363.0,5199886.0,0.0,0.0,0.0,0,,False,False
1316597509,yes,1540302.0,5199948.0,0.0,0.0,0.0,0,,False,False
1316597510,yes,1540626.0,5200129.0,0.0,0.0,0.0,0,,False,False
1316597511,yes,1540500.0,5200200.0,0.0,0.0,0.0,0,,False,False
1316597512,yes,1540667.0,5200196.0,0.0,0.0,0.0,0,,False,False
1316597513,yes,1540873.0,5200118.0,0.0,0.0,0.0,0,,False,False
1316597514,yes,1540858.0,5200117.0,0.0,0.0,0.0,0,,False,False
1316597515,yes,1541221.0,5199899.0,0.0,0.0,0.0,0,,False,False
1316597516,yes,1541166.0,5199790.0,0.0,0.0,0.0,0,,False,False
1316597517,yes,1540073.0,5200197.0,0.0,0.0,0.0,0,,False,False
1316597518,yes,1540059.0,5200208.0,0.0,0.0,0.0,0,,False,False
1316597519,yes,1540131.0,5200456.0,0.0,0.0,0.0,0,,False,False
1316597520,yes,1540178.0,5200506.0,0.0,0.0,0.0,0,,False,False
1316597521,yes,1540170.0,5199917.0,0.0,0.0,0.0,0,,False,False
1316597522,yes,1540162.0,5199931.0,0.0,0.0,0.0,0,,False,False
1347030964,yes,1541326.0,5198221.0,0.0,0.0,0.0,0,,False,False
1347030965,yes,1541302.0,5198233.0,0.0,0.0,0.0,0,,False,False
1347030968,yes,1541978.0,5198127.0,0.0,0.0,0.0,0,,False,False
1347033732,detached,1542778.0,5199339.0,0.0,0.0,0.0,0,,False,False
1347033733,yes,1542760.0,5199322.0,0.0,0.0,0.0,0,,False,False
1347033734,yes,1542760.0,5199313.0,0.0,0.0,0.0,0,,False,False
1347033735,yes,1542743.0,5199316.0,0.0,0.0,0.0,0,,False,False
1347033736,yes,1542724.0,5199324.0,0.0,0.0,0.0,0,,False,False
1347033737,yes,1542780.0,5199296.0,0.0,0.0,0.0,0,,False,False
1347033738,yes,1542790.0,5199329.0,0.0,0.0,0.0,0,,False,False
1347033739,yes,1542812.0,5199329.0,0.0,0.0,0.0,0,,False,False
1347033740,detached,1542847.0,5199505.0,0.0,0.38,0.04,0,,False,False
1347033741,yes,1542945.0,5199520.0,0.0,0.26,0.03,0,,False,False
1481284761,yes,1541045.0,5200718.0,0.0,0.0,0.0,0,,False,False
1481284762,yes,1540844.0,5200870.0,0.0,0.0,0.0,0,,False,False
1481284763,yes,1540721.0,5200891.0,0.0,0.0,0.0,0,,False,False
1481284764,yes,1540504.0,5201011.0,0.0,0.0,0.0,0,,False,False
1481284765,yes,1540514.0,5200949.0,0.0,0.0,0.0,0,,False,False
1483450420,yes,1541635.0,5201116.0,0.0,0.0,0.0,0,,False,False
1483450421,yes,1541632.0,5201131.0,0.0,0.0,0.0,0,,False,False
1483450422,yes,1541696.0,5201089.0,0.0,0.0,0.0,0,,False,False
1483450423,yes,1541808.0,5201077.0,0.0,0.0,0.0,0,,False,False
1483450424,yes,1541802.0,5201125.0,0.0,0.0,0.0,0,,False,False
1483451834,yes,1541688.0,5201124.0,0.0,0.0,0.0,0,,False,False
1484178651,yes,1540672.0,5200117.0,0.0,0.0,0.0,0,,False,False
1484178657,yes,1540674.0,5203095.0,0.0,0.0,0.0,0,,False,False
1360292228,yes,1545752.0,5187215.0,0.0,0.0,0.0,0,,False,False
1468878951,yes,1546910.0,5191699.0,0.17,0.57,0.1,1,,False,False
1468878959,house,1544337.0,5191953.0,0.0,0.0,0.0,0,,False,False
1468878960,house,1544298.0,5192023.0,0.0,0.0,0.0,0,,False,False
1468878961,house,1544216.0,5191958.0,0.0,0.0,0.0,0,,False,False
224765554,yes,1544355.0,5195572.0,0.24,0.73,0.18,1,2.85,False,False
536267588,yes,1546485.0,5197619.0,0.0,0.0,0.0,0,,False,False
536267589,yes,1546476.0,5197596.0,0.0,0.0,0.0,0,,False,False
536267590,house,1546454.0,5197625.0,0.0,0.0,0.0,0,,False,False
1315517114,yes,1545891.0,5197996.0,0.0,0.0,0.0,0,,False,False
1315517115,yes,1545936.0,5197972.0,0.0,0.0,0.0,0,,False,False
1315517116,yes,1545961.0,5197977.0,0.0,0.0,0.0,0,,False,False
1315517118,yes,1545955.0,5197907.0,0.0,0.0,0.0,0,,False,False
1315517119,yes,1545915.0,5197930.0,0.0,0.0,0.0,0,,False,False
1315517120,yes,1545985.0,5197787.0,0.0,0.0,0.0,0,,False,False
1315517121,yes,1545973.0,5197805.0,0.0,0.0,0.0,0,,False,False
1315517122,yes,1545940.0,5197796.0,0.0,0.0,0.0,0,,False,False
1315517123,yes,1545920.0,5197815.0,0.0,0.0,0.0,0,,False,False
1315517124,yes,1545931.0,5197744.0,0.0,0.0,0.0,0,,False,False
1315517125,yes,1545942.0,5197745.0,0.0,0.0,0.0,0,,False,False
1315517126,yes,1545881.0,5197742.0,0.0,0.0,0.0,0,,False,False
1315517127,yes,1545764.0,5197715.0,0.0,0.0,0.0,0,,False,False
1315517128,yes,1545729.0,5197743.0,0.0,0.0,0.0,0,,False,False
1315517129,yes,1545707.0,5197777.0,0.0,0.0,0.0,0,,False,False
1315517130,yes,1545678.0,5197546.0,0.0,0.0,0.0,0,,False,False
1315517131,yes,1546218.0,5197682.0,0.0,0.0,0.0,0,,False,False
1315517132,yes,1546166.0,5197707.0,0.0,0.0,0.0,0,,False,False
1315517133,yes,1546159.0,5197688.0,0.0,0.0,0.0,0,,False,False
1315517134,yes,1546101.0,5197716.0,0.0,0.0,0.0,0,,False,False
1315517135,yes,1546063.0,5197687.0,0.0,0.0,0.0,0,,False,False
1315517136,yes,1546064.0,5197672.0,0.0,0.0,0.0,0,,False,False
1315517137,yes,1546075.0,5197629.0,0.0,0.0,0.0,0,,False,False
1315517138,yes,1546275.0,5197767.0,0.0,0.0,0.0,0,,False,False
1315517139,yes,1546446.0,5197759.0,0.0,0.0,0.0,0,,False,False
1315517140,yes,1546469.0,5197824.0,0.0,0.0,0.0,0,,False,False
1315517141,yes,1546416.0,5197583.0,0.0,0.0,0.0,0,,False,False
1315517142,yes,1546700.0,5197523.0,0.0,0.0,0.0,0,,False,False
1315517143,yes,1546700.0,5197510.0,0.0,0.0,0.0,0,,False,False
1315517144,yes,1546654.0,5197485.0,0.0,0.0,0.0,0,,False,False
1315517145,yes,1546770.0,5197430.0,0.0,0.0,0.0,0,,False,False
1315517146,yes,1546735.0,5197408.0,0.0,0.0,0.0,0,,False,False
1315517147,yes,1546727.0,5197391.0,0.0,0.0,0.0,0,,False,False
1315517148,yes,1546743.0,5197378.0,0.0,0.0,0.0,0,,False,False
1315517149,yes,1546740.0,5197370.0,0.0,0.0,0.0,0,,False,False
1315517150,yes,1547044.0,5197393.0,0.0,0.0,0.0,0,,False,False
1315517151,yes,1547027.0,5197405.0,0.0,0.0,0.0,0,,False,False
1315517155,yes,1547055.0,5197062.0,0.0,0.0,0.0,0,,False,False
1315517156,yes,1547089.0,5197091.0,0.0,0.0,0.0,0,,False,False
1315517157,yes,1547086.0,5197041.0,0.0,0.0,0.0,0,,False,False
1316580193,yes,1545206.0,5197983.0,0.0,0.0,0.0,0,,False,False
1316580194,yes,1545279.0,5197955.0,0.0,0.0,0.0,0,,False,False
1316580195,yes,1545335.0,5197890.0,0.0,0.0,0.0,0,,False,False
1316580199,yes,1545514.0,5197925.0,0.0,0.0,0.0,0,,False,False
1316580200,yes,1545491.0,5197884.0,0.0,0.0,0.0,0,,False,False
1316580201,yes,1545502.0,5197858.0,0.0,0.0,0.0,0,,False,False
1316580202,yes,1545260.0,5197954.0,0.0,0.0,0.0,0,,False,False
1316580204,yes,1545673.0,5197989.0,0.0,0.0,0.0,0,,False,False
1316580205,yes,1545652.0,5197979.0,0.0,0.0,0.0,0,,False,False
1316580206,yes,1545668.0,5197963.0,0.0,0.0,0.0,0,,False,False
1316580207,yes,1545261.0,5197521.0,0.0,0.0,0.0,0,,False,False
1316580208,yes,1545163.0,5197561.0,0.0,0.0,0.0,0,,False,False
1316580209,yes,1545138.0,5197563.0,0.0,0.0,0.0,0,,False,False
1316580210,yes,1545241.0,5197667.0,0.0,0.0,0.0,0,,False,False
1316580211,yes,1545237.0,5197636.0,0.0,0.0,0.0,0,,False,False
1316580212,yes,1545263.0,5197633.0,0.0,0.0,0.0,0,,False,False
1316580213,yes,1545278.0,5197648.0,0.0,0.0,0.0,0,,False,False
1316580214,yes,1545275.0,5197620.0,0.0,0.0,0.0,0,,False,False
1316580215,yes,1545367.0,5197703.0,0.0,0.0,0.0,0,,False,False
1316580216,yes,1545338.0,5197704.0,0.0,0.0,0.0,0,,False,False
1316580217,yes,1545312.0,5197615.0,0.0,0.0,0.0,0,,False,False
1316580218,yes,1545367.0,5197589.0,0.0,0.0,0.0,0,,False,False
1316580219,yes,1545410.0,5197579.0,0.0,0.0,0.0,0,,False,False
1316580220,yes,1545387.0,5197557.0,0.0,0.0,0.0,0,,False,False
1316581448,yes,1545457.0,5197397.0,0.0,0.0,0.0,0,,False,False
1316581449,yes,1545278.0,5197428.0,0.0,0.0,0.0,0,,False,False
1316581450,yes,1545273.0,5197413.0,0.0,0.0,0.0,0,,False,False
1316581451,yes,1545255.0,5197403.0,0.0,0.0,0.0,0,,False,False
1316581452,yes,1545335.0,5197280.0,0.0,0.0,0.0,0,,False,False
1316581453,yes,1545181.0,5197276.0,0.0,0.0,0.0,0,,False,False
1316581454,yes,1545151.0,5197262.0,0.0,0.0,0.0,0,,False,False
1316581455,yes,1545398.0,5197118.0,0.0,0.0,0.0,0,,False,False
1316581456,yes,1545414.0,5197092.0,0.0,0.0,0.0,0,,False,False
1316581457,yes,1545333.0,5197092.0,0.0,0.0,0.0,0,,False,False
1316581458,yes,1545354.0,5197068.0,0.0,0.0,0.0,0,,False,False
1316581459,yes,1545304.0,5197095.0,0.0,0.0,0.0,0,,False,False
1316581460,yes,1545369.0,5197110.0,0.0,0.0,0.0,0,,False,False
1316581461,yes,1545386.0,5197040.0,0.0,0.0,0.0,0,,False,False
1316581462,yes,1545418.0,5197067.0,0.0,0.0,0.0,0,,False,False
1316581463,yes,1545454.0,5197083.0,0.0,0.0,0.0,0,,False,False
1316581464,yes,1545464.0,5197028.0,0.0,0.0,0.0,0,,False,False
1316581465,yes,1545454.0,5197038.0,0.0,0.0,0.0,0,,False,False
1316581466,yes,1545448.0,5197028.0,0.0,0.0,0.0,0,,False,False
1316581467,yes,1545407.0,5196976.0,0.0,0.0,0.0,0,,False,False
1316581468,yes,1545328.0,5197008.0,0.0,0.0,0.0,0,,False,False
1316581469,yes,1545744.0,5197005.0,0.0,0.0,0.0,0,,False,False
1316581470,yes,1545749.0,5197039.0,0.0,0.0,0.0,0,,False,False
1316581471,yes,1545727.0,5197009.0,0.0,0.0,0.0,0,,False,False
1316581472,yes,1545047.0,5197045.0,0.0,0.0,0.0,0,,False,False
1316581473,yes,1545040.0,5197027.0,0.0,0.0,0.0,0,,False,False
1316581474,yes,1545063.0,5197051.0,0.0,0.0,0.0,0,,False,False
1316581475,yes,1545077.0,5197304.0,0.0,0.0,0.0,0,,False,False
1316581476,yes,1545036.0,5197269.0,0.0,0.0,0.0,0,,False,False
1316581477,yes,1545013.0,5197297.0,0.0,0.0,0.0,0,,False,False
1316581478,yes,1545029.0,5197270.0,0.0,0.0,0.0,0,,False,False
1316581479,yes,1544872.0,5197480.0,0.0,0.0,0.0,0,,False,False
1316581480,yes,1544867.0,5197426.0,0.0,0.0,0.0,0,,False,False
1316581481,yes,1544792.0,5197444.0,0.0,0.0,0.0,0,,False,False
1316581482,yes,1545053.0,5197436.0,0.0,0.0,0.0,0,,False,False
1316581483,yes,1544639.0,5197359.0,0.0,0.0,0.0,0,,False,False
1316581484,yes,1544636.0,5197346.0,0.0,0.0,0.0,0,,False,False
1316581485,yes,1544629.0,5197544.0,0.0,0.0,0.0,0,,False,False
1316581486,yes,1544672.0,5197536.0,0.0,0.0,0.0,0,,False,False
1316581487,yes,1544680.0,5197570.0,0.0,0.0,0.0,0,,False,False
1316581488,yes,1544654.0,5197542.0,0.0,0.0,0.0,0,,False,False
1316581489,yes,1544939.0,5197714.0,0.0,0.0,0.0,0,,False,False
1316581490,yes,1544940.0,5197746.0,0.0,0.0,0.0,0,,False,False
1316581491,yes,1544934.0,5197898.0,0.0,0.0,0.0,0,,False,False
1316581492,yes,1544919.0,5197845.0,0.0,0.0,0.0,0,,False,False
1316581493,yes,1544744.0,5197854.0,0.0,0.0,0.0,0,,False,False
1316581494,yes,1544707.0,5197855.0,0.0,0.0,0.0,0,,False,False
1316581495,yes,1544570.0,5197925.0,0.0,0.0,0.0,0,,False,False
1316581496,yes,1544538.0,5197886.0,0.0,0.0,0.0,0,,False,False
1316581497,yes,1544548.0,5197870.0,0.0,0.0,0.0,0,,False,False
1316581498,yes,1544532.0,5197863.0,0.0,0.0,0.0,0,,False,False
1316581499,yes,1544532.0,5197851.0,0.0,0.0,0.0,0,,False,False
1316581500,yes,1544455.0,5197902.0,0.0,0.0,0.0,0,,False,False
1316581501,yes,1544527.0,5197750.0,0.0,0.0,0.0,0,,False,False
1316581502,yes,1544442.0,5197955.0,0.0,0.0,0.0,0,,False,False
1316581503,yes,1544416.0,5197908.0,0.0,0.0,0.0,0,,False,False
1316581504,yes,1544405.0,5197865.0,0.0,0.0,0.0,0,,False,False
1316581505,yes,1544385.0,5197827.0,0.0,0.0,0.0,0,,False,False
1316581506,yes,1544399.0,5197791.0,0.0,0.0,0.0,0,,False,False
1316581507,yes,1544336.0,5197805.0,0.0,0.0,0.0,0,,False,False
1316581509,yes,1544520.0,5197715.0,0.0,0.0,0.0,0,,False,False
1316581510,yes,1544532.0,5197707.0,0.0,0.0,0.0,0,,False,False
1316581514,yes,1544118.0,5197945.0,0.0,0.0,0.0,0,,False,False
1316581515,yes,1544140.0,5197923.0,0.0,0.0,0.0,0,,False,False
1316581516,yes,1544113.0,5197915.0,0.0,0.0,0.0,0,,False,False
1316581517,yes,1544136.0,5197804.0,0.0,0.0,0.0,0,,False,False
1316581518,yes,1543817.0,5197819.0,0.0,0.0,0.0,0,,False,False
1316581519,yes,1543840.0,5197764.0,0.0,0.0,0.0,0,,False,False
1316581523,yes,1543956.0,5197603.0,0.0,0.0,0.0,0,,False,False
1316581524,yes,1543921.0,5197602.0,0.0,0.0,0.0,0,,False,False
1316581525,yes,1543931.0,5197651.0,0.0,0.0,0.0,0,,False,False
1316581526,yes,1543924.0,5197642.0,0.0,0.0,0.0,0,,False,False
1316581527,yes,1543944.0,5197648.0,0.0,0.0,0.0,0,,False,False
1316581528,yes,1544937.0,5196868.0,0.0,0.0,0.0,0,,False,False
1316581529,yes,1544918.0,5196851.0,0.0,0.0,0.0,0,,False,False
1316581530,yes,1544912.0,5196805.0,0.0,0.0,0.0,0,,False,False
1316581531,yes,1545993.0,5197490.0,0.0,0.0,0.0,0,,False,False
1316581532,yes,1545984.0,5197468.0,0.0,0.0,0.0,0,,False,False
1316581533,yes,1545986.0,5197439.0,0.0,0.0,0.0,0,,False,False
1316581534,yes,1545926.0,5197472.0,0.0,0.0,0.0,0,,False,False
1316581535,yes,1544527.0,5196540.0,0.0,0.0,0.0,0,,False,False
1316581536,yes,1544395.0,5196527.0,0.0,0.0,0.0,0,,False,False
1316581537,yes,1544505.0,5196540.0,0.0,0.0,0.0,0,,False,False
1316581538,yes,1544605.0,5195979.0,0.0,0.2,0.04,0,,False,False
1316581539,yes,1544587.0,5195946.0,0.17,0.61,0.11,1,,False,False
1316581540,yes,1544462.0,5195900.0,0.31,0.84,0.27,2,2.81,False,False
1316581541,yes,1544468.0,5195881.0,0.36,0.93,0.34,2,2.8,False,False
1316581542,yes,1544410.0,5195573.0,0.32,0.85,0.28,2,2.83,False,False
1316581543,yes,1544387.0,5195563.0,0.26,0.77,0.2,1,2.85,False,False
1316581544,yes,1544311.0,5195604.0,0.25,0.79,0.2,1,2.83,False,False
1316581545,yes,1544289.0,5195593.0,0.21,0.72,0.15,1,2.83,False,False
1316581546,yes,1544306.0,5195583.0,0.2,0.69,0.14,1,2.85,False,False
1316581547,yes,1544316.0,5195582.0,0.21,0.71,0.15,1,2.85,False,False
1316581548,yes,1544327.0,5195577.0,0.2,0.68,0.14,1,2.86,False,False
1316581549,yes,1544322.0,5195558.0,0.18,0.61,0.11,1,2.88,False,False
1316581550,yes,1544136.0,5195692.0,0.3,0.85,0.26,2,2.75,False,False
1316581551,yes,1544105.0,5195682.0,0.28,0.84,0.24,1,2.74,False,False
1316581552,yes,1544108.0,5195663.0,0.27,0.81,0.22,1,2.75,False,False
1316581553,yes,1544119.0,5195648.0,0.26,0.78,0.2,1,2.77,False,False
1316581554,yes,1544059.0,5195623.0,0.3,0.78,0.23,1,2.73,False,False
1316581555,yes,1544026.0,5195619.0,0.29,0.74,0.21,1,2.74,False,False
1316581556,yes,1544068.0,5195594.0,0.26,0.73,0.19,1,2.76,False,False
1316581557,yes,1544048.0,5195573.0,0.23,0.67,0.15,1,2.77,False,False
1316581558,yes,1544056.0,5195562.0,0.21,0.65,0.14,1,2.79,False,False
1316581559,yes,1544045.0,5195556.0,0.2,0.62,0.12,1,2.79,False,False
1316581560,yes,1544039.0,5195547.0,0.19,0.6,0.11,1,2.8,False,False
1316581561,yes,1544011.0,5195542.0,0.18,0.58,0.11,1,2.79,False,False
1316581562,yes,1543999.0,5195525.0,0.16,0.53,0.09,1,,False,False
1316581563,yes,1543928.0,5195532.0,0.11,0.36,0.05,1,,False,False
1316581564,yes,1543973.0,5195510.0,0.14,0.49,0.07,1,,False,False
1316581565,yes,1543984.0,5195513.0,0.15,0.51,0.08,1,,False,False
1316581566,yes,1543982.0,5195489.0,0.12,0.46,0.06,1,,False,False
1316581567,yes,1543972.0,5195498.0,0.12,0.46,0.06,1,,False,False
1316581568,yes,1543959.0,5195371.0,0.15,0.5,0.08,1,2.83,False,False
1316581569,yes,1543967.0,5195356.0,0.17,0.54,0.09,1,2.83,False,False
1316581570,yes,1543930.0,5195354.0,0.18,0.58,0.11,1,2.81,False,False
1316581571,yes,1543917.0,5195317.0,0.22,0.66,0.15,1,2.79,False,False
1316581572,yes,1543701.0,5195481.0,0.0,0.24,0.03,0,,False,False
1316581573,yes,1543774.0,5195538.0,0.0,0.0,0.0,0,,False,False
1316581574,yes,1543690.0,5195592.0,0.0,0.22,0.02,0,,False,False
1316581575,yes,1543667.0,5195593.0,0.0,0.38,0.04,0,,False,False
1316581576,yes,1543563.0,5195611.0,0.17,0.53,0.09,1,2.66,False,False
1316581577,yes,1543766.0,5195754.0,0.35,0.86,0.31,2,2.65,False,False
1316581578,yes,1543902.0,5195642.0,0.27,0.77,0.23,1,2.72,False,False
1316581579,yes,1543887.0,5195653.0,0.29,0.8,0.24,1,2.72,False,False
1316581580,yes,1543867.0,5195650.0,0.29,0.78,0.23,1,2.72,False,False
1316581581,yes,1543875.0,5195683.0,0.35,0.88,0.31,2,2.69,False,False
1316581582,yes,1543941.0,5195619.0,0.25,0.67,0.17,1,2.73,False,False
1316581583,yes,1544146.0,5195594.0,0.26,0.74,0.19,1,2.78,False,False
1316581584,yes,1543570.0,5195770.0,0.16,0.56,0.09,1,2.65,False,False
1316581585,yes,1543575.0,5195787.0,0.17,0.6,0.11,1,2.64,False,False
1316581586,yes,1543203.0,5195931.0,0.3,0.75,0.23,2,2.49,False,False
1316581587,yes,1543204.0,5195911.0,0.35,0.82,0.3,2,2.48,False,False
1316581588,yes,1543302.0,5195771.0,0.27,0.7,0.2,1,2.52,False,False
1316581589,yes,1543314.0,5195755.0,0.21,0.61,0.13,1,2.53,False,False
1316581590,yes,1543282.0,5195766.0,0.24,0.67,0.16,1,2.52,False,False
1316581591,yes,1543308.0,5195526.0,0.16,0.6,0.09,1,2.61,False,False
1316581592,yes,1543319.0,5195496.0,0.14,0.57,0.08,1,2.63,False,False
1316581593,yes,1543295.0,5195506.0,0.14,0.56,0.08,1,2.62,False,False
1316581594,yes,1543482.0,5195467.0,0.2,0.68,0.14,1,2.66,False,False
1316581595,yes,1543272.0,5195380.0,0.15,0.54,0.09,1,,False,False
1316581596,yes,1543246.0,5195402.0,0.14,0.54,0.08,1,,False,False
1316581597,yes,1543256.0,5195417.0,0.13,0.5,0.07,1,,False,False
1316581598,yes,1543222.0,5195509.0,0.14,0.52,0.07,1,2.58,False,False
1316581599,yes,1543186.0,5195489.0,0.15,0.59,0.09,1,2.56,False,False
1316581600,yes,1543152.0,5195488.0,0.16,0.61,0.1,1,2.55,False,False
1316581601,yes,1543173.0,5195511.0,0.16,0.59,0.1,1,2.55,False,False
1316581602,yes,1543104.0,5195549.0,0.18,0.64,0.11,1,2.51,False,False
1316581605,yes,1543070.0,5195567.0,0.2,0.67,0.14,1,2.49,False,False
1316581646,yes,1543187.0,5195239.0,0.24,0.7,0.17,1,2.6,False,False
1316581647,yes,1543183.0,5195210.0,0.23,0.69,0.16,1,2.61,False,False
1316581648,yes,1543169.0,5195343.0,0.21,0.68,0.14,1,2.55,False,False
1316581649,yes,1543133.0,5195341.0,0.21,0.68,0.14,1,2.55,False,False
1316581650,yes,1543145.0,5195320.0,0.21,0.68,0.15,1,2.55,False,False
1316581651,yes,1543150.0,5195316.0,0.22,0.68,0.15,1,2.56,False,False
1316581652,yes,1543134.0,5195288.0,0.23,0.69,0.16,1,2.57,False,False
1316581653,yes,1543594.0,5195051.0,0.15,0.53,0.08,1,2.78,False,False
1316581654,yes,1543716.0,5195038.0,0.19,0.68,0.13,1,2.55,False,False
1316581655,yes,1543740.0,5195042.0,0.19,0.62,0.12,1,2.58,False,False
1316581656,yes,1543910.0,5195070.0,0.25,0.72,0.18,1,2.4,False,False
1316581657,yes,1543764.0,5194922.0,0.35,0.91,0.32,2,2.27,False,False
1316581658,yes,1543724.0,5194901.0,0.42,1.0,0.43,2,2.25,False,False
1316581659,yes,1543758.0,5194736.0,0.57,1.23,0.71,4,2.23,True,True
1316581660,yes,1544175.0,5194844.0,0.27,0.77,0.21,1,2.38,False,False
1316581661,yes,1544174.0,5194948.0,0.35,0.89,0.32,2,2.39,False,False
1316581662,yes,1544114.0,5194891.0,0.29,0.8,0.23,1,2.37,False,False
1316581663,yes,1544110.0,5194859.0,0.29,0.83,0.24,1,2.36,False,False
1316581664,yes,1544060.0,5194899.0,0.29,0.79,0.23,1,2.36,False,False
1316581665,yes,1544044.0,5194880.0,0.28,0.78,0.22,1,2.35,False,False
1316581666,yes,1544033.0,5194896.0,0.3,0.8,0.24,1,2.36,False,False
1316581667,yes,1544018.0,5194899.0,0.29,0.79,0.23,1,2.35,False,False
1316581668,yes,1543998.0,5194907.0,0.28,0.79,0.22,1,2.34,False,False
1316581669,yes,1543988.0,5194911.0,0.29,0.81,0.24,1,2.34,False,False
1316581670,yes,1543998.0,5194944.0,0.34,0.88,0.3,2,2.34,False,False
1316581671,yes,1543965.0,5194830.0,0.27,0.81,0.22,1,2.32,False,False
1316581672,yes,1543729.0,5194705.0,0.57,1.28,0.73,4,2.23,True,True
1316581673,yes,1543732.0,5194685.0,0.59,1.27,0.75,4,2.23,True,True
1316581674,yes,1543750.0,5194682.0,0.61,1.26,0.77,4,2.24,True,True
1316581675,yes,1543827.0,5194495.0,0.48,1.15,0.56,2,2.28,False,False
1316581676,yes,1543807.0,5194474.0,0.43,1.07,0.47,2,2.28,False,False
1316581677,yes,1543853.0,5194424.0,0.33,1.0,0.34,2,2.3,False,False
1316581678,yes,1543870.0,5194430.0,0.33,1.01,0.34,2,2.3,False,False
1316581679,yes,1543753.0,5194373.0,0.28,0.79,0.23,1,2.29,False,False
1316581680,yes,1543717.0,5194369.0,0.27,0.77,0.21,1,2.29,False,False
1316581681,yes,1543657.0,5194425.0,0.32,0.91,0.29,2,2.26,False,False
1316581682,yes,1543559.0,5194454.0,0.35,0.97,0.34,2,2.23,False,False
1316581683,yes,1543535.0,5194432.0,0.32,0.92,0.3,2,2.22,False,False
1316581684,yes,1543490.0,5194409.0,0.31,0.88,0.27,2,2.22,False,False
1316588513,yes,1543695.0,5194191.0,0.42,1.02,0.44,2,2.29,False,False
1316588514,yes,1543680.0,5194214.0,0.37,0.96,0.37,2,2.29,False,False
1316588515,yes,1544213.0,5194291.0,0.33,0.87,0.29,2,2.41,False,False
1316588516,yes,1544291.0,5194201.0,0.23,0.7,0.16,1,2.46,False,False
1316588517,yes,1544505.0,5194068.0,0.2,0.64,0.13,1,2.5,False,False
1316588518,yes,1544485.0,5194064.0,0.2,0.65,0.13,1,2.5,False,False
1316588519,yes,1544469.0,5194068.0,0.2,0.66,0.13,1,2.5,False,False
1316588520,yes,1544600.0,5193933.0,0.3,0.86,0.26,1,2.48,False,False
1316588521,yes,1544604.0,5193900.0,0.36,0.99,0.36,2,2.47,False,False
1316588522,yes,1544636.0,5193884.0,0.37,1.04,0.39,2,2.48,False,False
1316588523,yes,1544412.0,5193926.0,0.51,1.26,0.64,4,2.43,True,True
1316588524,yes,1544724.0,5194040.0,0.19,0.62,0.12,1,2.58,False,False
1316588525,yes,1544687.0,5194039.0,0.2,0.62,0.12,1,2.56,False,False
1316588526,yes,1544782.0,5194101.0,0.16,0.56,0.09,1,2.62,False,False
1316588527,yes,1544656.0,5194266.0,0.43,1.02,0.43,2,2.47,False,False
1316588528,yes,1544641.0,5194203.0,0.33,0.84,0.28,2,2.5,False,False
1316588529,yes,1544663.0,5194206.0,0.33,0.84,0.28,2,2.5,False,False
1316588530,yes,1544745.0,5194336.0,0.52,1.17,0.61,4,2.48,True,True
1316588531,yes,1545049.0,5194408.0,0.63,1.27,0.8,4,2.53,True,True
1316588532,yes,1545021.0,5194395.0,0.64,1.28,0.81,4,2.53,True,True
1316588533,yes,1545028.0,5194377.0,0.65,1.28,0.83,4,2.53,True,True
1316588534,yes,1545050.0,5194383.0,0.65,1.29,0.84,4,2.53,True,True
1316588535,yes,1544926.0,5194476.0,0.6,1.3,0.78,4,2.5,True,True
1316588536,yes,1544895.0,5194450.0,0.61,1.32,0.81,4,2.5,True,True
1316588537,yes,1545162.0,5194349.0,0.7,1.41,0.98,4,2.57,True,True
1316588538,yes,1545140.0,5194328.0,0.68,1.37,0.93,4,2.57,True,True
1316588539,yes,1545017.0,5194410.0,0.62,1.28,0.8,4,2.53,True,True
1316588540,yes,1545182.0,5194324.0,0.64,1.39,0.89,4,2.57,True,True
1316588541,yes,1544963.0,5194120.0,0.0,0.04,0.0,0,,False,False
1316588542,yes,1545358.0,5193812.0,0.26,0.76,0.21,1,2.71,False,False
1316588543,yes,1545355.0,5193779.0,0.37,0.9,0.33,2,2.67,False,False
1316588544,yes,1545326.0,5193777.0,0.34,0.89,0.31,2,2.67,False,False
1316588545,yes,1545309.0,5193801.0,0.3,0.83,0.25,1,2.67,False,False
1316588546,yes,1545467.0,5193826.0,0.14,0.5,0.11,1,,False,False
1316588547,yes,1545377.0,5193919.0,0.0,0.11,0.02,0,,False,False
1316588548,yes,1545388.0,5193892.0,0.0,0.3,0.05,0,,False,False
1316588549,yes,1545465.0,5194019.0,0.0,0.0,0.0,0,,False,False
1316588550,yes,1545454.0,5194032.0,0.0,0.0,0.0,0,,False,False
1316588551,yes,1545463.0,5194042.0,0.0,0.0,0.0,0,,False,False
1316588552,yes,1545462.0,5194055.0,0.0,0.0,0.0,0,,False,False
1316588553,yes,1545674.0,5194217.0,0.65,1.28,0.83,4,2.67,True,True
1316588554,yes,1545669.0,5194200.0,0.62,1.26,0.79,4,2.67,True,True
1316588555,yes,1545692.0,5194219.0,0.66,1.28,0.85,4,2.67,True,True
1316588556,yes,1545696.0,5194238.0,0.65,1.29,0.83,4,2.67,True,True
1316588557,yes,1545680.0,5194246.0,0.64,1.29,0.82,4,2.67,True,True
1316588558,yes,1545676.0,5194257.0,0.63,1.3,0.81,4,2.67,True,True
1316588559,yes,1545662.0,5194231.0,0.64,1.29,0.82,4,2.67,True,True
1316588560,yes,1545415.0,5194291.0,0.62,1.27,0.78,4,2.6,True,True
1316588561,yes,1545387.0,5194285.0,0.62,1.29,0.8,4,2.6,True,True
1316588562,yes,1545375.0,5194289.0,0.62,1.29,0.79,4,2.6,True,True
1316588563,yes,1545391.0,5194322.0,0.63,1.31,0.82,4,2.6,True,True
1316588564,yes,1545536.0,5194405.0,0.71,1.38,0.98,4,2.63,True,True
1316588565,yes,1545557.0,5194391.0,0.67,1.42,0.95,4,2.63,True,True
1316588566,yes,1545582.0,5194375.0,0.65,1.41,0.92,4,2.65,True,True
1316588567,yes,1545546.0,5194375.0,0.64,1.34,0.86,4,2.63,True,True
1316588568,yes,1545503.0,5194475.0,0.81,1.35,1.1,5,2.63,True,True
1316588569,yes,1545684.0,5194343.0,0.69,1.32,0.91,4,2.67,True,True
1316588570,yes,1545669.0,5194337.0,0.67,1.3,0.87,4,2.67,True,True
1316588571,yes,1545666.0,5194359.0,0.71,1.32,0.94,4,2.67,True,True
1316588572,yes,1545654.0,5194356.0,0.71,1.32,0.93,4,2.67,True,True
1316588573,yes,1545560.0,5194372.0,0.64,1.38,0.88,4,2.64,True,True
1316588574,yes,1545492.0,5194519.0,0.75,1.3,0.98,4,2.63,True,True
1316588575,yes,1545474.0,5194541.0,0.65,1.27,0.83,4,2.63,True,True
1316588576,yes,1545398.0,5194457.0,0.7,1.31,0.91,4,2.61,True,True
1316588577,yes,1545375.0,5194462.0,0.67,1.32,0.89,4,2.6,True,True
1316588578,yes,1545339.0,5194456.0,0.63,1.3,0.82,4,2.6,True,True
1316588579,yes,1545185.0,5194399.0,0.64,1.35,0.86,4,2.57,True,True
1316588580,yes,1545104.0,5194543.0,0.54,1.13,0.61,4,2.53,True,True
1316588581,yes,1545101.0,5194560.0,0.54,1.13,0.61,4,2.53,True,True
1316588582,yes,1544949.0,5194661.0,0.46,1.08,0.5,2,2.53,False,False
1316588583,yes,1544938.0,5194656.0,0.45,1.08,0.49,2,2.53,False,False
1316588584,yes,1544960.0,5194638.0,0.48,1.1,0.53,2,2.53,False,False
1316588585,yes,1544880.0,5194622.0,0.47,1.12,0.53,2,2.51,False,False
1316588586,yes,1544848.0,5194656.0,0.46,1.09,0.5,2,2.5,False,False
1316588587,yes,1544778.0,5194676.0,0.4,1.02,0.41,2,2.47,False,False
1316588588,yes,1544766.0,5194595.0,0.54,1.19,0.64,4,2.47,True,True
1316588589,yes,1544666.0,5194700.0,0.39,0.98,0.39,2,2.45,False,False
1316588590,yes,1544487.0,5194771.0,0.3,0.86,0.26,1,2.45,False,False
1316588591,yes,1544501.0,5194752.0,0.33,0.9,0.31,2,2.45,False,False
1316588592,yes,1544521.0,5194751.0,0.33,0.88,0.29,2,2.45,False,False
1316588593,yes,1544411.0,5194718.0,0.42,1.05,0.45,2,2.4,False,False
1316588594,yes,1544305.0,5194649.0,0.47,1.17,0.55,2,2.37,False,False
1316588595,yes,1544283.0,5194603.0,0.49,1.2,0.59,2,2.37,False,False
1316588596,yes,1544324.0,5194595.0,0.49,1.21,0.59,2,2.37,False,False
1316588597,yes,1544370.0,5194579.0,0.51,1.23,0.63,4,2.37,True,True
1316588598,yes,1544408.0,5194566.0,0.53,1.25,0.66,4,2.39,True,True
1316588599,yes,1544450.0,5194564.0,0.55,1.24,0.68,4,2.4,True,True
1316588600,yes,1544479.0,5194522.0,0.52,1.23,0.64,4,2.4,True,True
1316588601,yes,1544487.0,5194494.0,0.55,1.26,0.69,4,2.41,True,True
1316588602,yes,1544500.0,5194500.0,0.53,1.22,0.65,4,2.42,True,True
1316588603,yes,1544169.0,5194657.0,0.54,1.23,0.66,4,2.33,True,True
1316588604,yes,1544180.0,5194622.0,0.54,1.22,0.66,4,2.33,True,True
1316588605,yes,1544173.0,5194612.0,0.56,1.23,0.68,4,2.33,True,True
1316588606,yes,1543927.0,5195216.0,0.3,0.8,0.24,2,2.8,False,False
1316588607,yes,1543986.0,5195188.0,0.31,0.8,0.25,2,2.83,False,False
1316588608,yes,1543976.0,5195173.0,0.3,0.8,0.24,2,2.83,False,False
1316595124,yes,1546763.0,5194227.0,0.56,1.28,0.72,4,2.9,True,True
1316595125,yes,1546807.0,5194215.0,0.54,1.28,0.69,4,2.9,True,True
1316595126,yes,1546817.0,5194211.0,0.54,1.28,0.68,4,2.9,True,True
1316595127,yes,1546775.0,5194178.0,0.53,1.27,0.67,4,2.9,True,True
1316595128,yes,1546736.0,5194179.0,0.55,1.28,0.71,4,2.89,True,True
1316595129,yes,1546730.0,5194169.0,0.53,1.25,0.67,4,2.89,True,True
1316595130,yes,1546708.0,5194056.0,0.38,1.08,0.4,2,2.91,False,False
1316595131,yes,1546754.0,5194068.0,0.39,1.1,0.43,2,2.92,False,False
1316595132,yes,1546871.0,5193954.0,0.36,0.97,0.35,2,2.98,False,False
1316595133,yes,1546850.0,5193942.0,0.32,0.89,0.29,2,2.98,False,False
1316595134,yes,1546860.0,5193931.0,0.31,0.88,0.28,2,2.99,False,False
1316595135,yes,1546804.0,5193955.0,0.32,0.9,0.29,2,2.96,False,False
1316595136,yes,1547063.0,5193864.0,0.31,0.91,0.29,2,3.03,False,False
1316595137,yes,1547092.0,5193870.0,0.31,0.93,0.29,2,3.03,False,False
1316595138,yes,1547100.0,5193921.0,0.46,1.09,0.5,2,3.0,False,False
1316595139,yes,1547088.0,5193956.0,0.54,1.16,0.64,4,3.0,True,True
1316595233,yes,1547098.0,5194140.0,0.61,1.34,0.82,4,2.97,True,True
1316595235,yes,1547111.0,5194110.0,0.6,1.3,0.78,4,2.99,True,True
1316595239,yes,1547098.0,5194773.0,0.0,0.0,0.0,0,,False,False
1316595245,yes,1547071.0,5196074.0,0.0,0.0,0.0,0,,False,False
1316595246,yes,1547064.0,5196043.0,0.0,0.0,0.0,0,,False,False
1316595248,yes,1546965.0,5196066.0,0.0,0.0,0.0,0,,False,False
1316595249,yes,1546845.0,5195919.0,0.0,0.0,0.0,0,,False,False
1316595250,yes,1546832.0,5195893.0,0.0,0.0,0.0,0,,False,False
1316595251,yes,1543165.0,5196236.0,0.22,0.71,0.16,1,2.49,False,False
1316595252,yes,1543134.0,5196211.0,0.24,0.73,0.17,1,2.48,False,False
1316595253,yes,1543137.0,5196171.0,0.26,0.78,0.2,1,2.47,False,False
1316595306,yes,1543281.0,5196630.0,0.0,0.0,0.0,0,,False,False
1316595307,yes,1543267.0,5196626.0,0.0,0.0,0.0,0,,False,False
1316595308,yes,1543225.0,5196623.0,0.0,0.13,0.03,0,,False,False
1316595309,yes,1543210.0,5196629.0,0.0,0.21,0.05,0,,False,False
1316595310,yes,1543077.0,5196710.0,0.0,0.33,0.08,0,,False,False
1316595313,yes,1543082.0,5196871.0,0.0,0.0,0.0,0,,False,False
1316595314,yes,1543083.0,5196847.0,0.0,0.0,0.0,0,,False,False
1316595315,yes,1543091.0,5196844.0,0.0,0.0,0.0,0,,False,False
1347033717,detached,1543345.0,5197589.0,0.0,0.0,0.0,0,,False,False
1347033718,garage,1543328.0,5197552.0,0.0,0.0,0.0,0,,False,False
1347033719,detached,1543384.0,5197264.0,0.0,0.0,0.0,0,,False,False
1347033720,garage,1543365.0,5197236.0,0.0,0.0,0.0,0,,False,False
1347033721,yes,1543420.0,5197200.0,0.0,0.0,0.0,0,,False,False
1347033722,detached,1543201.0,5197116.0,0.0,0.0,0.0,0,,False,False
1347033723,garage,1543211.0,5197134.0,0.0,0.0,0.0,0,,False,False
1347033757,yes,1544993.0,5197948.0,0.0,0.0,0.0,0,,False,False
1480994343,yes,1545525.0,5196955.0,0.0,0.0,0.0,0,,False,False
1481842780,yes,1545463.0,5195711.0,0.13,0.32,0.06,1,,False,False
536304557,yes,1543889.0,5199172.0,0.11,0.32,0.05,1,,False,False
536304558,yes,1543905.0,5199195.0,0.0,0.05,0.01,0,,False,False
1101543718,yes,1544190.0,5200846.0,0.0,0.0,0.0,0,,False,False
1101543720,yes,1544163.0,5200849.0,0.0,0.0,0.0,0,,False,False
1101543721,yes,1544133.0,5200813.0,0.0,0.0,0.0,0,,False,False
1101543722,garage,1544159.0,5200843.0,0.0,0.0,0.0,0,,False,False
1101543723,yes,1544155.0,5200802.0,0.0,0.0,0.0,0,,False,False
1101543724,stable,1544178.0,5200792.0,0.0,0.0,0.0,0,,False,False
1101543725,farm_auxiliary,1544201.0,5200776.0,0.0,0.0,0.0,0,,False,False
1315513787,yes,1546419.0,5203053.0,0.0,0.0,0.0,0,,False,False
1315513788,yes,1546419.0,5203038.0,0.0,0.0,0.0,0,,False,False
1315513789,yes,1546435.0,5202984.0,0.0,0.0,0.0,0,,False,False
1315513790,yes,1546433.0,5202955.0,0.0,0.0,0.0,0,,False,False
1315513791,yes,1546486.0,5202908.0,0.0,0.0,0.0,0,,False,False
1315513792,yes,1546513.0,5202894.0,0.0,0.0,0.0,0,,False,False
1315513793,yes,1546550.0,5202853.0,0.0,0.0,0.0,0,,False,False
1315513794,yes,1546598.0,5202868.0,0.0,0.0,0.0,0,,False,False
1315513795,yes,1546666.0,5202892.0,0.0,0.0,0.0,0,,False,False
1315513796,yes,1546697.0,5202865.0,0.0,0.0,0.0,0,,False,False
1315513958,yes,1547032.0,5200810.0,0.0,0.0,0.0,0,,False,False
1315513959,yes,1547060.0,5200794.0,0.0,0.0,0.0,0,,False,False
1315513960,yes,1547063.0,5200778.0,0.0,0.0,0.0,0,,False,False
1315517047,yes,1546971.0,5199439.0,0.0,0.0,0.0,0,,False,False
1315517048,yes,1546721.0,5199690.0,0.0,0.0,0.0,0,,False,False
1315517049,yes,1546756.0,5199684.0,0.0,0.0,0.0,0,,False,False
1315517050,yes,1546774.0,5199667.0,0.0,0.0,0.0,0,,False,False
1315517051,yes,1546753.0,5199660.0,0.0,0.0,0.0,0,,False,False
1315517052,yes,1546785.0,5199045.0,0.11,0.44,0.05,1,,False,False
1315517053,yes,1547038.0,5198991.0,0.0,0.0,0.0,0,,False,False
1315517054,yes,1547069.0,5198990.0,0.0,0.0,0.0,0,,False,False
1315517055,yes,1547069.0,5198979.0,0.0,0.0,0.0,0,,False,False
1315517057,yes,1547083.0,5199181.0,0.0,0.0,0.0,0,,False,False
1315517058,yes,1547081.0,5199160.0,0.0,0.0,0.0,0,,False,False
1315517059,yes,1547033.0,5199185.0,0.0,0.0,0.0,0,,False,False
1315517062,yes,1546843.0,5199307.0,0.0,0.0,0.0,0,,False,False
1315517063,yes,1546822.0,5199346.0,0.0,0.0,0.0,0,,False,False
1315517064,yes,1546814.0,5199326.0,0.0,0.0,0.0,0,,False,False
1315517065,yes,1546764.0,5199367.0,0.0,0.0,0.0,0,,False,False
1315517066,yes,1546767.0,5199350.0,0.0,0.0,0.0,0,,False,False
1315517067,yes,1546507.0,5199444.0,0.0,0.04,0.01,0,,False,False
1315517068,yes,1546492.0,5199427.0,0.0,0.26,0.03,0,,False,False
1315517069,yes,1546462.0,5199404.0,0.13,0.48,0.06,1,,False,False
1315517070,yes,1546428.0,5199427.0,0.14,0.5,0.07,1,,False,False
1315517071,yes,1546404.0,5199458.0,0.14,0.51,0.07,1,,False,False
1315517072,yes,1546433.0,5199509.0,0.13,0.45,0.06,1,,False,False
1315517073,yes,1546401.0,5199518.0,0.12,0.41,0.06,1,,False,False
1315517074,yes,1546435.0,5199568.0,0.0,0.04,0.0,0,,False,False
1315517075,yes,1546409.0,5199657.0,0.0,0.0,0.0,0,,False,False
1315517076,yes,1546155.0,5199748.0,0.0,0.0,0.0,0,,False,False
1315517077,yes,1546102.0,5199858.0,0.0,0.0,0.0,0,,False,False
1315517078,yes,1546122.0,5199862.0,0.0,0.0,0.0,0,,False,False
1315517079,yes,1546144.0,5199896.0,0.0,0.0,0.0,0,,False,False
1315517080,yes,1546558.0,5199090.0,0.18,0.57,0.1,1,,False,False
1315517081,yes,1546549.0,5199055.0,0.22,0.64,0.14,1,,False,False
1315517082,yes,1546089.0,5199087.0,0.18,0.61,0.11,1,,False,False
1315517083,yes,1546110.0,5199070.0,0.17,0.57,0.1,1,,False,False
1315517084,yes,1546209.0,5198886.0,0.18,0.63,0.12,1,,False,False
1315517085,yes,1546397.0,5198821.0,0.0,0.31,0.07,0,,False,False
1315517086,yes,1546395.0,5198807.0,0.14,0.56,0.11,1,,False,False
1315517087,yes,1546368.0,5198827.0,0.16,0.5,0.11,1,,False,False
1315517088,yes,1546374.0,5198792.0,0.2,0.8,0.16,1,,False,False
1315517089,yes,1546240.0,5198856.0,0.19,0.65,0.12,1,,False,False
1315517090,yes,1546156.0,5198712.0,0.0,0.0,0.0,0,,False,False
1315517091,yes,1546051.0,5198792.0,0.0,0.4,0.04,0,,False,False
1315517092,yes,1546032.0,5198798.0,0.0,0.38,0.04,0,,False,False
1315517093,yes,1546011.0,5198819.0,0.0,0.25,0.03,0,,False,False
1315517094,yes,1546040.0,5199084.0,0.18,0.61,0.11,1,,False,False
1315517095,yes,1546018.0,5199082.0,0.18,0.62,0.11,1,,False,False
1315517096,yes,1545946.0,5199074.0,0.16,0.59,0.1,1,,False,False
1315517097,yes,1545923.0,5199056.0,0.13,0.53,0.07,1,,False,False
1315517098,yes,1545903.0,5199041.0,0.13,0.52,0.07,1,,False,False
1315517099,yes,1545891.0,5199018.0,0.15,0.53,0.08,1,,False,False
1315517100,yes,1545927.0,5199015.0,0.12,0.5,0.06,1,,False,False
1315517101,yes,1545953.0,5198994.0,0.12,0.49,0.06,1,,False,False
1315517102,yes,1545924.0,5198995.0,0.15,0.52,0.08,1,,False,False
1315517103,yes,1545845.0,5199063.0,0.17,0.56,0.1,1,,False,False
1315517104,yes,1545900.0,5199132.0,0.2,0.62,0.12,1,,False,False
1315517105,yes,1545861.0,5199172.0,0.21,0.63,0.13,1,,False,False
1315517106,yes,1545824.0,5199149.0,0.21,0.61,0.13,1,,False,False
1315517107,yes,1546162.0,5198463.0,0.0,0.0,0.0,0,,False,False
1315517108,yes,1546146.0,5198461.0,0.0,0.0,0.0,0,,False,False
1315517109,yes,1546142.0,5198353.0,0.0,0.0,0.0,0,,False,False
1315517110,yes,1546164.0,5198374.0,0.0,0.0,0.0,0,,False,False
1315517111,yes,1546161.0,5198320.0,0.0,0.0,0.0,0,,False,False
1315517112,yes,1545873.0,5198031.0,0.0,0.0,0.0,0,,False,False
1315517113,yes,1545870.0,5198011.0,0.0,0.0,0.0,0,,False,False
1315517117,yes,1545902.0,5198011.0,0.0,0.0,0.0,0,,False,False
1316313912,yes,1545138.0,5201644.0,0.0,0.0,0.0,0,,False,False
1316313913,yes,1545117.0,5201634.0,0.0,0.0,0.0,0,,False,False
1316580131,yes,1543173.0,5198824.0,0.0,0.3,0.03,0,,False,False
1316580133,yes,1543223.0,5198868.0,0.0,0.0,0.0,0,,False,False
1316580134,yes,1543204.0,5198897.0,0.0,0.0,0.0,0,,False,False
1316580135,yes,1543406.0,5198812.0,0.0,0.28,0.03,0,,False,False
1316580136,yes,1543383.0,5198778.0,0.0,0.09,0.01,0,,False,False
1316580137,yes,1543621.0,5198726.0,0.0,0.26,0.03,0,,False,False
1316580138,yes,1543587.0,5198678.0,0.0,0.0,0.0,0,,False,False
1316580139,yes,1543473.0,5198980.0,0.0,0.0,0.0,0,,False,False
1316580140,yes,1543867.0,5198935.0,0.0,0.0,0.0,0,,False,False
1316580141,yes,1543872.0,5198923.0,0.0,0.0,0.0,0,,False,False
1316580142,yes,1543933.0,5198899.0,0.0,0.0,0.0,0,,False,False
1316580143,yes,1543959.0,5198880.0,0.0,0.0,0.0,0,,False,False
1316580144,yes,1543936.0,5198867.0,0.0,0.0,0.0,0,,False,False
1316580145,yes,1543958.0,5198848.0,0.0,0.0,0.0,0,,False,False
1316580146,yes,1543929.0,5199092.0,0.18,0.5,0.09,1,,False,False
1316580147,yes,1543974.0,5199071.0,0.17,0.5,0.09,1,,False,False
1316580148,yes,1543996.0,5199108.0,0.13,0.43,0.06,1,,False,False
1316580149,yes,1544023.0,5199065.0,0.19,0.47,0.09,1,,False,False
1316580150,yes,1544127.0,5198885.0,0.0,0.0,0.0,0,,False,False
1316580151,yes,1544108.0,5198847.0,0.0,0.0,0.0,0,,False,False
1316580152,yes,1544085.0,5198814.0,0.0,0.0,0.0,0,,False,False
1316580153,yes,1544092.0,5198638.0,0.11,0.38,0.05,1,,False,False
1316580154,yes,1544262.0,5198481.0,0.0,0.0,0.0,0,,False,False
1316580155,yes,1544249.0,5198458.0,0.0,0.0,0.0,0,,False,False
1316580156,yes,1544208.0,5198461.0,0.0,0.0,0.0,0,,False,False
1316580157,yes,1544475.0,5198420.0,0.0,0.17,0.02,0,,False,False
1316580158,yes,1544420.0,5198504.0,0.0,0.0,0.0,0,,False,False
1316580159,yes,1544476.0,5198405.0,0.0,0.25,0.03,0,,False,False
1316580160,yes,1544472.0,5198395.0,0.0,0.32,0.04,0,,False,False
1316580161,yes,1544574.0,5198400.0,0.0,0.03,0.0,0,,False,False
1316580162,yes,1544619.0,5198393.0,0.0,0.0,0.0,0,,False,False
1316580163,yes,1544702.0,5198411.0,0.0,0.0,0.0,0,,False,False
1316580164,yes,1544696.0,5198391.0,0.0,0.0,0.0,0,,False,False
1316580165,yes,1544548.0,5198259.0,0.13,0.45,0.06,1,,False,False
1316580166,yes,1544534.0,5198273.0,0.13,0.46,0.06,1,,False,False
1316580167,yes,1544315.0,5198273.0,0.12,0.42,0.05,1,,False,False
1316580168,yes,1544323.0,5198264.0,0.11,0.39,0.05,1,,False,False
1316580169,yes,1544333.0,5198252.0,0.0,0.3,0.04,0,,False,False
1316580170,yes,1544325.0,5198236.0,0.0,0.17,0.02,0,,False,False
1316580171,yes,1544299.0,5198214.0,0.0,0.01,0.0,0,,False,False
1316580172,yes,1544744.0,5198426.0,0.0,0.1,0.01,0,,False,False
1316580173,yes,1544732.0,5198390.0,0.0,0.0,0.0,0,,False,False
1316580174,yes,1544776.0,5198437.0,0.0,0.16,0.02,0,,False,False
1316580175,yes,1544858.0,5198461.0,0.0,0.16,0.02,0,,False,False
1316580176,yes,1545005.0,5198488.0,0.11,0.39,0.06,1,,False,False
1316580177,yes,1544869.0,5198316.0,0.0,0.0,0.0,0,,False,False
1316580178,yes,1544862.0,5198283.0,0.0,0.0,0.0,0,,False,False
1316580179,yes,1544892.0,5198296.0,0.0,0.0,0.0,0,,False,False
1316580180,yes,1545051.0,5198237.0,0.0,0.35,0.04,0,,False,False
1316580181,yes,1545024.0,5198216.0,0.11,0.42,0.05,1,,False,False
1316580182,yes,1545017.0,5198205.0,0.11,0.42,0.04,1,,False,False
1316580183,yes,1545115.0,5198229.0,0.11,0.43,0.05,1,,False,False
1316580184,yes,1545004.0,5198046.0,0.0,0.0,0.0,0,,False,False
1316580185,yes,1545001.0,5198029.0,0.0,0.0,0.0,0,,False,False
1316580186,yes,1545016.0,5198024.0,0.0,0.0,0.0,0,,False,False
1316580187,yes,1545013.0,5198015.0,0.0,0.0,0.0,0,,False,False
1316580188,yes,1544991.0,5198031.0,0.0,0.0,0.0,0,,False,False
1316580189,yes,1545152.0,5198015.0,0.0,0.0,0.0,0,,False,False
1316580190,yes,1545196.0,5198005.0,0.0,0.0,0.0,0,,False,False
1316580191,yes,1545339.0,5198153.0,0.0,0.0,0.0,0,,False,False
1316580192,yes,1545372.0,5198171.0,0.0,0.18,0.02,0,,False,False
1316580196,yes,1545501.0,5198061.0,0.0,0.22,0.02,0,,False,False
1316580197,yes,1545449.0,5198074.0,0.0,0.01,0.0,0,,False,False
1316580198,yes,1545520.0,5198018.0,0.0,0.0,0.0,0,,False,False
1316580203,yes,1545643.0,5197999.0,0.0,0.0,0.0,0,,False,False
1316581508,yes,1544660.0,5198006.0,0.0,0.0,0.0,0,,False,False
1316581511,yes,1544545.0,5198031.0,0.0,0.0,0.0,0,,False,False
1316581512,yes,1544520.0,5198027.0,0.0,0.0,0.0,0,,False,False
1316581513,yes,1544489.0,5198047.0,0.0,0.0,0.0,0,,False,False
1316581520,yes,1543813.0,5198090.0,0.0,0.0,0.0,0,,False,False
1316581521,yes,1543802.0,5198069.0,0.0,0.0,0.0,0,,False,False
1316581522,yes,1543800.0,5198051.0,0.0,0.0,0.0,0,,False,False
1347033742,detached,1543841.0,5198779.0,0.0,0.0,0.0,0,,False,False
1347033743,yes,1543832.0,5198743.0,0.0,0.0,0.0,0,,False,False
1347033744,yes,1543807.0,5198729.0,0.0,0.0,0.0,0,,False,False
1347033745,yes,1543767.0,5198752.0,0.0,0.0,0.0,0,,False,False
1347033746,detached,1544014.0,5198696.0,0.16,0.52,0.09,1,,False,False
1347033747,yes,1544017.0,5198668.0,0.18,0.53,0.1,1,,False,False
1347033748,yes,1544003.0,5198711.0,0.14,0.5,0.07,1,,False,False
1347033749,yes,1544006.0,5198718.0,0.14,0.5,0.07,1,,False,False
1347033750,yes,1543934.0,5198575.0,0.11,0.43,0.05,1,,False,False
1347033751,detached,1544436.0,5198641.0,0.0,0.19,0.02,0,,False,False
1347033752,yes,1544400.0,5198645.0,0.0,0.2,0.02,0,,False,False
1347033753,yes,1544488.0,5198659.0,0.1,0.37,0.05,1,,False,False
1347033754,detached,1544486.0,5198630.0,0.0,0.14,0.02,0,,False,False
1347033755,detached,1544797.0,5198085.0,0.0,0.0,0.0,0,,False,False
1347033756,garage,1544808.0,5198069.0,0.0,0.0,0.0,0,,False,False
1368960419,farm,1544971.0,5202960.0,0.0,0.0,0.0,0,,False,False
1481284747,yes,1543879.0,5202468.0,0.0,0.0,0.0,0,,False,False
1481284748,yes,1543875.0,5202532.0,0.0,0.0,0.0,0,,False,False
1481284749,yes,1543855.0,5202525.0,0.0,0.0,0.0,0,,False,False
1481284750,yes,1543850.0,5202519.0,0.0,0.0,0.0,0,,False,False
1481284751,yes,1543728.0,5202280.0,0.0,0.0,0.0,0,,False,False
1481284752,yes,1543676.0,5202245.0,0.0,0.0,0.0,0,,False,False
1481284753,yes,1543688.0,5202249.0,0.0,0.0,0.0,0,,False,False
1481284754,yes,1543660.0,5202204.0,0.0,0.0,0.0,0,,False,False
1481284755,yes,1543665.0,5202207.0,0.0,0.0,0.0,0,,False,False
1481284756,yes,1543639.0,5202212.0,0.0,0.0,0.0,0,,False,False
1481284757,yes,1543633.0,5202224.0,0.0,0.0,0.0,0,,False,False
1482722570,yes,1544668.0,5199978.0,0.13,0.55,0.07,1,,False,False
1482722571,yes,1544644.0,5199984.0,0.13,0.55,0.07,1,,False,False
1482722572,yes,1544646.0,5199951.0,0.13,0.56,0.08,1,,False,False
1482722573,yes,1544573.0,5200037.0,0.13,0.49,0.06,1,,False,False
1482722574,yes,1544550.0,5200005.0,0.15,0.5,0.07,1,,False,False
1482724642,yes,1544982.0,5200766.0,0.0,0.0,0.0,0,,False,False
1482724643,yes,1544960.0,5200780.0,0.0,0.0,0.0,0,,False,False
1482724644,yes,1544946.0,5200766.0,0.0,0.0,0.0,0,,False,False
1482724645,yes,1544959.0,5200730.0,0.0,0.0,0.0,0,,False,False
1482724646,yes,1544983.0,5200718.0,0.0,0.0,0.0,0,,False,False
1482724647,yes,1544956.0,5200708.0,0.0,0.0,0.0,0,,False,False
1482724649,yes,1546043.0,5200796.0,0.0,0.0,0.0,0,,False,False
1482724650,yes,1546060.0,5200786.0,0.0,0.0,0.0,0,,False,False
1482724651,yes,1545759.0,5200844.0,0.0,0.0,0.0,0,,False,False
1482724652,yes,1545715.0,5200847.0,0.0,0.0,0.0,0,,False,False
1482724653,yes,1545692.0,5200875.0,0.0,0.0,0.0,0,,False,False
1482724654,yes,1545681.0,5200891.0,0.0,0.0,0.0,0,,False,False
1482724655,yes,1545621.0,5200829.0,0.0,0.0,0.0,0,,False,False
1482888575,yes,1545322.0,5201288.0,0.0,0.0,0.0,0,,False,False
1482888576,yes,1545332.0,5201336.0,0.0,0.0,0.0,0,,False,False
1482888577,yes,1545295.0,5201304.0,0.0,0.0,0.0,0,,False,False
1482888578,yes,1545096.0,5201391.0,0.0,0.0,0.0,0,,False,False
1482888579,yes,1545105.0,5201368.0,0.0,0.0,0.0,0,,False,False
1482888580,yes,1545116.0,5201369.0,0.0,0.0,0.0,0,,False,False
1482888581,yes,1545121.0,5201358.0,0.0,0.0,0.0,0,,False,False
1482888582,yes,1545143.0,5201442.0,0.0,0.0,0.0,0,,False,False
1482888583,yes,1545133.0,5201441.0,0.0,0.0,0.0,0,,False,False
1482888584,yes,1545140.0,5201389.0,0.0,0.0,0.0,0,,False,False
1482891464,yes,1544207.0,5201447.0,0.0,0.0,0.0,0,,False,False
1482891467,yes,1544728.0,5201314.0,0.0,0.0,0.0,0,,False,False
1482891468,yes,1544783.0,5201287.0,0.0,0.0,0.0,0,,False,False
1482891469,yes,1544860.0,5201350.0,0.0,0.0,0.0,0,,False,False
1482891470,yes,1544875.0,5201338.0,0.0,0.0,0.0,0,,False,False
1482891471,yes,1544846.0,5201369.0,0.0,0.0,0.0,0,,False,False
1483844438,yes,1546519.0,5200896.0,0.0,0.0,0.0,0,,False,False
1483844439,yes,1546485.0,5200905.0,0.0,0.0,0.0,0,,False,False
1483844440,yes,1546502.0,5200974.0,0.0,0.0,0.0,0,,False,False
1483844441,yes,1546446.0,5200954.0,0.0,0.0,0.0,0,,False,False
903153763,yes,1549681.0,5190207.0,0.0,0.0,0.0,0,,False,False
903153769,yes,1549701.0,5190043.0,0.0,0.0,0.0,0,,False,False
903153770,yes,1549698.0,5190038.0,0.0,0.0,0.0,0,,False,False
903153773,yes,1551202.0,5190297.0,0.0,0.0,0.0,0,,False,False
903153799,yes,1549551.0,5190458.0,0.0,0.0,0.0,0,,False,False
903153800,yes,1549556.0,5190438.0,0.0,0.0,0.0,0,,False,False
903153804,yes,1549658.0,5190446.0,0.0,0.0,0.0,0,,False,False
903153805,yes,1549653.0,5190464.0,0.0,0.0,0.0,0,,False,False
903153806,yes,1549705.0,5190464.0,0.0,0.0,0.0,0,,False,False
903153807,yes,1549704.0,5190446.0,0.0,0.0,0.0,0,,False,False
903153814,yes,1548205.0,5190027.0,0.19,0.51,0.1,1,,False,False
903153816,yes,1548219.0,5190112.0,0.0,0.27,0.03,0,,False,False
903153818,yes,1548186.0,5189937.0,0.0,0.03,0.0,0,,False,False
903153820,yes,1548055.0,5189943.0,0.0,0.0,0.0,0,,False,False
903153821,yes,1549411.0,5190433.0,0.0,0.0,0.0,0,,False,False
903153822,yes,1549402.0,5190457.0,0.0,0.0,0.0,0,,False,False
563119968,yes,1547639.0,5195376.0,0.2,0.63,0.13,1,,False,False
563119969,yes,1547628.0,5195390.0,0.16,0.55,0.09,1,,False,False
563119970,yes,1547656.0,5195397.0,0.17,0.56,0.1,1,,False,False
563119971,yes,1547224.0,5195288.0,0.3,0.82,0.25,2,3.6,False,False
563119972,yes,1547205.0,5195300.0,0.3,0.79,0.24,1,3.6,False,False
563119973,yes,1547313.0,5195510.0,0.0,0.0,0.0,0,,False,False
563119974,yes,1547301.0,5195509.0,0.0,0.0,0.0,0,,False,False
563119975,yes,1547257.0,5195456.0,0.12,0.42,0.08,1,,False,False
563119976,yes,1547436.0,5195403.0,0.18,0.58,0.11,1,,False,False
563119977,yes,1547438.0,5195424.0,0.15,0.51,0.08,1,,False,False
563119978,yes,1547420.0,5195340.0,0.3,0.8,0.24,2,3.68,False,False
563119979,yes,1547397.0,5195332.0,0.31,0.83,0.26,2,3.66,False,False
563119983,yes,1547705.0,5195139.0,0.28,0.78,0.23,1,3.75,False,False
563119984,yes,1547713.0,5195109.0,0.23,0.69,0.17,1,3.78,False,False
903175503,yes,1551114.0,5192940.0,0.0,0.0,0.0,0,,False,False
903175537,yes,1548660.0,5194460.0,0.0,0.0,0.0,0,,False,False
903175539,yes,1548758.0,5194477.0,0.0,0.0,0.0,0,,False,False
903175540,yes,1548755.0,5194418.0,0.0,0.0,0.0,0,,False,False
903175541,yes,1548868.0,5194395.0,0.0,0.0,0.0,0,,False,False
903175542,yes,1548919.0,5194424.0,0.0,0.0,0.0,0,,False,False
903175545,yes,1548891.0,5194536.0,0.0,0.0,0.0,0,,False,False
903175546,yes,1548869.0,5194541.0,0.0,0.0,0.0,0,,False,False
903175547,yes,1548926.0,5194534.0,0.0,0.0,0.0,0,,False,False
903175551,yes,1548731.0,5194639.0,0.0,0.0,0.0,0,,False,False
903175552,yes,1548744.0,5194603.0,0.0,0.0,0.0,0,,False,False
903175554,yes,1548559.0,5194654.0,0.0,0.0,0.0,0,,False,False
903175555,yes,1548556.0,5194622.0,0.0,0.0,0.0,0,,False,False
903175557,yes,1548475.0,5194681.0,0.0,0.0,0.0,0,,False,False
903175568,yes,1548287.0,5194760.0,0.0,0.0,0.0,0,,False,False
903175569,yes,1548344.0,5194800.0,0.11,0.36,0.06,1,,False,False
903175570,yes,1548313.0,5194799.0,0.0,0.28,0.04,0,,False,False
903175574,yes,1548204.0,5194556.0,0.0,0.0,0.0,0,,False,False
903175575,yes,1548212.0,5194566.0,0.0,0.0,0.0,0,,False,False
903175576,yes,1548205.0,5194571.0,0.0,0.0,0.0,0,,False,False
903175581,yes,1548388.0,5194956.0,0.2,0.66,0.13,1,,False,False
903175582,yes,1548384.0,5194932.0,0.19,0.64,0.12,1,,False,False
903175583,yes,1548368.0,5194926.0,0.18,0.62,0.12,1,,False,False
903175584,yes,1548400.0,5194924.0,0.19,0.64,0.12,1,,False,False
903175591,yes,1548460.0,5195122.0,0.15,0.53,0.08,1,,False,False
903175593,yes,1548411.0,5195052.0,0.16,0.56,0.09,1,,False,False
903175594,yes,1548408.0,5195030.0,0.19,0.61,0.12,1,,False,False
903183580,yes,1548193.0,5194901.0,0.2,0.66,0.13,1,,False,False
903183581,yes,1548182.0,5194879.0,0.16,0.58,0.1,1,,False,False
903183582,yes,1548128.0,5194879.0,0.17,0.55,0.1,1,,False,False
903183584,yes,1548138.0,5194811.0,0.0,0.11,0.01,0,,False,False
903183585,yes,1548159.0,5194804.0,0.0,0.0,0.0,0,,False,False
903183587,yes,1548089.0,5194813.0,0.0,0.22,0.03,0,,False,False
903183590,yes,1547672.0,5194952.0,0.16,0.52,0.08,1,,False,False
903183591,yes,1547697.0,5194976.0,0.15,0.52,0.08,1,,False,False
903183592,yes,1547193.0,5195109.0,0.2,0.65,0.13,1,3.66,False,False
903183602,yes,1547819.0,5194431.0,0.0,0.0,0.0,0,,False,False
903183603,yes,1547831.0,5194431.0,0.0,0.0,0.0,0,,False,False
903183604,yes,1547784.0,5194345.0,0.0,0.14,0.03,0,,False,False
903183613,yes,1547629.0,5194488.0,0.0,0.0,0.0,0,,False,False
903183614,yes,1547634.0,5194479.0,0.0,0.0,0.0,0,,False,False
903183617,yes,1547571.0,5194416.0,0.15,0.54,0.09,1,,False,False
903183619,yes,1547685.0,5194622.0,0.0,0.0,0.0,0,,False,False
903183621,yes,1547510.0,5194522.0,0.0,0.0,0.0,0,,False,False
903183623,yes,1547396.0,5194565.0,0.0,0.16,0.02,0,,False,False
903183624,yes,1547381.0,5194564.0,0.0,0.2,0.02,0,,False,False
903183629,yes,1547937.0,5194160.0,0.21,0.6,0.13,1,3.63,False,False
903183631,yes,1547585.0,5194210.0,0.15,0.54,0.08,1,3.81,False,False
903183632,yes,1547588.0,5194203.0,0.16,0.56,0.09,1,3.72,False,False
1315515518,yes,1551072.0,5196030.0,0.0,0.0,0.0,0,,False,False
1315515519,yes,1551076.0,5196007.0,0.0,0.0,0.0,0,,False,False
1315515520,yes,1551100.0,5195977.0,0.0,0.0,0.0,0,,False,False
1315515521,yes,1550975.0,5195993.0,0.0,0.0,0.0,0,,False,False
1315515522,yes,1550991.0,5196042.0,0.0,0.0,0.0,0,,False,False
1315515523,yes,1550948.0,5196039.0,0.0,0.0,0.0,0,,False,False
1315515524,yes,1550932.0,5196043.0,0.0,0.0,0.0,0,,False,False
1315515525,yes,1550947.0,5196088.0,0.0,0.0,0.0,0,,False,False
1315515526,yes,1550880.0,5195957.0,0.0,0.0,0.0,0,,False,False
1315515527,yes,1550812.0,5196061.0,0.0,0.0,0.0,0,,False,False
1315515528,yes,1550815.0,5196039.0,0.0,0.0,0.0,0,,False,False
1315515529,yes,1550143.0,5196781.0,0.0,0.0,0.0,0,,False,False
1315515530,yes,1550166.0,5196883.0,0.0,0.0,0.0,0,,False,False
1315515531,yes,1550164.0,5196909.0,0.0,0.0,0.0,0,,False,False
1315515532,yes,1550167.0,5196961.0,0.0,0.07,0.01,0,,False,False
1315515533,yes,1550105.0,5196936.0,0.1,0.24,0.03,1,,False,False
1315515534,yes,1550107.0,5196902.0,0.0,0.08,0.01,0,,False,False
1315515535,yes,1550182.0,5196930.0,0.0,0.0,0.0,0,,False,False
1315515536,yes,1550173.0,5196930.0,0.0,0.0,0.0,0,,False,False
1315515537,yes,1550165.0,5196932.0,0.0,0.0,0.0,0,,False,False
1315515538,yes,1550156.0,5196934.0,0.0,0.05,0.01,0,,False,False
1315515539,yes,1550111.0,5196990.0,0.12,0.3,0.04,1,,False,False
1315515540,yes,1550060.0,5197120.0,0.12,0.44,0.05,1,,False,False
1315515541,yes,1550036.0,5197120.0,0.1,0.43,0.05,1,,False,False
1315515542,yes,1550076.0,5197093.0,0.0,0.36,0.04,0,,False,False
1315515543,yes,1550084.0,5197081.0,0.0,0.29,0.03,0,,False,False
1315515544,yes,1550025.0,5197092.0,0.0,0.22,0.03,0,,False,False
1315515545,yes,1550195.0,5197140.0,0.13,0.34,0.06,1,,False,False
1315515546,yes,1550188.0,5197172.0,0.24,0.42,0.1,1,,False,False
1315515547,yes,1549764.0,5197595.0,0.0,0.0,0.0,0,,False,False
1315515548,yes,1549762.0,5197573.0,0.0,0.0,0.0,0,,False,False
1315515549,yes,1549739.0,5197723.0,0.0,0.19,0.02,0,,False,False
1315515550,yes,1549460.0,5197720.0,0.0,0.0,0.0,0,,False,False
1315515551,yes,1549480.0,5197703.0,0.0,0.0,0.0,0,,False,False
1315515552,yes,1549500.0,5197706.0,0.0,0.0,0.0,0,,False,False
1315515553,yes,1549291.0,5197662.0,0.0,0.0,0.0,0,,False,False
1315515554,yes,1549283.0,5197650.0,0.0,0.0,0.0,0,,False,False
1315515555,yes,1549260.0,5197667.0,0.0,0.0,0.0,0,,False,False
1315515556,yes,1549223.0,5197600.0,0.0,0.24,0.03,0,,False,False
1315515557,yes,1549224.0,5197589.0,0.0,0.3,0.03,0,,False,False
1315515558,yes,1549126.0,5197631.0,0.0,0.35,0.04,0,,False,False
1315515559,yes,1549047.0,5197628.0,0.0,0.03,0.0,0,,False,False
1315515560,yes,1549048.0,5197606.0,0.0,0.0,0.0,0,,False,False
1315515561,yes,1549048.0,5197574.0,0.0,0.0,0.0,0,,False,False
1315515562,yes,1549102.0,5197544.0,0.0,0.33,0.03,0,,False,False
1315515563,yes,1549088.0,5197512.0,0.0,0.1,0.01,0,,False,False
1315515564,yes,1549032.0,5197418.0,0.0,0.0,0.0,0,,False,False
1315515565,yes,1549031.0,5197352.0,0.0,0.0,0.0,0,,False,False
1315515566,yes,1549023.0,5197326.0,0.0,0.0,0.0,0,,False,False
1315515567,yes,1548683.0,5197391.0,0.0,0.0,0.0,0,,False,False
1315515568,yes,1548747.0,5197476.0,0.0,0.0,0.0,0,,False,False
1315515569,yes,1548724.0,5197494.0,0.0,0.0,0.0,0,,False,False
1315515570,yes,1548727.0,5197470.0,0.0,0.0,0.0,0,,False,False
1315515571,yes,1548712.0,5197471.0,0.0,0.0,0.0,0,,False,False
1315515572,yes,1548720.0,5197478.0,0.0,0.0,0.0,0,,False,False
1315515573,yes,1548697.0,5197481.0,0.0,0.0,0.0,0,,False,False
1315515574,yes,1548690.0,5197468.0,0.0,0.0,0.0,0,,False,False
1315515575,yes,1548656.0,5197474.0,0.0,0.0,0.0,0,,False,False
1315515576,yes,1548880.0,5197795.0,0.0,0.16,0.02,0,,False,False
1315515577,yes,1548916.0,5197765.0,0.0,0.32,0.04,0,,False,False
1315515578,yes,1549048.0,5197745.0,0.0,0.16,0.02,0,,False,False
1315517152,yes,1547154.0,5197340.0,0.0,0.0,0.0,0,,False,False
1315517153,yes,1547178.0,5197338.0,0.0,0.0,0.0,0,,False,False
1315517154,yes,1547194.0,5197095.0,0.0,0.0,0.0,0,,False,False
1315517158,yes,1547358.0,5196977.0,0.0,0.0,0.0,0,,False,False
1315517159,yes,1547304.0,5197015.0,0.0,0.0,0.0,0,,False,False
1315517160,yes,1547274.0,5197036.0,0.0,0.0,0.0,0,,False,False
1315517161,yes,1547412.0,5197020.0,0.0,0.0,0.0,0,,False,False
1315517162,yes,1547372.0,5196918.0,0.0,0.0,0.0,0,,False,False
1315517163,yes,1547328.0,5196880.0,0.0,0.0,0.0,0,,False,False
1315517164,yes,1547366.0,5196761.0,0.0,0.0,0.0,0,,False,False
1315517165,yes,1547386.0,5196738.0,0.0,0.0,0.0,0,,False,False
1315517166,yes,1547340.0,5196745.0,0.0,0.0,0.0,0,,False,False
1315517167,yes,1547245.0,5196769.0,0.0,0.0,0.0,0,,False,False
1315517168,yes,1547233.0,5196793.0,0.0,0.0,0.0,0,,False,False
1315517169,yes,1547196.0,5196779.0,0.0,0.0,0.0,0,,False,False
1315517170,yes,1547216.0,5196746.0,0.0,0.0,0.0,0,,False,False
1315517171,yes,1547235.0,5196751.0,0.0,0.0,0.0,0,,False,False
1315517172,yes,1547193.0,5196795.0,0.0,0.0,0.0,0,,False,False
1315517173,yes,1547411.0,5196549.0,0.0,0.0,0.0,0,,False,False
1315517174,yes,1547365.0,5196563.0,0.0,0.0,0.0,0,,False,False
1315517175,yes,1547346.0,5196603.0,0.0,0.0,0.0,0,,False,False
1315517176,yes,1547315.0,5196346.0,0.0,0.0,0.0,0,,False,False
1315517177,yes,1547301.0,5196338.0,0.0,0.0,0.0,0,,False,False
1315517178,yes,1547285.0,5196319.0,0.0,0.0,0.0,0,,False,False
1315517179,yes,1547586.0,5196279.0,0.0,0.0,0.0,0,,False,False
1315517180,yes,1547558.0,5196304.0,0.0,0.0,0.0,0,,False,False
1315517181,yes,1547523.0,5196300.0,0.0,0.0,0.0,0,,False,False
1315517182,yes,1547511.0,5196306.0,0.0,0.0,0.0,0,,False,False
1315517183,yes,1547871.0,5196283.0,0.0,0.0,0.0,0,,False,False
1315517184,yes,1547841.0,5196237.0,0.0,0.0,0.0,0,,False,False
1315517185,yes,1547830.0,5196254.0,0.0,0.0,0.0,0,,False,False
1315517186,yes,1547726.0,5196266.0,0.0,0.0,0.0,0,,False,False
1315517187,yes,1547886.0,5196124.0,0.0,0.0,0.0,0,,False,False
1315517188,yes,1547908.0,5196109.0,0.0,0.0,0.0,0,,False,False
1315517189,yes,1547964.0,5196067.0,0.0,0.0,0.0,0,,False,False
1315517190,yes,1547846.0,5196105.0,0.0,0.0,0.0,0,,False,False
1315517191,yes,1547791.0,5196140.0,0.0,0.0,0.0,0,,False,False
1315517192,yes,1547723.0,5196162.0,0.0,0.0,0.0,0,,False,False
1315517193,yes,1547724.0,5196126.0,0.0,0.0,0.0,0,,False,False
1315517194,yes,1547722.0,5196060.0,0.0,0.0,0.0,0,,False,False
1315517195,yes,1547749.0,5196053.0,0.0,0.0,0.0,0,,False,False
1315517196,yes,1547807.0,5196032.0,0.0,0.0,0.0,0,,False,False
1315517197,yes,1547751.0,5196017.0,0.0,0.0,0.0,0,,False,False
1315517198,yes,1547658.0,5196072.0,0.0,0.0,0.0,0,,False,False
1315517199,yes,1547627.0,5196071.0,0.0,0.0,0.0,0,,False,False
1315517200,yes,1547668.0,5196117.0,0.0,0.0,0.0,0,,False,False
1315517201,yes,1547583.0,5196077.0,0.0,0.0,0.0,0,,False,False
1315517202,yes,1547566.0,5196088.0,0.0,0.0,0.0,0,,False,False
1315517203,yes,1547504.0,5195964.0,0.0,0.0,0.0,0,,False,False
1315517204,yes,1547706.0,5195890.0,0.0,0.0,0.0,0,,False,False
1315517205,yes,1547697.0,5195867.0,0.0,0.0,0.0,0,,False,False
1315517206,yes,1547802.0,5195856.0,0.0,0.0,0.0,0,,False,False
1315517207,yes,1547763.0,5195879.0,0.0,0.0,0.0,0,,False,False
1315517208,yes,1547514.0,5195782.0,0.0,0.0,0.0,0,,False,False
1315517209,yes,1547654.0,5195731.0,0.0,0.0,0.0,0,,False,False
1315517210,yes,1547746.0,5195718.0,0.0,0.0,0.0,0,,False,False
1315517211,yes,1547776.0,5195756.0,0.0,0.0,0.0,0,,False,False
1315517212,yes,1547799.0,5195684.0,0.0,0.0,0.0,0,,False,False
1315517213,yes,1547882.0,5195665.0,0.0,0.0,0.0,0,,False,False
1315517214,yes,1547363.0,5195833.0,0.0,0.0,0.0,0,,False,False
1315517215,yes,1547372.0,5195813.0,0.0,0.0,0.0,0,,False,False
1315517216,yes,1547420.0,5195835.0,0.0,0.0,0.0,0,,False,False
1315517217,yes,1547409.0,5195848.0,0.0,0.0,0.0,0,,False,False
1315517218,yes,1547418.0,5195828.0,0.0,0.0,0.0,0,,False,False
1315517219,yes,1547236.0,5195750.0,0.0,0.0,0.0,0,,False,False
1315517220,yes,1547212.0,5195802.0,0.0,0.0,0.0,0,,False,False
1315517221,yes,1547325.0,5195539.0,0.0,0.0,0.0,0,,False,False
1315517222,yes,1547310.0,5195545.0,0.0,0.0,0.0,0,,False,False
1315517223,yes,1547222.0,5195453.0,0.16,0.56,0.09,1,,False,False
1315517224,yes,1547254.0,5195423.0,0.2,0.69,0.14,1,,False,False
1315517225,yes,1547401.0,5195409.0,0.2,0.63,0.13,1,,False,False
1315517226,yes,1547174.0,5195275.0,0.31,0.79,0.25,2,3.58,False,False
1315517227,yes,1547215.0,5195277.0,0.31,0.81,0.25,2,3.6,False,False
1315517228,yes,1547374.0,5195315.0,0.32,0.87,0.28,2,3.64,False,False
1315517229,yes,1547674.0,5195426.0,0.0,0.34,0.04,0,,False,False
1315517230,yes,1547690.0,5195394.0,0.15,0.52,0.08,1,,False,False
1315517231,yes,1547605.0,5195255.0,0.35,0.89,0.31,2,3.71,False,False
1315517232,yes,1547607.0,5195224.0,0.36,0.91,0.32,2,3.7,False,False
1315517233,yes,1547821.0,5195095.0,0.27,0.77,0.21,1,3.8,False,False
1315517234,yes,1547800.0,5195049.0,0.19,0.64,0.12,1,3.85,False,False
1315517235,yes,1547491.0,5195035.0,0.14,0.51,0.07,1,,False,False
1315517236,yes,1548217.0,5195085.0,0.19,0.64,0.13,1,3.96,False,False
1315517237,yes,1548205.0,5195074.0,0.19,0.63,0.12,1,3.96,False,False
1315517238,yes,1548199.0,5195048.0,0.2,0.66,0.14,1,3.96,False,False
1315517239,yes,1548210.0,5195021.0,0.22,0.7,0.16,1,3.96,False,False
1315517240,yes,1548395.0,5194970.0,0.21,0.67,0.14,1,,False,False
1315517241,yes,1548366.0,5194938.0,0.19,0.63,0.12,1,,False,False
1315517242,yes,1548393.0,5194913.0,0.18,0.62,0.11,1,,False,False
1315517243,yes,1548392.0,5194902.0,0.18,0.61,0.11,1,,False,False
1315517244,yes,1548462.0,5195102.0,0.13,0.49,0.06,1,,False,False
1315517245,yes,1548774.0,5195120.0,0.11,0.4,0.04,1,,False,False
1315517246,yes,1548721.0,5195127.0,0.13,0.45,0.06,1,,False,False
1315517247,yes,1548911.0,5195098.0,0.0,0.01,0.0,0,,False,False
1315517248,yes,1548889.0,5195076.0,0.0,0.27,0.03,0,,False,False
1315517249,yes,1548899.0,5195065.0,0.0,0.3,0.04,0,,False,False
1315517250,yes,1548812.0,5195336.0,0.0,0.0,0.0,0,,False,False
1315517251,yes,1548579.0,5195314.0,0.0,0.0,0.0,0,,False,False
1315517252,yes,1548621.0,5195330.0,0.0,0.0,0.0,0,,False,False
1315517253,yes,1548531.0,5195348.0,0.0,0.0,0.0,0,,False,False
1315517254,yes,1548444.0,5195278.0,0.21,0.66,0.15,1,,False,False
1315517255,yes,1548456.0,5195242.0,0.26,0.74,0.19,1,4.0,False,False
1315517256,yes,1548479.0,5195253.0,0.25,0.71,0.18,1,4.0,False,False
1315517257,yes,1549115.0,5195341.0,0.0,0.0,0.0,0,,False,False
1315517258,yes,1549087.0,5195280.0,0.0,0.0,0.0,0,,False,False
1315517259,yes,1549091.0,5195321.0,0.0,0.0,0.0,0,,False,False
1315517260,yes,1549083.0,5195328.0,0.0,0.0,0.0,0,,False,False
1315517261,yes,1548944.0,5195359.0,0.0,0.0,0.0,0,,False,False
1315517262,yes,1548911.0,5195390.0,0.0,0.0,0.0,0,,False,False
1315517263,yes,1548934.0,5195372.0,0.0,0.0,0.0,0,,False,False
1315517264,yes,1548887.0,5195369.0,0.0,0.0,0.0,0,,False,False
1315517265,yes,1548744.0,5195419.0,0.0,0.0,0.0,0,,False,False
1315517266,yes,1548705.0,5195407.0,0.0,0.0,0.0,0,,False,False
1315517267,yes,1548706.0,5195397.0,0.0,0.0,0.0,0,,False,False
1315517268,yes,1548706.0,5195390.0,0.0,0.0,0.0,0,,False,False
1315517269,yes,1548712.0,5195490.0,0.0,0.0,0.0,0,,False,False
1315517270,yes,1548890.0,5195274.0,0.0,0.0,0.0,0,,False,False
1315517271,yes,1548899.0,5195267.0,0.0,0.0,0.0,0,,False,False
1315518319,yes,1549434.0,5195053.0,0.0,0.0,0.0,0,,False,False
1315518320,yes,1549411.0,5195083.0,0.0,0.0,0.0,0,,False,False
1315518321,yes,1549404.0,5195052.0,0.0,0.0,0.0,0,,False,False
1315518322,yes,1549379.0,5195060.0,0.0,0.0,0.0,0,,False,False
1315518323,yes,1549370.0,5195078.0,0.0,0.0,0.0,0,,False,False
1315518324,yes,1549305.0,5195096.0,0.0,0.0,0.0,0,,False,False
1315518325,yes,1549211.0,5194992.0,0.0,0.0,0.0,0,,False,False
1315518326,yes,1549182.0,5194978.0,0.0,0.0,0.0,0,,False,False
1315518327,yes,1549176.0,5194964.0,0.0,0.0,0.0,0,,False,False
1315518328,yes,1549094.0,5195042.0,0.0,0.0,0.0,0,,False,False
1315518329,yes,1548677.0,5195540.0,0.0,0.0,0.0,0,,False,False
1315518330,yes,1548658.0,5195564.0,0.0,0.0,0.0,0,,False,False
1315518331,yes,1548670.0,5195507.0,0.0,0.0,0.0,0,,False,False
1315518332,yes,1548566.0,5195463.0,0.0,0.0,0.0,0,,False,False
1315518333,yes,1548566.0,5195435.0,0.0,0.0,0.0,0,,False,False
1315518334,yes,1548602.0,5195387.0,0.0,0.0,0.0,0,,False,False
1315518335,yes,1548346.0,5195348.0,0.0,0.3,0.06,0,,False,False
1315518336,yes,1548336.0,5195342.0,0.0,0.35,0.06,0,,False,False
1315518337,yes,1548417.0,5195340.0,0.0,0.31,0.04,0,,False,False
1315518338,yes,1548238.0,5195362.0,0.0,0.15,0.03,0,,False,False
1315518339,yes,1548284.0,5195364.0,0.0,0.3,0.04,0,,False,False
1315518340,yes,1548281.0,5195343.0,0.11,0.48,0.07,1,,False,False
1315518341,yes,1548311.0,5195356.0,0.0,0.38,0.06,0,,False,False
1315518342,yes,1548309.0,5195346.0,0.12,0.52,0.08,1,,False,False
1315518343,yes,1548327.0,5195322.0,0.16,0.59,0.11,1,,False,False
1315518344,yes,1548076.0,5195546.0,0.0,0.0,0.0,0,,False,False
1315518345,yes,1548081.0,5195519.0,0.0,0.0,0.0,0,,False,False
1315518346,yes,1548243.0,5195595.0,0.0,0.0,0.0,0,,False,False
1315518347,yes,1548267.0,5195582.0,0.0,0.0,0.0,0,,False,False
1315518348,yes,1548323.0,5195558.0,0.0,0.0,0.0,0,,False,False
1315518349,yes,1548352.0,5195573.0,0.0,0.0,0.0,0,,False,False
1315518350,yes,1548733.0,5195726.0,0.0,0.0,0.0,0,,False,False
1315518351,yes,1548703.0,5195762.0,0.0,0.0,0.0,0,,False,False
1315518352,yes,1548419.0,5195719.0,0.0,0.0,0.0,0,,False,False
1315518353,yes,1548317.0,5195734.0,0.0,0.0,0.0,0,,False,False
1315518354,yes,1548290.0,5195706.0,0.0,0.0,0.0,0,,False,False
1315518355,yes,1548167.0,5195776.0,0.0,0.0,0.0,0,,False,False
1315518356,yes,1548191.0,5195741.0,0.0,0.0,0.0,0,,False,False
1315518357,yes,1547954.0,5195678.0,0.0,0.0,0.0,0,,False,False
1315518358,yes,1547967.0,5195651.0,0.0,0.0,0.0,0,,False,False
1315518359,yes,1547958.0,5195650.0,0.0,0.0,0.0,0,,False,False
1315518360,yes,1547997.0,5195803.0,0.0,0.0,0.0,0,,False,False
1315518361,yes,1548076.0,5195505.0,0.0,0.0,0.0,0,,False,False
1315518362,yes,1548277.0,5196022.0,0.0,0.0,0.0,0,,False,False
1315518363,yes,1548231.0,5196014.0,0.0,0.0,0.0,0,,False,False
1315518364,yes,1548060.0,5196053.0,0.0,0.0,0.0,0,,False,False
1315518365,yes,1548043.0,5196056.0,0.0,0.0,0.0,0,,False,False
1315518366,yes,1548113.0,5195948.0,0.0,0.0,0.0,0,,False,False
1315518367,yes,1548530.0,5196139.0,0.0,0.0,0.0,0,,False,False
1315518368,yes,1548475.0,5196124.0,0.0,0.0,0.0,0,,False,False
1315518369,yes,1548463.0,5196093.0,0.0,0.0,0.0,0,,False,False
1315518370,yes,1548773.0,5196300.0,0.0,0.0,0.0,0,,False,False
1315518371,yes,1548814.0,5196303.0,0.0,0.0,0.0,0,,False,False
1315518372,yes,1549051.0,5196337.0,0.0,0.0,0.0,0,,False,False
1315518373,yes,1548972.0,5196096.0,0.0,0.0,0.0,0,,False,False
1315518374,yes,1548898.0,5196146.0,0.0,0.0,0.0,0,,False,False
1315518375,yes,1548826.0,5196199.0,0.0,0.0,0.0,0,,False,False
1315518376,yes,1548781.0,5196216.0,0.0,0.0,0.0,0,,False,False
1315518377,yes,1548424.0,5196488.0,0.0,0.0,0.0,0,,False,False
1315518378,yes,1548428.0,5196457.0,0.0,0.0,0.0,0,,False,False
1315518379,yes,1548934.0,5196539.0,0.0,0.19,0.02,0,,False,False
1315518380,yes,1549148.0,5196575.0,0.0,0.21,0.02,0,,False,False
1315518381,yes,1549200.0,5196590.0,0.0,0.0,0.0,0,,False,False
1315518382,yes,1549268.0,5196322.0,0.0,0.0,0.0,0,,False,False
1315518383,yes,1549252.0,5196339.0,0.0,0.0,0.0,0,,False,False
1315518384,yes,1549295.0,5196307.0,0.0,0.0,0.0,0,,False,False
1315518385,yes,1548931.0,5196612.0,0.0,0.0,0.0,0,,False,False
1315518386,yes,1549045.0,5196659.0,0.0,0.01,0.0,0,,False,False
1315518387,yes,1548526.0,5196552.0,0.0,0.0,0.0,0,,False,False
1315518388,yes,1548514.0,5196672.0,0.0,0.18,0.02,0,,False,False
1315518389,yes,1548637.0,5196601.0,0.0,0.35,0.04,0,,False,False
1315518390,yes,1548778.0,5196728.0,0.0,0.0,0.0,0,,False,False
1315518391,yes,1548789.0,5196793.0,0.0,0.0,0.0,0,,False,False
1315518392,yes,1548757.0,5196719.0,0.0,0.0,0.0,0,,False,False
1315518393,yes,1548758.0,5196708.0,0.0,0.0,0.0,0,,False,False
1315518394,yes,1548772.0,5196713.0,0.0,0.0,0.0,0,,False,False
1315518395,yes,1549059.0,5196691.0,0.0,0.0,0.0,0,,False,False
1315518396,yes,1548863.0,5196632.0,0.0,0.0,0.0,0,,False,False
1315518397,yes,1548802.0,5196667.0,0.0,0.0,0.0,0,,False,False
1315518398,yes,1548674.0,5196859.0,0.0,0.0,0.0,0,,False,False
1315518399,yes,1548595.0,5196868.0,0.0,0.0,0.0,0,,False,False
1315518400,yes,1548510.0,5196854.0,0.0,0.0,0.0,0,,False,False
1315518401,yes,1548491.0,5196744.0,0.0,0.0,0.0,0,,False,False
1315518402,yes,1548515.0,5196733.0,0.0,0.0,0.0,0,,False,False
1315518403,yes,1548494.0,5196684.0,0.0,0.0,0.0,0,,False,False
1315518404,yes,1548460.0,5196652.0,0.0,0.0,0.0,0,,False,False
1315518405,yes,1548316.0,5196908.0,0.0,0.0,0.0,0,,False,False
1315518406,yes,1548295.0,5196859.0,0.0,0.0,0.0,0,,False,False
1315518407,yes,1548356.0,5196882.0,0.0,0.0,0.0,0,,False,False
1315518408,yes,1548095.0,5196945.0,0.0,0.0,0.0,0,,False,False
1315518409,yes,1548063.0,5196998.0,0.0,0.0,0.0,0,,False,False
1315518410,yes,1548030.0,5196945.0,0.0,0.0,0.0,0,,False,False
1315518411,yes,1548045.0,5196923.0,0.0,0.0,0.0,0,,False,False
1315518412,yes,1548067.0,5196923.0,0.0,0.0,0.0,0,,False,False
1315518413,yes,1548206.0,5197157.0,0.0,0.0,0.0,0,,False,False
1315518414,yes,1548204.0,5197137.0,0.0,0.0,0.0,0,,False,False
1315518415,yes,1548221.0,5197125.0,0.0,0.0,0.0,0,,False,False
1315518416,yes,1548249.0,5197127.0,0.0,0.0,0.0,0,,False,False
1315518417,yes,1548351.0,5197106.0,0.0,0.0,0.0,0,,False,False
1315518418,yes,1548369.0,5197091.0,0.0,0.0,0.0,0,,False,False
1315518419,yes,1548379.0,5197068.0,0.0,0.0,0.0,0,,False,False
1315518420,yes,1548032.0,5197255.0,0.0,0.0,0.0,0,,False,False
1315518421,yes,1548003.0,5197201.0,0.0,0.0,0.0,0,,False,False
1315518422,yes,1547890.0,5197334.0,0.0,0.0,0.0,0,,False,False
1315518423,yes,1547923.0,5197348.0,0.0,0.0,0.0,0,,False,False
1315518424,yes,1547742.0,5197169.0,0.0,0.0,0.0,0,,False,False
1315518425,yes,1547784.0,5197389.0,0.0,0.0,0.0,0,,False,False
1315518426,yes,1547945.0,5197509.0,0.14,0.48,0.07,1,,False,False
1315518427,yes,1547879.0,5197502.0,0.17,0.5,0.09,1,,False,False
1315518428,yes,1547916.0,5197532.0,0.15,0.48,0.07,1,,False,False
1315518429,yes,1547929.0,5197526.0,0.16,0.5,0.08,1,,False,False
1315518430,yes,1547938.0,5197494.0,0.14,0.47,0.07,1,,False,False
1315518431,yes,1548039.0,5197618.0,0.0,0.31,0.05,0,,False,False
1315518432,yes,1547982.0,5197683.0,0.0,0.0,0.0,0,,False,False
1315518433,yes,1547908.0,5197655.0,0.0,0.0,0.0,0,,False,False
1315518434,yes,1547826.0,5197620.0,0.0,0.0,0.0,0,,False,False
1315518435,yes,1548265.0,5197525.0,0.0,0.3,0.03,0,,False,False
1315518436,yes,1548287.0,5197525.0,0.0,0.18,0.02,0,,False,False
1315518437,yes,1548193.0,5197529.0,0.14,0.43,0.06,1,,False,False
1315518438,yes,1548164.0,5197555.0,0.17,0.47,0.08,1,,False,False
1315518439,yes,1548198.0,5197568.0,0.15,0.45,0.07,1,,False,False
1315518440,yes,1548207.0,5197561.0,0.15,0.44,0.06,1,,False,False
1315518441,yes,1548175.0,5197450.0,0.0,0.1,0.01,0,,False,False
1315518442,yes,1548163.0,5197431.0,0.0,0.0,0.0,0,,False,False
1315518443,yes,1548149.0,5197435.0,0.0,0.06,0.01,0,,False,False
1315518444,yes,1548132.0,5197445.0,0.0,0.16,0.02,0,,False,False
1315518445,yes,1548135.0,5197453.0,0.0,0.23,0.03,0,,False,False
1315518446,yes,1548125.0,5197453.0,0.0,0.27,0.03,0,,False,False
1315518447,yes,1548170.0,5197425.0,0.0,0.0,0.0,0,,False,False
1315518448,yes,1547983.0,5197726.0,0.0,0.0,0.0,0,,False,False
1315518449,yes,1547999.0,5197717.0,0.0,0.0,0.0,0,,False,False
1315518450,yes,1547931.0,5197706.0,0.0,0.0,0.0,0,,False,False
1315518451,yes,1547630.0,5197093.0,0.0,0.0,0.0,0,,False,False
1315518452,yes,1547626.0,5197060.0,0.0,0.0,0.0,0,,False,False
1315518453,yes,1547558.0,5197057.0,0.0,0.0,0.0,0,,False,False
1315518454,yes,1547562.0,5196820.0,0.0,0.14,0.02,0,,False,False
1315518455,yes,1547538.0,5196812.0,0.0,0.0,0.0,0,,False,False
1315518456,yes,1547614.0,5196770.0,0.0,0.03,0.0,0,,False,False
1315518457,yes,1547650.0,5196761.0,0.0,0.0,0.0,0,,False,False
1315518458,yes,1547633.0,5196751.0,0.0,0.0,0.0,0,,False,False
1315518459,yes,1547673.0,5196730.0,0.0,0.0,0.0,0,,False,False
1315518460,yes,1547819.0,5196844.0,0.0,0.0,0.0,0,,False,False
1315518461,yes,1547840.0,5196837.0,0.0,0.0,0.0,0,,False,False
1315518462,yes,1547831.0,5196818.0,0.0,0.0,0.0,0,,False,False
1315518463,yes,1547751.0,5196805.0,0.0,0.0,0.0,0,,False,False
1315518464,yes,1547746.0,5196777.0,0.0,0.0,0.0,0,,False,False
1315518465,yes,1547774.0,5196759.0,0.0,0.0,0.0,0,,False,False
1315518466,yes,1547801.0,5196746.0,0.0,0.0,0.0,0,,False,False
1315518467,yes,1547596.0,5196693.0,0.0,0.0,0.0,0,,False,False
1315518468,yes,1547735.0,5196611.0,0.0,0.0,0.0,0,,False,False
1315518469,yes,1547758.0,5196580.0,0.0,0.0,0.0,0,,False,False
1315518470,yes,1547744.0,5196553.0,0.0,0.0,0.0,0,,False,False
1315518471,yes,1547753.0,5196567.0,0.0,0.0,0.0,0,,False,False
1315518472,yes,1547734.0,5196577.0,0.0,0.0,0.0,0,,False,False
1315518473,yes,1547148.0,5196885.0,0.0,0.33,0.04,0,,False,False
1315518474,yes,1548064.0,5196389.0,0.0,0.0,0.0,0,,False,False
1315518475,yes,1548043.0,5196397.0,0.0,0.0,0.0,0,,False,False
1315518476,yes,1548162.0,5196478.0,0.0,0.0,0.0,0,,False,False
1315518477,yes,1548145.0,5196451.0,0.0,0.0,0.0,0,,False,False
1315518478,yes,1548180.0,5196440.0,0.0,0.0,0.0,0,,False,False
1315518479,yes,1548198.0,5196433.0,0.0,0.0,0.0,0,,False,False
1315518480,yes,1548137.0,5196626.0,0.0,0.0,0.0,0,,False,False
1315518481,yes,1548148.0,5196630.0,0.0,0.0,0.0,0,,False,False
1315518482,yes,1548144.0,5196604.0,0.0,0.0,0.0,0,,False,False
1315518483,yes,1548120.0,5196609.0,0.0,0.0,0.0,0,,False,False
1315518484,yes,1548987.0,5195892.0,0.0,0.0,0.0,0,,False,False
1315518485,yes,1549031.0,5195868.0,0.0,0.0,0.0,0,,False,False
1315518486,yes,1548991.0,5195868.0,0.0,0.0,0.0,0,,False,False
1315518487,yes,1549222.0,5195972.0,0.0,0.0,0.0,0,,False,False
1315518488,yes,1549187.0,5195917.0,0.0,0.0,0.0,0,,False,False
1315518489,yes,1549238.0,5195852.0,0.0,0.0,0.0,0,,False,False
1315518490,yes,1549212.0,5195788.0,0.0,0.0,0.0,0,,False,False
1315518491,yes,1549225.0,5195740.0,0.0,0.0,0.0,0,,False,False
1315518492,yes,1549234.0,5195739.0,0.0,0.0,0.0,0,,False,False
1315518493,yes,1549242.0,5195728.0,0.0,0.0,0.0,0,,False,False
1315518494,yes,1549265.0,5195713.0,0.0,0.0,0.0,0,,False,False
1315518495,yes,1549237.0,5195704.0,0.0,0.0,0.0,0,,False,False
1315518496,yes,1549520.0,5195557.0,0.0,0.0,0.0,0,,False,False
1315518497,yes,1549513.0,5195540.0,0.0,0.0,0.0,0,,False,False
1315518498,yes,1549685.0,5195459.0,0.0,0.0,0.0,0,,False,False
1315518499,yes,1549676.0,5195440.0,0.0,0.09,0.01,0,,False,False
1315518500,yes,1549888.0,5195594.0,0.0,0.0,0.0,0,,False,False
1315518501,yes,1549862.0,5195635.0,0.0,0.0,0.0,0,,False,False
1315518502,yes,1549867.0,5195581.0,0.0,0.0,0.0,0,,False,False
1315518503,yes,1549906.0,5195611.0,0.0,0.0,0.0,0,,False,False
1315518504,yes,1549914.0,5195611.0,0.0,0.0,0.0,0,,False,False
1315518505,yes,1549773.0,5195762.0,0.0,0.0,0.0,0,,False,False
1315518506,yes,1549747.0,5195754.0,0.0,0.0,0.0,0,,False,False
1315518507,yes,1549761.0,5195738.0,0.0,0.0,0.0,0,,False,False
1315518508,yes,1549638.0,5195787.0,0.0,0.0,0.0,0,,False,False
1315518509,yes,1549636.0,5195784.0,0.0,0.0,0.0,0,,False,False
1315518510,yes,1549814.0,5195929.0,0.0,0.0,0.0,0,,False,False
1315518511,yes,1549573.0,5196014.0,0.0,0.0,0.0,0,,False,False
1315518512,yes,1549601.0,5196013.0,0.0,0.0,0.0,0,,False,False
1315518513,yes,1549622.0,5196026.0,0.0,0.0,0.0,0,,False,False
1315518514,yes,1549663.0,5196030.0,0.0,0.0,0.0,0,,False,False
1315518515,yes,1549615.0,5196061.0,0.0,0.0,0.0,0,,False,False
1315518516,yes,1549480.0,5195894.0,0.0,0.0,0.0,0,,False,False
1315518517,yes,1549453.0,5195940.0,0.0,0.0,0.0,0,,False,False
1315518518,yes,1549499.0,5195859.0,0.0,0.0,0.0,0,,False,False
1315518519,yes,1549507.0,5195889.0,0.0,0.0,0.0,0,,False,False
1315518520,yes,1549839.0,5196107.0,0.0,0.0,0.0,0,,False,False
1315518521,yes,1549851.0,5196097.0,0.0,0.0,0.0,0,,False,False
1315518522,yes,1549812.0,5196085.0,0.0,0.0,0.0,0,,False,False
1315518523,yes,1549775.0,5196102.0,0.0,0.0,0.0,0,,False,False
1315518524,yes,1549762.0,5196235.0,0.0,0.12,0.01,0,,False,False
1315518525,yes,1549774.0,5196294.0,0.0,0.32,0.04,0,,False,False
1315518526,yes,1549775.0,5196345.0,0.0,0.0,0.0,0,,False,False
1315518527,yes,1549779.0,5196311.0,0.0,0.15,0.02,0,,False,False
1315518528,yes,1549876.0,5196300.0,0.0,0.0,0.0,0,,False,False
1315518529,yes,1549910.0,5196294.0,0.0,0.0,0.0,0,,False,False
1315518530,yes,1549956.0,5196375.0,0.0,0.0,0.0,0,,False,False
1315518531,yes,1549802.0,5196433.0,0.0,0.0,0.0,0,,False,False
1315518532,yes,1549791.0,5196445.0,0.0,0.0,0.0,0,,False,False
1315518533,yes,1549640.0,5196512.0,0.0,0.0,0.0,0,,False,False
1315518534,yes,1549642.0,5196495.0,0.0,0.0,0.0,0,,False,False
1316595140,yes,1547267.0,5193947.0,0.62,1.32,0.82,4,3.03,True,True
1316595141,yes,1547297.0,5193989.0,0.59,1.29,0.76,4,3.03,True,True
1316595142,yes,1547339.0,5194006.0,0.53,1.23,0.66,4,3.03,True,True
1316595143,yes,1547356.0,5193973.0,0.52,1.24,0.65,4,3.03,True,True
1316595144,yes,1547234.0,5193867.0,0.53,1.18,0.63,4,3.03,True,True
1316595145,yes,1547221.0,5193861.0,0.52,1.17,0.61,4,3.03,True,True
1316595146,yes,1547201.0,5193865.0,0.49,1.14,0.56,2,3.04,False,False
1316595147,yes,1547280.0,5193814.0,0.55,1.18,0.65,4,3.04,True,True
1316595148,yes,1547715.0,5193645.0,0.92,1.6,1.47,5,3.11,True,True
1316595149,yes,1547751.0,5193658.0,0.95,1.59,1.51,5,3.12,True,True
1316595150,yes,1547755.0,5193676.0,0.97,1.6,1.54,5,3.13,True,True
1316595151,yes,1547797.0,5193734.0,1.13,1.62,1.83,5,3.13,True,True
1316595152,yes,1547796.0,5193771.0,1.19,1.58,1.88,5,3.13,True,True
1316595153,yes,1547800.0,5193760.0,1.2,1.62,1.94,5,3.13,True,True
1316595154,yes,1547868.0,5193886.0,0.28,0.73,0.26,1,,False,False
1316595155,yes,1547859.0,5193900.0,0.26,0.56,0.27,1,,False,False
1316595156,yes,1547829.0,5193903.0,0.39,0.96,0.39,2,,False,False
1316595157,yes,1547808.0,5193897.0,0.53,1.1,0.61,3,3.14,True,True
1316595158,yes,1547837.0,5193865.0,0.57,1.13,0.66,4,3.13,True,True
1316595159,yes,1547857.0,5193854.0,0.61,1.2,0.76,4,3.14,True,True
1316595160,yes,1547862.0,5193866.0,0.47,1.01,0.55,2,3.16,False,False
1316595161,yes,1547533.0,5193996.0,0.45,1.1,0.5,2,3.07,False,False
1316595162,yes,1547555.0,5193994.0,0.47,1.1,0.51,2,3.07,False,False
1316595163,yes,1547564.0,5193965.0,0.42,1.09,0.45,2,3.09,False,False
1316595164,yes,1548125.0,5193892.0,0.0,0.0,0.0,0,,False,False
1316595165,yes,1548081.0,5193895.0,0.0,0.05,0.01,0,,False,False
1316595166,yes,1548329.0,5193880.0,0.0,0.18,0.03,0,,False,False
1316595167,yes,1548108.0,5193899.0,0.0,0.05,0.01,0,,False,False
1316595168,yes,1548157.0,5193688.0,1.31,2.05,2.68,5,3.17,True,True
1316595169,yes,1548403.0,5193921.0,0.0,0.0,0.0,0,,False,False
1316595170,yes,1548715.0,5193703.0,1.26,1.98,2.51,5,3.26,True,True
1316595171,yes,1548699.0,5193682.0,1.3,2.08,2.69,5,3.25,True,True
1316595172,yes,1548462.0,5193677.0,1.35,1.98,2.64,5,3.21,True,True
1316595173,yes,1548862.0,5193629.0,1.15,1.9,2.2,5,3.27,True,True
1316595174,yes,1548947.0,5193560.0,0.97,1.66,1.61,5,3.3,True,True
1316595175,yes,1548183.0,5194079.0,0.0,0.0,0.0,0,,False,False
1316595176,yes,1548156.0,5194112.0,0.0,0.31,0.04,0,,False,False
1316595177,yes,1548044.0,5194155.0,0.16,0.54,0.09,1,3.95,False,False
1316595178,yes,1548098.0,5194036.0,0.12,0.41,0.06,1,,False,False
1316595179,yes,1548105.0,5194023.0,0.1,0.33,0.05,1,,False,False
1316595180,yes,1548090.0,5193998.0,0.14,0.47,0.07,1,,False,False
1316595181,yes,1548150.0,5194004.0,0.0,0.16,0.02,0,,False,False
1316595182,yes,1548158.0,5193990.0,0.0,0.2,0.02,0,,False,False
1316595183,yes,1547925.0,5194041.0,0.12,0.45,0.06,1,,False,False
1316595184,yes,1547904.0,5194063.0,0.15,0.49,0.07,1,,False,False
1316595185,yes,1547943.0,5194149.0,0.21,0.59,0.12,1,3.59,False,False
1316595186,yes,1548093.0,5194220.0,0.16,0.55,0.09,1,4.0,False,False
1316595187,yes,1548075.0,5194184.0,0.15,0.54,0.08,1,4.0,False,False
1316595188,yes,1548101.0,5194296.0,0.0,0.29,0.03,0,,False,False
1316595189,yes,1548125.0,5194308.0,0.0,0.1,0.01,0,,False,False
1316595190,yes,1548150.0,5194315.0,0.0,0.0,0.0,0,,False,False
1316595191,yes,1548160.0,5194311.0,0.0,0.0,0.0,0,,False,False
1316595192,yes,1548113.0,5194347.0,0.0,0.0,0.0,0,,False,False
1316595193,yes,1548133.0,5194353.0,0.0,0.0,0.0,0,,False,False
1316595194,yes,1548101.0,5194374.0,0.0,0.0,0.0,0,,False,False
1316595195,yes,1548145.0,5194376.0,0.0,0.0,0.0,0,,False,False
1316595196,yes,1548183.0,5194371.0,0.0,0.0,0.0,0,,False,False
1316595197,yes,1548179.0,5194417.0,0.0,0.0,0.0,0,,False,False
1316595198,yes,1548253.0,5194371.0,0.0,0.0,0.0,0,,False,False
1316595199,yes,1548242.0,5194339.0,0.0,0.0,0.0,0,,False,False
1316595200,yes,1548017.0,5194382.0,0.0,0.0,0.0,0,,False,False
1316595201,yes,1548024.0,5194374.0,0.0,0.0,0.0,0,,False,False
1316595202,yes,1547994.0,5194424.0,0.0,0.0,0.0,0,,False,False
1316595203,yes,1547937.0,5194380.0,0.0,0.0,0.0,0,,False,False
1316595204,yes,1547926.0,5194485.0,0.0,0.0,0.0,0,,False,False
1316595205,yes,1548070.0,5194574.0,0.0,0.0,0.0,0,,False,False
1316595206,yes,1548090.0,5194568.0,0.0,0.0,0.0,0,,False,False
1316595207,yes,1548112.0,5194573.0,0.0,0.0,0.0,0,,False,False
1316595208,yes,1548109.0,5194563.0,0.0,0.0,0.0,0,,False,False
1316595209,yes,1548067.0,5194526.0,0.0,0.0,0.0,0,,False,False
1316595210,yes,1548080.0,5194519.0,0.0,0.0,0.0,0,,False,False
1316595211,yes,1548024.0,5194546.0,0.0,0.0,0.0,0,,False,False
1316595212,yes,1548134.0,5194493.0,0.0,0.0,0.0,0,,False,False
1316595213,yes,1548196.0,5194535.0,0.0,0.0,0.0,0,,False,False
1316595214,yes,1548085.0,5194647.0,0.0,0.0,0.0,0,,False,False
1316595215,yes,1548327.0,5194720.0,0.0,0.0,0.0,0,,False,False
1316595216,yes,1549295.0,5194131.0,0.0,0.0,0.0,0,,False,False
1316595217,yes,1549308.0,5194097.0,0.0,0.0,0.0,0,,False,False
1316595218,yes,1548519.0,5194536.0,0.0,0.0,0.0,0,,False,False
1316595219,yes,1548512.0,5194527.0,0.0,0.0,0.0,0,,False,False
1316595220,yes,1548644.0,5194410.0,0.0,0.0,0.0,0,,False,False
1316595221,yes,1548634.0,5194412.0,0.0,0.0,0.0,0,,False,False
1316595222,yes,1548787.0,5194584.0,0.0,0.0,0.0,0,,False,False
1316595223,yes,1548768.0,5194579.0,0.0,0.0,0.0,0,,False,False
1316595224,yes,1548580.0,5194670.0,0.0,0.0,0.0,0,,False,False
1316595225,yes,1548533.0,5194708.0,0.0,0.08,0.01,0,,False,False
1316595226,yes,1548461.0,5194650.0,0.0,0.0,0.0,0,,False,False
1316595227,yes,1547765.0,5194307.0,0.18,0.53,0.11,1,,False,False
1316595228,yes,1547616.0,5194194.0,0.2,0.64,0.13,1,3.44,False,False
1316595229,yes,1547613.0,5194179.0,0.22,0.68,0.15,1,3.26,False,False
1316595230,yes,1547595.0,5194200.0,0.18,0.6,0.11,1,3.57,False,False
1316595231,yes,1547381.0,5194276.0,0.18,0.63,0.12,1,3.53,False,False
1316595232,yes,1547331.0,5194287.0,0.21,0.71,0.15,1,3.26,False,False
1316595234,yes,1547128.0,5194123.0,0.62,1.33,0.82,4,2.98,True,True
1316595236,yes,1547376.0,5194477.0,0.18,0.59,0.11,1,3.82,False,False
1316595237,yes,1547383.0,5194464.0,0.18,0.6,0.11,1,3.81,False,False
1316595238,yes,1547528.0,5194506.0,0.0,0.0,0.0,0,,False,False
1316595240,yes,1547181.0,5195142.0,0.24,0.71,0.17,1,3.63,False,False
1316595241,yes,1547478.0,5195609.0,0.0,0.0,0.0,0,,False,False
1316595242,yes,1547258.0,5196019.0,0.0,0.0,0.0,0,,False,False
1316595243,yes,1547209.0,5196002.0,0.0,0.0,0.0,0,,False,False
1316595244,yes,1547192.0,5196000.0,0.0,0.0,0.0,0,,False,False
1316595247,yes,1547168.0,5196085.0,0.0,0.0,0.0,0,,False,False
1347033758,detached,1549809.0,5195089.0,0.0,0.0,0.0,0,,False,False
1347033759,yes,1549798.0,5195069.0,0.0,0.0,0.0,0,,False,False
1347033760,detached,1549977.0,5195085.0,0.0,0.0,0.0,0,,False,False
1347033761,yes,1550068.0,5195074.0,0.0,0.0,0.0,0,,False,False
1347033762,detached,1550102.0,5195011.0,0.0,0.0,0.0,0,,False,False
1347033763,garage,1550080.0,5194993.0,0.0,0.0,0.0,0,,False,False
1347033764,yes,1550139.0,5195035.0,0.0,0.0,0.0,0,,False,False
1347033765,yes,1550102.0,5195025.0,0.0,0.0,0.0,0,,False,False
1347033766,detached,1550236.0,5194994.0,0.0,0.0,0.0,0,,False,False
1347033767,yes,1550270.0,5195018.0,0.0,0.0,0.0,0,,False,False
1347033768,yes,1550275.0,5195015.0,0.0,0.0,0.0,0,,False,False
1347033769,detached,1550367.0,5194909.0,0.0,0.0,0.0,0,,False,False
1347033770,yes,1550388.0,5194905.0,0.0,0.0,0.0,0,,False,False
1347033771,yes,1550379.0,5194897.0,0.0,0.0,0.0,0,,False,False
1347033772,detached,1550503.0,5194507.0,0.0,0.0,0.0,0,,False,False
1347033773,yes,1550477.0,5194494.0,0.18,0.34,0.06,1,,False,False
1347033774,yes,1550512.0,5194494.0,0.0,0.0,0.0,0,,False,False
1347033775,garage,1550524.0,5194469.0,0.0,0.0,0.0,0,,False,False
1347033776,yes,1550728.0,5194586.0,0.0,0.0,0.0,0,,False,False
1347033777,detached,1550832.0,5194513.0,0.0,0.0,0.0,0,,False,False
1347033778,garage,1550831.0,5194484.0,0.0,0.0,0.0,0,,False,False
1347033779,detached,1550973.0,5194463.0,0.0,0.0,0.0,0,,False,False
1347033780,yes,1551010.0,5194470.0,0.0,0.0,0.0,0,,False,False
1347033781,yes,1551017.0,5194483.0,0.0,0.0,0.0,0,,False,False
1347033782,yes,1551114.0,5194628.0,0.0,0.0,0.0,0,,False,False
1347033783,detached,1551100.0,5194575.0,0.0,0.0,0.0,0,,False,False
1347033850,yes,1551159.0,5195053.0,0.0,0.0,0.0,0,,False,False
1347033851,detached,1550975.0,5195129.0,0.0,0.0,0.0,0,,False,False
1347033852,yes,1551014.0,5195083.0,0.0,0.0,0.0,0,,False,False
1347033853,yes,1551021.0,5195042.0,0.0,0.0,0.0,0,,False,False
1347033854,yes,1550988.0,5195277.0,0.0,0.0,0.0,0,,False,False
1347033855,yes,1550900.0,5195262.0,0.0,0.0,0.0,0,,False,False
1347033856,yes,1550858.0,5195248.0,0.0,0.0,0.0,0,,False,False
1347033857,yes,1550898.0,5195241.0,0.0,0.0,0.0,0,,False,False
1347033858,yes,1550912.0,5195227.0,0.0,0.0,0.0,0,,False,False
1347033859,detached,1550897.0,5195362.0,0.0,0.0,0.0,0,,False,False
1347033860,yes,1550883.0,5195384.0,0.0,0.0,0.0,0,,False,False
1347033861,yes,1550912.0,5195392.0,0.0,0.0,0.0,0,,False,False
1347033862,yes,1550968.0,5195403.0,0.0,0.0,0.0,0,,False,False
1347033863,detached,1550812.0,5195512.0,0.0,0.0,0.0,0,,False,False
1347033864,garage,1550772.0,5195498.0,0.0,0.0,0.0,0,,False,False
1347033865,yes,1550762.0,5195523.0,0.0,0.0,0.0,0,,False,False
1347033866,yes,1550750.0,5195505.0,0.0,0.0,0.0,0,,False,False
1347033867,detached,1551005.0,5195602.0,0.0,0.0,0.0,0,,False,False
1347033868,yes,1550983.0,5195582.0,0.0,0.0,0.0,0,,False,False
1347033869,yes,1550996.0,5195576.0,0.0,0.0,0.0,0,,False,False
1347033870,yes,1551020.0,5195598.0,0.0,0.0,0.0,0,,False,False
1347033871,yes,1551023.0,5195546.0,0.0,0.0,0.0,0,,False,False
1347033872,detached,1551033.0,5195708.0,0.0,0.0,0.0,0,,False,False
1347033873,yes,1551034.0,5195681.0,0.0,0.0,0.0,0,,False,False
1347033874,yes,1551069.0,5195664.0,0.0,0.0,0.0,0,,False,False
1347033875,detached,1550860.0,5195756.0,0.0,0.0,0.0,0,,False,False
1347033876,yes,1550908.0,5195748.0,0.0,0.0,0.0,0,,False,False
1347033877,yes,1550803.0,5195762.0,0.0,0.0,0.0,0,,False,False
1347035829,yes,1550479.0,5195191.0,0.0,0.0,0.0,0,,False,False
1347035830,yes,1550467.0,5195167.0,0.0,0.0,0.0,0,,False,False
1347035831,yes,1550455.0,5195123.0,0.0,0.0,0.0,0,,False,False
1347035832,yes,1550354.0,5195189.0,0.0,0.0,0.0,0,,False,False
1347035833,detached,1550304.0,5195202.0,0.0,0.0,0.0,0,,False,False
1347035834,detached,1550151.0,5195291.0,0.0,0.0,0.0,0,,False,False
1347035835,yes,1550093.0,5195236.0,0.0,0.0,0.0,0,,False,False
1347035836,detached,1550256.0,5194401.0,0.0,0.16,0.02,0,,False,False
1347035837,yes,1550221.0,5194397.0,0.0,0.0,0.0,0,,False,False
1347035838,yes,1550246.0,5194365.0,0.0,0.0,0.0,0,,False,False
1347035839,detached,1550208.0,5194283.0,0.0,0.0,0.0,0,,False,False
1347035840,garage,1550237.0,5194294.0,0.0,0.0,0.0,0,,False,False
1347035841,detached,1550184.0,5194201.0,0.0,0.0,0.0,0,,False,False
1347035842,garage,1550204.0,5194188.0,0.0,0.0,0.0,0,,False,False
1347035843,detached,1550073.0,5194231.0,0.0,0.0,0.0,0,,False,False
1347035844,garage,1550091.0,5194208.0,0.0,0.0,0.0,0,,False,False
1347035845,garage,1550114.0,5194209.0,0.0,0.0,0.0,0,,False,False
1347035846,detached,1550145.0,5194046.0,0.0,0.0,0.0,0,,False,False
1347035847,yes,1550116.0,5194016.0,0.0,0.0,0.0,0,,False,False
1347035848,detached,1550130.0,5193899.0,0.16,0.53,0.09,1,,False,False
1347035849,detached,1549622.0,5193905.0,0.0,0.0,0.0,0,,False,False
1347035850,garage,1549657.0,5193899.0,0.0,0.0,0.0,0,,False,False
1347035851,yes,1549649.0,5193879.0,0.0,0.04,0.01,0,,False,False
1347035852,yes,1549638.0,5193877.0,0.0,0.03,0.0,0,,False,False
1347035853,detached,1549457.0,5193893.0,0.0,0.0,0.0,0,,False,False
1347035854,detached,1549436.0,5193870.0,0.0,0.0,0.0,0,,False,False
1347035855,garage,1549456.0,5193850.0,0.0,0.0,0.0,0,,False,False
1347035856,garage,1549470.0,5193852.0,0.0,0.0,0.0,0,,False,False
1347035857,detached,1549692.0,5194189.0,0.0,0.0,0.0,0,,False,False
1347035858,garage,1549705.0,5194164.0,0.0,0.0,0.0,0,,False,False
1347035859,yes,1549630.0,5194144.0,0.0,0.0,0.0,0,,False,False
1347035860,detached,1549545.0,5194348.0,0.0,0.0,0.0,0,,False,False
1347035861,yes,1549599.0,5194354.0,0.0,0.0,0.0,0,,False,False
1484178647,yes,1550056.0,5197067.0,0.12,0.42,0.05,1,,False,False
236532213,yes,1548086.0,5200245.0,0.0,0.0,0.0,0,,False,False
236532214,yes,1548109.0,5200141.0,0.0,0.0,0.0,0,,False,False
236532215,yes,1548077.0,5200253.0,0.0,0.0,0.0,0,,False,False
236532216,yes,1548103.0,5200253.0,0.0,0.0,0.0,0,,False,False
236532217,yes,1548120.0,5200234.0,0.0,0.0,0.0,0,,False,False
236532218,yes,1548124.0,5200244.0,0.0,0.0,0.0,0,,False,False
236532219,yes,1548098.0,5200227.0,0.0,0.0,0.0,0,,False,False
236532220,yes,1548157.0,5200220.0,0.0,0.0,0.0,0,,False,False
236532221,yes,1548171.0,5200217.0,0.0,0.0,0.0,0,,False,False
236532222,yes,1548070.0,5200208.0,0.0,0.0,0.0,0,,False,False
236532223,yes,1548095.0,5200278.0,0.0,0.0,0.0,0,,False,False
236532224,yes,1548138.0,5200195.0,0.0,0.0,0.0,0,,False,False
536302372,greenhouse,1548686.0,5201913.0,0.0,0.0,0.0,0,,False,False
536302374,yes,1548722.0,5201901.0,0.0,0.0,0.0,0,,False,False
536302375,greenhouse,1548749.0,5201895.0,0.0,0.0,0.0,0,,False,False
957024732,yes,1547847.0,5200098.0,0.0,0.0,0.0,0,,False,False
957024733,yes,1547824.0,5200113.0,0.0,0.0,0.0,0,,False,False
957024734,yes,1547838.0,5200125.0,0.0,0.0,0.0,0,,False,False
957024735,yes,1547866.0,5200149.0,0.0,0.0,0.0,0,,False,False
957024736,yes,1547988.0,5200290.0,0.0,0.0,0.0,0,,False,False
957024737,yes,1547981.0,5200397.0,0.0,0.0,0.0,0,,False,False
957024738,yes,1547987.0,5200370.0,0.0,0.0,0.0,0,,False,False
957024739,yes,1548029.0,5200360.0,0.0,0.0,0.0,0,,False,False
957024740,yes,1548039.0,5200337.0,0.0,0.0,0.0,0,,False,False
957024741,yes,1548061.0,5200353.0,0.0,0.0,0.0,0,,False,False
957024742,yes,1548062.0,5200369.0,0.0,0.0,0.0,0,,False,False
957024743,yes,1548073.0,5200367.0,0.0,0.0,0.0,0,,False,False
957024744,yes,1548020.0,5200429.0,0.0,0.0,0.0,0,,False,False
957024745,yes,1548122.0,5200323.0,0.0,0.0,0.0,0,,False,False
957024746,yes,1548101.0,5200319.0,0.0,0.0,0.0,0,,False,False
957024747,yes,1548103.0,5200352.0,0.0,0.0,0.0,0,,False,False
957024748,yes,1548168.0,5200355.0,0.0,0.0,0.0,0,,False,False
957024749,yes,1548183.0,5200312.0,0.0,0.0,0.0,0,,False,False
957024750,yes,1548166.0,5200300.0,0.0,0.0,0.0,0,,False,False
957024754,yes,1548383.0,5200251.0,0.0,0.0,0.0,0,,False,False
957024755,yes,1548417.0,5200251.0,0.0,0.0,0.0,0,,False,False
957024756,yes,1548398.0,5200223.0,0.0,0.0,0.0,0,,False,False
957024757,yes,1548565.0,5200111.0,0.0,0.0,0.0,0,,False,False
957024758,yes,1548571.0,5200109.0,0.0,0.0,0.0,0,,False,False
957024759,yes,1548573.0,5200104.0,0.0,0.0,0.0,0,,False,False
957024760,yes,1548571.0,5200099.0,0.0,0.0,0.0,0,,False,False
957024761,yes,1548604.0,5200088.0,0.0,0.0,0.0,0,,False,False
957024763,yes,1548540.0,5199943.0,0.0,0.0,0.0,0,,False,False
957024764,yes,1548528.0,5199924.0,0.0,0.0,0.0,0,,False,False
957024765,yes,1548547.0,5199892.0,0.0,0.0,0.0,0,,False,False
957024766,yes,1548621.0,5199932.0,0.0,0.0,0.0,0,,False,False
957024767,yes,1548610.0,5199939.0,0.0,0.0,0.0,0,,False,False
957268662,yes,1548815.0,5200016.0,0.0,0.0,0.0,0,,False,False
957268663,yes,1548823.0,5200003.0,0.0,0.0,0.0,0,,False,False
957268664,yes,1548793.0,5199994.0,0.0,0.0,0.0,0,,False,False
957268665,yes,1548863.0,5199840.0,0.0,0.0,0.0,0,,False,False
957268666,yes,1548936.0,5199800.0,0.0,0.0,0.0,0,,False,False
957268667,yes,1548960.0,5199795.0,0.0,0.0,0.0,0,,False,False
957268668,yes,1548948.0,5199792.0,0.0,0.0,0.0,0,,False,False
957268669,yes,1548997.0,5199780.0,0.0,0.0,0.0,0,,False,False
957268670,yes,1549051.0,5199779.0,0.0,0.0,0.0,0,,False,False
957268674,yes,1549370.0,5199883.0,0.0,0.0,0.0,0,,False,False
957268675,yes,1549443.0,5199866.0,0.0,0.0,0.0,0,,False,False
957268676,yes,1549448.0,5199879.0,0.0,0.0,0.0,0,,False,False
957268677,yes,1549462.0,5199852.0,0.0,0.0,0.0,0,,False,False
957268683,yes,1549585.0,5199824.0,0.0,0.0,0.0,0,,False,False
957268684,yes,1549588.0,5199803.0,0.0,0.0,0.0,0,,False,False
957268686,yes,1549675.0,5199790.0,0.0,0.0,0.0,0,,False,False
957268687,yes,1549667.0,5199766.0,0.0,0.0,0.0,0,,False,False
957268688,yes,1549670.0,5199809.0,0.0,0.0,0.0,0,,False,False
957268689,yes,1549654.0,5199818.0,0.0,0.0,0.0,0,,False,False
957268690,yes,1549615.0,5199817.0,0.0,0.0,0.0,0,,False,False
957268691,yes,1549653.0,5199806.0,0.0,0.0,0.0,0,,False,False
957268692,yes,1549706.0,5199826.0,0.0,0.0,0.0,0,,False,False
957268698,yes,1549668.0,5199620.0,0.0,0.0,0.0,0,,False,False
957268699,yes,1549596.0,5199647.0,0.0,0.0,0.0,0,,False,False
957268700,yes,1549680.0,5199686.0,0.0,0.0,0.0,0,,False,False
957268701,yes,1549687.0,5199704.0,0.0,0.0,0.0,0,,False,False
957268704,yes,1549745.0,5199676.0,0.0,0.0,0.0,0,,False,False
957268705,yes,1549782.0,5199654.0,0.0,0.0,0.0,0,,False,False
957268706,yes,1549779.0,5199796.0,0.0,0.0,0.0,0,,False,False
957268707,yes,1549784.0,5199814.0,0.0,0.0,0.0,0,,False,False
957268708,yes,1549781.0,5199809.0,0.0,0.0,0.0,0,,False,False
957268709,yes,1549806.0,5199778.0,0.0,0.0,0.0,0,,False,False
957268710,yes,1549824.0,5199761.0,0.0,0.0,0.0,0,,False,False
957268711,yes,1549817.0,5199747.0,0.0,0.0,0.0,0,,False,False
957268712,yes,1549811.0,5199741.0,0.0,0.0,0.0,0,,False,False
957268713,yes,1549813.0,5199728.0,0.0,0.0,0.0,0,,False,False
957268714,yes,1549847.0,5199717.0,0.0,0.0,0.0,0,,False,False
957268715,yes,1549872.0,5199778.0,0.0,0.0,0.0,0,,False,False
957268716,yes,1549857.0,5199780.0,0.0,0.0,0.0,0,,False,False
957268717,yes,1549831.0,5199793.0,0.0,0.0,0.0,0,,False,False
957268718,yes,1549835.0,5199782.0,0.0,0.0,0.0,0,,False,False
957268719,yes,1549838.0,5199843.0,0.0,0.0,0.0,0,,False,False
957268720,yes,1549850.0,5199822.0,0.0,0.0,0.0,0,,False,False
957268721,yes,1549861.0,5199816.0,0.0,0.0,0.0,0,,False,False
957268722,yes,1549872.0,5199816.0,0.0,0.0,0.0,0,,False,False
957268723,yes,1549789.0,5199852.0,0.0,0.0,0.0,0,,False,False
957268724,yes,1549793.0,5199876.0,0.0,0.0,0.0,0,,False,False
957268725,yes,1549855.0,5199901.0,0.0,0.0,0.0,0,,False,False
957268726,yes,1549843.0,5199975.0,0.0,0.0,0.0,0,,False,False
957268727,yes,1549827.0,5199967.0,0.0,0.0,0.0,0,,False,False
957377983,yes,1549853.0,5200071.0,0.0,0.0,0.0,0,,False,False
957377984,yes,1549858.0,5200099.0,0.0,0.0,0.0,0,,False,False
957377985,yes,1549935.0,5200128.0,0.0,0.0,0.0,0,,False,False
957377987,yes,1549943.0,5200077.0,0.0,0.0,0.0,0,,False,False
957377988,yes,1549925.0,5200054.0,0.0,0.0,0.0,0,,False,False
957377989,yes,1549937.0,5200056.0,0.0,0.0,0.0,0,,False,False
957377990,yes,1549930.0,5200071.0,0.0,0.0,0.0,0,,False,False
957377991,yes,1549995.0,5199969.0,0.0,0.0,0.0,0,,False,False
957377992,yes,1550007.0,5199950.0,0.0,0.0,0.0,0,,False,False
957377998,yes,1549920.0,5199687.0,0.0,0.0,0.0,0,,False,False
957378004,yes,1549946.0,5199696.0,0.0,0.0,0.0,0,,False,False
957378005,yes,1549900.0,5199612.0,0.0,0.0,0.0,0,,False,False
957378006,yes,1549907.0,5199595.0,0.0,0.0,0.0,0,,False,False
957378008,yes,1549794.0,5199579.0,0.0,0.0,0.0,0,,False,False
957378009,yes,1549745.0,5199549.0,0.0,0.0,0.0,0,,False,False
957378010,yes,1549800.0,5199532.0,0.0,0.0,0.0,0,,False,False
957378011,yes,1549817.0,5199527.0,0.0,0.0,0.0,0,,False,False
957378012,yes,1549721.0,5199561.0,0.0,0.0,0.0,0,,False,False
957378013,yes,1549760.0,5199537.0,0.0,0.0,0.0,0,,False,False
957378014,yes,1549794.0,5199549.0,0.0,0.0,0.0,0,,False,False
957378015,yes,1549789.0,5199523.0,0.0,0.0,0.0,0,,False,False
957378016,yes,1549698.0,5199496.0,0.0,0.0,0.0,0,,False,False
957378019,yes,1549766.0,5199441.0,0.0,0.0,0.0,0,,False,False
957378021,yes,1549651.0,5199364.0,0.0,0.0,0.0,0,,False,False
957378023,yes,1549733.0,5199348.0,0.0,0.0,0.0,0,,False,False
957378027,yes,1549385.0,5199118.0,0.0,0.0,0.0,0,,False,False
957378028,yes,1549427.0,5199067.0,0.0,0.0,0.0,0,,False,False
957378029,yes,1549441.0,5199786.0,0.0,0.0,0.0,0,,False,False
957378030,yes,1549427.0,5199775.0,0.0,0.0,0.0,0,,False,False
957378031,yes,1549415.0,5199754.0,0.0,0.0,0.0,0,,False,False
957378032,yes,1549522.0,5199735.0,0.0,0.0,0.0,0,,False,False
957378033,yes,1549507.0,5199771.0,0.0,0.0,0.0,0,,False,False
957378034,yes,1549505.0,5199777.0,0.0,0.0,0.0,0,,False,False
957378035,yes,1549523.0,5199715.0,0.0,0.0,0.0,0,,False,False
957378036,yes,1549516.0,5199689.0,0.0,0.0,0.0,0,,False,False
957378037,yes,1549501.0,5199700.0,0.0,0.0,0.0,0,,False,False
957378038,yes,1549504.0,5199690.0,0.0,0.0,0.0,0,,False,False
957378039,yes,1549417.0,5199537.0,0.0,0.0,0.0,0,,False,False
957378040,yes,1549432.0,5199523.0,0.0,0.0,0.0,0,,False,False
957378041,yes,1549418.0,5199512.0,0.0,0.0,0.0,0,,False,False
957378043,yes,1549404.0,5199439.0,0.0,0.0,0.0,0,,False,False
957384899,yes,1549450.0,5199363.0,0.0,0.0,0.0,0,,False,False
957384900,yes,1549468.0,5199349.0,0.0,0.0,0.0,0,,False,False
957384901,yes,1549451.0,5199338.0,0.0,0.0,0.0,0,,False,False
957384902,yes,1549448.0,5199318.0,0.0,0.0,0.0,0,,False,False
957384903,yes,1549486.0,5199342.0,0.0,0.0,0.0,0,,False,False
957384904,yes,1549516.0,5199346.0,0.0,0.0,0.0,0,,False,False
957384906,yes,1549547.0,5199403.0,0.0,0.0,0.0,0,,False,False
957384907,yes,1549569.0,5199398.0,0.0,0.0,0.0,0,,False,False
957384908,yes,1549677.0,5199266.0,0.0,0.0,0.0,0,,False,False
957384909,yes,1549701.0,5199227.0,0.0,0.0,0.0,0,,False,False
957384913,yes,1549946.0,5199406.0,0.0,0.0,0.0,0,,False,False
957384914,yes,1549936.0,5199450.0,0.0,0.0,0.0,0,,False,False
957384915,yes,1549944.0,5199486.0,0.0,0.0,0.0,0,,False,False
957384916,yes,1549952.0,5199470.0,0.0,0.0,0.0,0,,False,False
957384919,yes,1549932.0,5199232.0,0.0,0.0,0.0,0,,False,False
957384920,yes,1549898.0,5199193.0,0.0,0.0,0.0,0,,False,False
957384921,yes,1549935.0,5199210.0,0.0,0.0,0.0,0,,False,False
957384922,yes,1549928.0,5199199.0,0.0,0.0,0.0,0,,False,False
957384923,yes,1549749.0,5199169.0,0.0,0.0,0.0,0,,False,False
957384924,yes,1549763.0,5199162.0,0.0,0.0,0.0,0,,False,False
957384925,yes,1549769.0,5199159.0,0.0,0.0,0.0,0,,False,False
957384926,yes,1549785.0,5199152.0,0.0,0.0,0.0,0,,False,False
957384927,yes,1549797.0,5199150.0,0.0,0.0,0.0,0,,False,False
957384928,yes,1549830.0,5199137.0,0.0,0.0,0.0,0,,False,False
957384929,yes,1549820.0,5199133.0,0.0,0.0,0.0,0,,False,False
957384935,yes,1549736.0,5199016.0,0.0,0.0,0.0,0,,False,False
957384936,yes,1549747.0,5199004.0,0.0,0.0,0.0,0,,False,False
957384938,yes,1549747.0,5198994.0,0.0,0.0,0.0,0,,False,False
957384939,yes,1550093.0,5199849.0,0.0,0.0,0.0,0,,False,False
957384940,yes,1550156.0,5199635.0,0.0,0.0,0.0,0,,False,False
957384941,yes,1550211.0,5199580.0,0.0,0.0,0.0,0,,False,False
957384954,yes,1550363.0,5199520.0,0.0,0.0,0.0,0,,False,False
957384955,yes,1550379.0,5199515.0,0.0,0.0,0.0,0,,False,False
957384956,yes,1550376.0,5199508.0,0.0,0.0,0.0,0,,False,False
957384957,yes,1550387.0,5199560.0,0.0,0.0,0.0,0,,False,False
957384958,yes,1550431.0,5199531.0,0.0,0.0,0.0,0,,False,False
957384959,yes,1550434.0,5199538.0,0.0,0.0,0.0,0,,False,False
957384961,yes,1550449.0,5199581.0,0.0,0.0,0.0,0,,False,False
957384962,yes,1550495.0,5199747.0,0.0,0.0,0.0,0,,False,False
957384963,yes,1550519.0,5199719.0,0.0,0.0,0.0,0,,False,False
957384970,yes,1550658.0,5201002.0,0.0,0.0,0.0,0,,False,False
957384971,yes,1550645.0,5200985.0,0.0,0.0,0.0,0,,False,False
957384973,yes,1550300.0,5199989.0,0.0,0.0,0.0,0,,False,False
957384974,yes,1550308.0,5200006.0,0.0,0.0,0.0,0,,False,False
957384975,yes,1550315.0,5199995.0,0.0,0.0,0.0,0,,False,False
957384976,yes,1550317.0,5199987.0,0.0,0.0,0.0,0,,False,False
957384977,yes,1550600.0,5200087.0,0.0,0.0,0.0,0,,False,False
957384978,yes,1550632.0,5199678.0,0.0,0.0,0.0,0,,False,False
957384979,yes,1550673.0,5199694.0,0.0,0.0,0.0,0,,False,False
957384980,yes,1550660.0,5199691.0,0.0,0.0,0.0,0,,False,False
957660821,yes,1550669.0,5199659.0,0.0,0.0,0.0,0,,False,False
957660822,yes,1550632.0,5199649.0,0.0,0.0,0.0,0,,False,False
957660823,yes,1550674.0,5199674.0,0.0,0.0,0.0,0,,False,False
957660824,yes,1550547.0,5199497.0,0.0,0.0,0.0,0,,False,False
957660825,yes,1550565.0,5199483.0,0.0,0.0,0.0,0,,False,False
957660826,yes,1550541.0,5199481.0,0.0,0.0,0.0,0,,False,False
957660827,yes,1550526.0,5199482.0,0.0,0.0,0.0,0,,False,False
957660828,yes,1550518.0,5199464.0,0.0,0.0,0.0,0,,False,False
957660834,yes,1550031.0,5198927.0,0.0,0.0,0.0,0,,False,False
957660835,yes,1550046.0,5198971.0,0.0,0.0,0.0,0,,False,False
957660836,yes,1550067.0,5199033.0,0.0,0.0,0.0,0,,False,False
957660838,yes,1550165.0,5199443.0,0.0,0.0,0.0,0,,False,False
957660839,yes,1550153.0,5199449.0,0.0,0.0,0.0,0,,False,False
957660840,yes,1550147.0,5199431.0,0.0,0.0,0.0,0,,False,False
957660841,yes,1550170.0,5199428.0,0.0,0.0,0.0,0,,False,False
957660842,yes,1550170.0,5199412.0,0.0,0.0,0.0,0,,False,False
957660843,yes,1550166.0,5199415.0,0.0,0.0,0.0,0,,False,False
957660844,yes,1550153.0,5199395.0,0.0,0.0,0.0,0,,False,False
957660845,yes,1550135.0,5199410.0,0.0,0.0,0.0,0,,False,False
957660851,yes,1550334.0,5199364.0,0.0,0.0,0.0,0,,False,False
957660852,yes,1550328.0,5199328.0,0.0,0.0,0.0,0,,False,False
957660853,yes,1550302.0,5199317.0,0.0,0.0,0.0,0,,False,False
957660854,yes,1550171.0,5199366.0,0.0,0.0,0.0,0,,False,False
957660855,yes,1550881.0,5199430.0,0.0,0.0,0.0,0,,False,False
957660856,yes,1550881.0,5199402.0,0.0,0.0,0.0,0,,False,False
957660857,yes,1550903.0,5199398.0,0.0,0.0,0.0,0,,False,False
957660858,yes,1550887.0,5199382.0,0.0,0.0,0.0,0,,False,False
957660859,yes,1550908.0,5199351.0,0.0,0.0,0.0,0,,False,False
957660860,yes,1550958.0,5199371.0,0.0,0.0,0.0,0,,False,False
957660865,yes,1550996.0,5199298.0,0.0,0.0,0.0,0,,False,False
957660866,yes,1551011.0,5199310.0,0.0,0.0,0.0,0,,False,False
957660867,yes,1551085.0,5199279.0,0.0,0.0,0.0,0,,False,False
957660873,yes,1551038.0,5199144.0,0.0,0.0,0.0,0,,False,False
957660874,yes,1551030.0,5199118.0,0.0,0.0,0.0,0,,False,False
957660875,yes,1550975.0,5199094.0,0.0,0.0,0.0,0,,False,False
957660876,yes,1550970.0,5199072.0,0.0,0.0,0.0,0,,False,False
957660877,yes,1551010.0,5199066.0,0.0,0.0,0.0,0,,False,False
1053490147,yes,1549749.0,5201645.0,0.0,0.0,0.0,0,,False,False
1053490148,yes,1549821.0,5201580.0,0.0,0.0,0.0,0,,False,False
1053490150,yes,1549775.0,5201846.0,0.0,0.0,0.0,0,,False,False
1053490151,yes,1549784.0,5201824.0,0.0,0.0,0.0,0,,False,False
1053490153,yes,1549728.0,5201970.0,0.0,0.0,0.0,0,,False,False
1053490154,yes,1549807.0,5202032.0,0.0,0.0,0.0,0,,False,False
1053490155,yes,1549771.0,5202072.0,0.0,0.0,0.0,0,,False,False
1053490157,yes,1549801.0,5202138.0,0.0,0.0,0.0,0,,False,False
1053490158,yes,1549762.0,5202115.0,0.0,0.0,0.0,0,,False,False
1053490160,yes,1549703.0,5202270.0,0.0,0.0,0.0,0,,False,False
1053490161,yes,1549740.0,5202333.0,0.0,0.0,0.0,0,,False,False
1053490163,yes,1549785.0,5202393.0,0.0,0.0,0.0,0,,False,False
1053490165,yes,1549489.0,5202383.0,0.0,0.0,0.0,0,,False,False
1053490166,yes,1549502.0,5202371.0,0.0,0.0,0.0,0,,False,False
1053490167,yes,1549505.0,5202350.0,0.0,0.0,0.0,0,,False,False
1053490169,yes,1549396.0,5202352.0,0.0,0.0,0.0,0,,False,False
1053490170,yes,1549415.0,5202328.0,0.0,0.0,0.0,0,,False,False
1053490172,yes,1549282.0,5202360.0,0.0,0.0,0.0,0,,False,False
1053490173,yes,1549308.0,5202361.0,0.0,0.0,0.0,0,,False,False
1315513838,yes,1548480.0,5203145.0,0.0,0.0,0.0,0,,False,False
1315513849,yes,1548038.0,5203090.0,0.0,0.0,0.0,0,,False,False
1315513850,yes,1548080.0,5203086.0,0.0,0.0,0.0,0,,False,False
1315513851,yes,1547990.0,5203092.0,0.0,0.0,0.0,0,,False,False
1315513852,yes,1548215.0,5202997.0,0.0,0.0,0.0,0,,False,False
1315513853,yes,1548253.0,5203012.0,0.0,0.0,0.0,0,,False,False
1315513854,yes,1548247.0,5202979.0,0.0,0.0,0.0,0,,False,False
1315513855,yes,1548294.0,5202938.0,0.0,0.0,0.0,0,,False,False
1315513856,yes,1548396.0,5203054.0,0.0,0.0,0.0,0,,False,False
1315513857,yes,1548340.0,5203040.0,0.0,0.0,0.0,0,,False,False
1315513858,yes,1548099.0,5202893.0,0.0,0.0,0.0,0,,False,False
1315513859,yes,1548101.0,5202837.0,0.0,0.0,0.0,0,,False,False
1315513860,yes,1548044.0,5202866.0,0.0,0.0,0.0,0,,False,False
1315513861,yes,1548015.0,5202866.0,0.0,0.0,0.0,0,,False,False
1315513862,yes,1548030.0,5202842.0,0.0,0.0,0.0,0,,False,False
1315513863,yes,1548009.0,5202779.0,0.0,0.0,0.0,0,,False,False
1315513864,yes,1548039.0,5202755.0,0.0,0.0,0.0,0,,False,False
1315513865,yes,1547997.0,5202648.0,0.0,0.0,0.0,0,,False,False
1315513866,yes,1548008.0,5202613.0,0.0,0.0,0.0,0,,False,False
1315513867,yes,1548214.0,5202546.0,0.0,0.0,0.0,0,,False,False
1315513868,yes,1548229.0,5202511.0,0.0,0.0,0.0,0,,False,False
1315513869,yes,1548296.0,5202508.0,0.0,0.0,0.0,0,,False,False
1315513870,yes,1548303.0,5202546.0,0.0,0.0,0.0,0,,False,False
1315513871,yes,1548334.0,5202550.0,0.0,0.0,0.0,0,,False,False
1315513872,yes,1548303.0,5202569.0,0.0,0.0,0.0,0,,False,False
1315513873,yes,1548423.0,5202509.0,0.0,0.0,0.0,0,,False,False
1315513874,yes,1548467.0,5202520.0,0.0,0.0,0.0,0,,False,False
1315513875,yes,1548464.0,5202551.0,0.0,0.0,0.0,0,,False,False
1315513876,yes,1548437.0,5202538.0,0.0,0.0,0.0,0,,False,False
1315513877,yes,1548534.0,5202451.0,0.0,0.0,0.0,0,,False,False
1315513878,yes,1548628.0,5202510.0,0.0,0.0,0.0,0,,False,False
1315513879,yes,1548667.0,5202511.0,0.0,0.0,0.0,0,,False,False
1315513880,yes,1548676.0,5202531.0,0.0,0.0,0.0,0,,False,False
1315513881,yes,1548649.0,5202526.0,0.0,0.0,0.0,0,,False,False
1315513882,yes,1548758.0,5202554.0,0.0,0.0,0.0,0,,False,False
1315513883,yes,1548745.0,5202584.0,0.0,0.0,0.0,0,,False,False
1315513884,yes,1548583.0,5202796.0,0.0,0.0,0.0,0,,False,False
1315513885,yes,1548510.0,5202761.0,0.0,0.0,0.0,0,,False,False
1315513886,yes,1548485.0,5202389.0,0.0,0.0,0.0,0,,False,False
1315513887,yes,1548501.0,5202380.0,0.0,0.0,0.0,0,,False,False
1315513888,yes,1548299.0,5202315.0,0.0,0.0,0.0,0,,False,False
1315513889,yes,1548259.0,5202328.0,0.0,0.0,0.0,0,,False,False
1315513890,yes,1548247.0,5202321.0,0.0,0.0,0.0,0,,False,False
1315513891,yes,1548309.0,5202300.0,0.0,0.0,0.0,0,,False,False
1315513892,yes,1548319.0,5202274.0,0.0,0.0,0.0,0,,False,False
1315513893,yes,1548996.0,5202536.0,0.0,0.0,0.0,0,,False,False
1315513894,yes,1549081.0,5202390.0,0.0,0.0,0.0,0,,False,False
1315513895,yes,1549110.0,5202373.0,0.0,0.0,0.0,0,,False,False
1315513896,yes,1549089.0,5202359.0,0.0,0.0,0.0,0,,False,False
1315513897,yes,1549089.0,5202326.0,0.0,0.0,0.0,0,,False,False
1315513898,yes,1549203.0,5202305.0,0.0,0.0,0.0,0,,False,False
1315513899,yes,1548490.0,5202058.0,0.0,0.0,0.0,0,,False,False
1315513900,yes,1548445.0,5202065.0,0.0,0.0,0.0,0,,False,False
1315513901,yes,1548452.0,5202040.0,0.0,0.0,0.0,0,,False,False
1315513902,yes,1548525.0,5202018.0,0.0,0.0,0.0,0,,False,False
1315513903,yes,1548514.0,5201967.0,0.0,0.0,0.0,0,,False,False
1315513904,yes,1548714.0,5201838.0,0.0,0.0,0.0,0,,False,False
1315513905,yes,1548686.0,5201849.0,0.0,0.0,0.0,0,,False,False
1315513906,yes,1548485.0,5201699.0,0.0,0.0,0.0,0,,False,False
1315513907,yes,1548350.0,5201699.0,0.0,0.0,0.0,0,,False,False
1315513908,yes,1548382.0,5201664.0,0.0,0.0,0.0,0,,False,False
1315513909,yes,1548333.0,5201645.0,0.0,0.0,0.0,0,,False,False
1315513910,yes,1548213.0,5201706.0,0.0,0.0,0.0,0,,False,False
1315513911,yes,1548112.0,5201710.0,0.0,0.0,0.0,0,,False,False
1315513912,yes,1548047.0,5201739.0,0.0,0.0,0.0,0,,False,False
1315513913,yes,1548043.0,5201757.0,0.0,0.0,0.0,0,,False,False
1315513914,yes,1548177.0,5201840.0,0.0,0.0,0.0,0,,False,False
1315513915,yes,1548205.0,5201834.0,0.0,0.0,0.0,0,,False,False
1315513916,yes,1547885.0,5201824.0,0.0,0.0,0.0,0,,False,False
1315513917,yes,1547886.0,5201790.0,0.0,0.0,0.0,0,,False,False
1315513918,yes,1547811.0,5201819.0,0.0,0.0,0.0,0,,False,False
1315513919,yes,1547774.0,5201828.0,0.0,0.0,0.0,0,,False,False
1315513920,yes,1547761.0,5201852.0,0.0,0.0,0.0,0,,False,False
1315513921,yes,1547844.0,5201672.0,0.0,0.0,0.0,0,,False,False
1315513922,yes,1547879.0,5201647.0,0.0,0.0,0.0,0,,False,False
1315513923,yes,1547874.0,5201730.0,0.0,0.0,0.0,0,,False,False
1315513924,yes,1547793.0,5201571.0,0.0,0.0,0.0,0,,False,False
1315513925,yes,1547808.0,5201530.0,0.0,0.0,0.0,0,,False,False
1315513926,yes,1547935.0,5201432.0,0.0,0.0,0.0,0,,False,False
1315513927,yes,1547852.0,5201418.0,0.0,0.0,0.0,0,,False,False
1315513928,yes,1547918.0,5201344.0,0.0,0.0,0.0,0,,False,False
1315513929,yes,1547911.0,5201309.0,0.0,0.0,0.0,0,,False,False
1315513930,yes,1547762.0,5201415.0,0.0,0.0,0.0,0,,False,False
1315513931,yes,1547764.0,5201385.0,0.0,0.0,0.0,0,,False,False
1315513932,yes,1547680.0,5201417.0,0.0,0.0,0.0,0,,False,False
1315513933,yes,1547702.0,5201480.0,0.0,0.0,0.0,0,,False,False
1315513934,yes,1547573.0,5201408.0,0.0,0.0,0.0,0,,False,False
1315513935,yes,1547649.0,5201391.0,0.0,0.0,0.0,0,,False,False
1315513936,yes,1547622.0,5201368.0,0.0,0.0,0.0,0,,False,False
1315513937,yes,1547582.0,5201363.0,0.0,0.0,0.0,0,,False,False
1315513938,yes,1547547.0,5201385.0,0.0,0.0,0.0,0,,False,False
1315513939,yes,1547452.0,5201397.0,0.0,0.0,0.0,0,,False,False
1315513940,yes,1547401.0,5201426.0,0.0,0.0,0.0,0,,False,False
1315513941,yes,1547385.0,5201431.0,0.0,0.0,0.0,0,,False,False
1315513942,yes,1547364.0,5201423.0,0.0,0.0,0.0,0,,False,False
1315513943,yes,1547372.0,5201406.0,0.0,0.0,0.0,0,,False,False
1315513944,yes,1547388.0,5201395.0,0.0,0.0,0.0,0,,False,False
1315513945,yes,1547324.0,5201302.0,0.0,0.0,0.0,0,,False,False
1315513946,yes,1547278.0,5201284.0,0.0,0.0,0.0,0,,False,False
1315513947,yes,1547192.0,5201279.0,0.0,0.0,0.0,0,,False,False
1315513948,yes,1547388.0,5201141.0,0.0,0.0,0.0,0,,False,False
1315513949,yes,1547400.0,5201105.0,0.0,0.0,0.0,0,,False,False
1315513950,yes,1547128.0,5201054.0,0.0,0.0,0.0,0,,False,False
1315513951,yes,1547347.0,5200980.0,0.0,0.0,0.0,0,,False,False
1315513952,yes,1547370.0,5201039.0,0.0,0.0,0.0,0,,False,False
1315513953,yes,1547341.0,5200866.0,0.0,0.0,0.0,0,,False,False
1315513954,yes,1547284.0,5200879.0,0.0,0.0,0.0,0,,False,False
1315513955,yes,1547174.0,5200927.0,0.0,0.0,0.0,0,,False,False
1315513956,yes,1547273.0,5200836.0,0.0,0.0,0.0,0,,False,False
1315513957,yes,1547280.0,5200825.0,0.0,0.0,0.0,0,,False,False
1315513961,yes,1547134.0,5200797.0,0.0,0.0,0.0,0,,False,False
1315513962,yes,1547120.0,5200773.0,0.0,0.0,0.0,0,,False,False
1315513963,yes,1547113.0,5200754.0,0.0,0.0,0.0,0,,False,False
1315513964,yes,1547521.0,5200619.0,0.0,0.0,0.0,0,,False,False
1315513965,yes,1547505.0,5200680.0,0.0,0.0,0.0,0,,False,False
1315513966,yes,1547205.0,5200427.0,0.0,0.0,0.0,0,,False,False
1315513967,yes,1547216.0,5200412.0,0.0,0.0,0.0,0,,False,False
1315513968,yes,1547203.0,5200405.0,0.0,0.0,0.0,0,,False,False
1315513969,yes,1547216.0,5200402.0,0.0,0.0,0.0,0,,False,False
1315513970,yes,1547238.0,5200404.0,0.0,0.0,0.0,0,,False,False
1315513971,yes,1547237.0,5200386.0,0.0,0.0,0.0,0,,False,False
1315515417,yes,1547849.0,5200188.0,0.0,0.0,0.0,0,,False,False
1315515418,yes,1548376.0,5200532.0,0.0,0.0,0.0,0,,False,False
1315515419,yes,1548338.0,5200577.0,0.0,0.0,0.0,0,,False,False
1315515420,yes,1549054.0,5200924.0,0.0,0.0,0.0,0,,False,False
1315515421,yes,1549017.0,5200942.0,0.0,0.0,0.0,0,,False,False
1315515422,yes,1549753.0,5200430.0,0.0,0.0,0.0,0,,False,False
1315515423,yes,1549694.0,5200558.0,0.0,0.0,0.0,0,,False,False
1315515424,yes,1549999.0,5200673.0,0.0,0.0,0.0,0,,False,False
1315515425,yes,1549738.0,5200913.0,0.0,0.0,0.0,0,,False,False
1315515426,yes,1549772.0,5200916.0,0.0,0.0,0.0,0,,False,False
1315515427,yes,1549764.0,5200877.0,0.0,0.0,0.0,0,,False,False
1315515428,yes,1549762.0,5200864.0,0.0,0.0,0.0,0,,False,False
1315515429,yes,1549759.0,5200851.0,0.0,0.0,0.0,0,,False,False
1315515430,yes,1549776.0,5200842.0,0.0,0.0,0.0,0,,False,False
1315515431,yes,1549771.0,5200830.0,0.0,0.0,0.0,0,,False,False
1315515432,yes,1549788.0,5200863.0,0.0,0.0,0.0,0,,False,False
1315515433,yes,1549816.0,5200851.0,0.0,0.0,0.0,0,,False,False
1315515434,yes,1549963.0,5200863.0,0.0,0.0,0.0,0,,False,False
1315515435,yes,1549955.0,5200917.0,0.0,0.0,0.0,0,,False,False
1315515436,yes,1550015.0,5200918.0,0.0,0.0,0.0,0,,False,False
1315515437,yes,1549963.0,5200836.0,0.0,0.0,0.0,0,,False,False
1315515438,yes,1549965.0,5200797.0,0.0,0.0,0.0,0,,False,False
1315515439,yes,1550004.0,5200977.0,0.0,0.0,0.0,0,,False,False
1315515440,yes,1549971.0,5200964.0,0.0,0.0,0.0,0,,False,False
1315515441,yes,1549928.0,5201018.0,0.0,0.0,0.0,0,,False,False
1315515442,yes,1549912.0,5201028.0,0.0,0.0,0.0,0,,False,False
1315515443,yes,1549845.0,5201099.0,0.0,0.0,0.0,0,,False,False
1315515444,yes,1549835.0,5201089.0,0.0,0.0,0.0,0,,False,False
1315515445,yes,1549842.0,5201088.0,0.0,0.0,0.0,0,,False,False
1315515446,yes,1549817.0,5201071.0,0.0,0.0,0.0,0,,False,False
1315515447,yes,1550204.0,5201104.0,0.0,0.0,0.0,0,,False,False
1315515448,yes,1550175.0,5201098.0,0.0,0.0,0.0,0,,False,False
1315515449,yes,1550163.0,5201065.0,0.0,0.0,0.0,0,,False,False
1315515450,yes,1550098.0,5201096.0,0.0,0.0,0.0,0,,False,False
1315515451,yes,1550112.0,5201127.0,0.0,0.0,0.0,0,,False,False
1315515452,yes,1549908.0,5201278.0,0.0,0.0,0.0,0,,False,False
1315515453,yes,1549915.0,5201264.0,0.0,0.0,0.0,0,,False,False
1315515454,yes,1549934.0,5201242.0,0.0,0.0,0.0,0,,False,False
1315515455,yes,1549942.0,5201271.0,0.0,0.0,0.0,0,,False,False
1315515456,yes,1550469.0,5200999.0,0.0,0.0,0.0,0,,False,False
1315515457,yes,1550430.0,5200987.0,0.0,0.0,0.0,0,,False,False
1315515458,yes,1550495.0,5201064.0,0.0,0.0,0.0,0,,False,False
1315515459,yes,1550477.0,5201063.0,0.0,0.0,0.0,0,,False,False
1315515460,yes,1550411.0,5201083.0,0.0,0.0,0.0,0,,False,False
1315515461,yes,1550462.0,5201093.0,0.0,0.0,0.0,0,,False,False
1315515462,yes,1549545.0,5201547.0,0.0,0.0,0.0,0,,False,False
1315515463,yes,1549417.0,5201640.0,0.0,0.0,0.0,0,,False,False
1315515464,yes,1549375.0,5201674.0,0.0,0.0,0.0,0,,False,False
1315515465,yes,1549377.0,5201637.0,0.0,0.0,0.0,0,,False,False
1315515466,yes,1549562.0,5201750.0,0.0,0.0,0.0,0,,False,False
1315515467,yes,1549471.0,5201790.0,0.0,0.0,0.0,0,,False,False
1315515468,yes,1549463.0,5201821.0,0.0,0.0,0.0,0,,False,False
1315515469,yes,1549582.0,5201883.0,0.0,0.0,0.0,0,,False,False
1315515470,yes,1549556.0,5201922.0,0.0,0.0,0.0,0,,False,False
1315515471,yes,1549548.0,5201913.0,0.0,0.0,0.0,0,,False,False
1315515472,yes,1550006.0,5201988.0,0.0,0.0,0.0,0,,False,False
1315515473,yes,1549985.0,5201973.0,0.0,0.0,0.0,0,,False,False
1315515474,yes,1549959.0,5201983.0,0.0,0.0,0.0,0,,False,False
1315515475,yes,1549943.0,5201969.0,0.0,0.0,0.0,0,,False,False
1315515476,yes,1549936.0,5201931.0,0.0,0.0,0.0,0,,False,False
1315515477,yes,1549977.0,5201926.0,0.0,0.0,0.0,0,,False,False
1315515478,yes,1549904.0,5201924.0,0.0,0.0,0.0,0,,False,False
1315515479,yes,1549751.0,5202138.0,0.0,0.0,0.0,0,,False,False
1315515480,yes,1549751.0,5202117.0,0.0,0.0,0.0,0,,False,False
1315515481,yes,1549757.0,5202363.0,0.0,0.0,0.0,0,,False,False
1315515482,yes,1549412.0,5202314.0,0.0,0.0,0.0,0,,False,False
1315515483,yes,1549847.0,5201581.0,0.0,0.0,0.0,0,,False,False
1315515484,yes,1549959.0,5200209.0,0.0,0.0,0.0,0,,False,False
1315515485,yes,1549988.0,5200208.0,0.0,0.0,0.0,0,,False,False
1315515486,yes,1549994.0,5199935.0,0.0,0.0,0.0,0,,False,False
1315515487,yes,1550005.0,5199936.0,0.0,0.0,0.0,0,,False,False
1315515488,yes,1550116.0,5199829.0,0.0,0.0,0.0,0,,False,False
1315515489,yes,1550186.0,5199794.0,0.0,0.0,0.0,0,,False,False
1315515490,yes,1550282.0,5199973.0,0.0,0.0,0.0,0,,False,False
1315515491,yes,1550460.0,5200012.0,0.0,0.02,0.0,0,,False,False
1315515492,yes,1550432.0,5200004.0,0.0,0.01,0.0,0,,False,False
1315515493,yes,1550433.0,5199990.0,0.0,0.01,0.0,0,,False,False
1315515494,yes,1551042.0,5198991.0,0.0,0.0,0.0,0,,False,False
1315515495,yes,1551019.0,5198999.0,0.0,0.0,0.0,0,,False,False
1315515496,yes,1550970.0,5199037.0,0.0,0.0,0.0,0,,False,False
1315515497,yes,1550936.0,5199030.0,0.0,0.0,0.0,0,,False,False
1315515498,yes,1550957.0,5199007.0,0.0,0.0,0.0,0,,False,False
1315515579,yes,1549419.0,5198143.0,0.18,0.47,0.23,1,,False,False
1315515580,yes,1549421.0,5198167.0,0.0,0.01,0.01,0,,False,False
1315515581,yes,1549395.0,5198173.0,0.0,0.0,0.0,0,,False,False
1315515582,yes,1549392.0,5198161.0,0.0,0.16,0.08,0,,False,False
1315515583,yes,1549385.0,5198187.0,0.0,0.0,0.0,0,,False,False
1315515584,yes,1549564.0,5198379.0,0.11,0.42,0.05,1,,False,False
1315515585,yes,1549650.0,5198585.0,0.0,0.0,0.0,0,,False,False
1315515586,yes,1549653.0,5198519.0,0.0,0.01,0.0,0,,False,False
1315515587,yes,1549670.0,5198500.0,0.0,0.14,0.01,0,,False,False
1315515588,yes,1549644.0,5198485.0,0.0,0.19,0.02,0,,False,False
1315515589,yes,1549463.0,5198613.0,0.0,0.01,0.0,0,,False,False
1315515590,yes,1549417.0,5198646.0,0.0,0.0,0.0,0,,False,False
1315515591,yes,1549415.0,5198631.0,0.0,0.0,0.0,0,,False,False
1315515592,yes,1548698.0,5198512.0,0.1,0.38,0.05,1,,False,False
1315515593,yes,1548496.0,5198885.0,0.0,0.0,0.0,0,,False,False
1315515594,yes,1548522.0,5198879.0,0.0,0.0,0.0,0,,False,False
1315515595,yes,1548492.0,5198862.0,0.0,0.0,0.0,0,,False,False
1315515596,yes,1548577.0,5198857.0,0.0,0.0,0.0,0,,False,False
1315515597,yes,1548597.0,5198836.0,0.0,0.0,0.0,0,,False,False
1315515598,yes,1548588.0,5198837.0,0.0,0.0,0.0,0,,False,False
1315515599,yes,1547313.0,5199534.0,0.0,0.0,0.0,0,,False,False
1315515600,yes,1547184.0,5199559.0,0.0,0.0,0.0,0,,False,False
1315515601,yes,1547277.0,5199500.0,0.0,0.0,0.0,0,,False,False
1315515602,yes,1547264.0,5199478.0,0.0,0.0,0.0,0,,False,False
1315515603,yes,1547302.0,5199476.0,0.0,0.0,0.0,0,,False,False
1315515604,yes,1547359.0,5199346.0,0.0,0.0,0.0,0,,False,False
1315515605,yes,1547642.0,5199328.0,0.0,0.0,0.0,0,,False,False
1315515606,yes,1547635.0,5199302.0,0.0,0.0,0.0,0,,False,False
1315515607,yes,1547621.0,5199287.0,0.0,0.0,0.0,0,,False,False
1315515608,yes,1547606.0,5199283.0,0.0,0.0,0.0,0,,False,False
1315515609,yes,1547599.0,5199261.0,0.0,0.0,0.0,0,,False,False
1315515610,yes,1547510.0,5199241.0,0.0,0.0,0.0,0,,False,False
1315515611,yes,1547522.0,5199208.0,0.0,0.0,0.0,0,,False,False
1315515612,yes,1547502.0,5199224.0,0.0,0.0,0.0,0,,False,False
1315515613,yes,1547449.0,5199181.0,0.0,0.0,0.0,0,,False,False
1315515614,yes,1547265.0,5199117.0,0.0,0.0,0.0,0,,False,False
1315515615,yes,1547242.0,5199190.0,0.0,0.0,0.0,0,,False,False
1315517038,yes,1547295.0,5199503.0,0.0,0.0,0.0,0,,False,False
1315517039,yes,1547247.0,5199488.0,0.0,0.0,0.0,0,,False,False
1315517040,yes,1547136.0,5199606.0,0.0,0.0,0.0,0,,False,False
1315517041,yes,1547116.0,5199600.0,0.0,0.0,0.0,0,,False,False
1315517042,yes,1547150.0,5199570.0,0.0,0.0,0.0,0,,False,False
1315517043,yes,1547152.0,5199536.0,0.0,0.0,0.0,0,,False,False
1315517044,yes,1547152.0,5199516.0,0.0,0.0,0.0,0,,False,False
1315517045,yes,1547120.0,5199503.0,0.0,0.0,0.0,0,,False,False
1315517046,yes,1547141.0,5199505.0,0.0,0.0,0.0,0,,False,False
1315517056,yes,1547115.0,5199151.0,0.0,0.0,0.0,0,,False,False
1315517060,yes,1547107.0,5199259.0,0.0,0.0,0.0,0,,False,False
1315517061,yes,1547132.0,5199264.0,0.0,0.0,0.0,0,,False,False
1481709685,yes,1550512.0,5202629.0,0.0,0.0,0.0,0,,False,False
1481711620,yes,1550127.0,5202700.0,0.0,0.0,0.0,0,,False,False
1481711621,yes,1550137.0,5202684.0,0.0,0.0,0.0,0,,False,False
1481711622,yes,1550369.0,5202645.0,0.0,0.0,0.0,0,,False,False
1481711623,yes,1550367.0,5202640.0,0.0,0.0,0.0,0,,False,False
1481712902,yes,1550422.0,5202277.0,0.0,0.0,0.0,0,,False,False
1481712903,yes,1550427.0,5202346.0,0.0,0.0,0.0,0,,False,False
1481712905,yes,1551055.0,5202084.0,0.0,0.0,0.0,0,,False,False
1481712906,yes,1551060.0,5202099.0,0.0,0.0,0.0,0,,False,False
1481712907,yes,1551066.0,5202117.0,0.0,0.0,0.0,0,,False,False
1481712908,yes,1550919.0,5202034.0,0.0,0.0,0.0,0,,False,False
1481712909,yes,1550917.0,5202028.0,0.0,0.0,0.0,0,,False,False
1481712910,yes,1550925.0,5202032.0,0.0,0.0,0.0,0,,False,False
1481712911,yes,1550910.0,5202034.0,0.0,0.0,0.0,0,,False,False
1481712912,yes,1550897.0,5202054.0,0.0,0.0,0.0,0,,False,False
1481712913,yes,1550983.0,5202027.0,0.0,0.0,0.0,0,,False,False
1481712914,yes,1550993.0,5201828.0,0.0,0.0,0.0,0,,False,False
1481712915,yes,1551003.0,5201822.0,0.0,0.0,0.0,0,,False,False
1481712916,yes,1551000.0,5201845.0,0.0,0.0,0.0,0,,False,False
1483842070,yes,1547385.0,5200855.0,0.0,0.0,0.0,0,,False,False
1483842071,yes,1547469.0,5200921.0,0.0,0.0,0.0,0,,False,False
1483842072,yes,1547406.0,5200938.0,0.0,0.0,0.0,0,,False,False
1483842073,yes,1547493.0,5201044.0,0.0,0.0,0.0,0,,False,False
1483842074,yes,1547443.0,5201082.0,0.0,0.0,0.0,0,,False,False
1483842075,yes,1547540.0,5201230.0,0.0,0.0,0.0,0,,False,False
1483842076,yes,1547506.0,5201230.0,0.0,0.0,0.0,0,,False,False
1483842077,yes,1547498.0,5201234.0,0.0,0.0,0.0,0,,False,False
1483844429,yes,1548279.0,5201136.0,0.0,0.0,0.0,0,,False,False
1483844430,yes,1548290.0,5201105.0,0.0,0.0,0.0,0,,False,False
1483844431,yes,1548315.0,5201250.0,0.0,0.0,0.0,0,,False,False
1483844432,yes,1548315.0,5201278.0,0.0,0.0,0.0,0,,False,False
589537766,yes,1554044.0,5187477.0,0.0,0.0,0.0,0,,False,False
589537767,yes,1554144.0,5187450.0,0.0,0.0,0.0,0,,False,False
589537768,yes,1554143.0,5187431.0,0.0,0.0,0.0,0,,False,False
589537769,yes,1554133.0,5187379.0,0.0,0.0,0.0,0,,False,False
903153775,yes,1551251.0,5190634.0,0.0,0.0,0.0,0,,False,False
903153776,yes,1551256.0,5190658.0,0.0,0.0,0.0,0,,False,False
903153780,yes,1551283.0,5190576.0,0.0,0.0,0.0,0,,False,False
903153781,yes,1551336.0,5190585.0,0.0,0.0,0.0,0,,False,False
903153782,yes,1551289.0,5190555.0,0.0,0.0,0.0,0,,False,False
903153783,yes,1551336.0,5190563.0,0.0,0.0,0.0,0,,False,False
903153785,yes,1551453.0,5190605.0,0.0,0.0,0.0,0,,False,False
903153786,yes,1551426.0,5190602.0,0.0,0.0,0.0,0,,False,False
903153788,yes,1551549.0,5190604.0,0.0,0.0,0.0,0,,False,False
903153789,yes,1551538.0,5190629.0,0.0,0.0,0.0,0,,False,False
903153793,yes,1552467.0,5190554.0,0.0,0.0,0.0,0,,False,False
903175512,yes,1552868.0,5191838.0,0.0,0.0,0.0,0,,False,False
903175523,yes,1552793.0,5191886.0,0.0,0.0,0.0,0,,False,False
903175524,yes,1552742.0,5191901.0,0.0,0.0,0.0,0,,False,False
903175527,yes,1552690.0,5191909.0,0.0,0.0,0.0,0,,False,False
903175530,yes,1552176.0,5191383.0,0.0,0.0,0.0,0,,False,False
995773524,yes,1555011.0,5187634.0,0.0,0.0,0.0,0,,False,False
995773525,yes,1555023.0,5187621.0,0.0,0.0,0.0,0,,False,False
995773526,yes,1555013.0,5187622.0,0.0,0.0,0.0,0,,False,False
995773527,yes,1555035.0,5187631.0,0.0,0.0,0.0,0,,False,False
995773528,yes,1555035.0,5187639.0,0.0,0.0,0.0,0,,False,False
995773529,yes,1555022.0,5187646.0,0.0,0.0,0.0,0,,False,False
995773530,yes,1555005.0,5187646.0,0.0,0.0,0.0,0,,False,False
995773531,yes,1555013.0,5187647.0,0.0,0.0,0.0,0,,False,False
995773532,yes,1554966.0,5187648.0,0.0,0.0,0.0,0,,False,False
995773533,yes,1554960.0,5187658.0,0.0,0.0,0.0,0,,False,False
995773534,yes,1554950.0,5187659.0,0.0,0.0,0.0,0,,False,False
995773535,yes,1554904.0,5187653.0,0.0,0.0,0.0,0,,False,False
995773536,yes,1555039.0,5187621.0,0.0,0.0,0.0,0,,False,False
995773541,yes,1554984.0,5187631.0,0.0,0.0,0.0,0,,False,False
995773542,yes,1554996.0,5187645.0,0.0,0.0,0.0,0,,False,False
995773543,yes,1554980.0,5187655.0,0.0,0.0,0.0,0,,False,False
995773544,yes,1554951.0,5187713.0,0.0,0.0,0.0,0,,False,False
995773545,yes,1554899.0,5187738.0,0.0,0.0,0.0,0,,False,False
995773546,greenhouse,1554876.0,5187753.0,0.0,0.0,0.0,0,,False,False
995773547,yes,1554894.0,5187759.0,0.0,0.0,0.0,0,,False,False
995773548,yes,1554889.0,5187764.0,0.0,0.0,0.0,0,,False,False
995773549,yes,1554808.0,5187852.0,0.0,0.0,0.0,0,,False,False
995773550,yes,1554815.0,5187843.0,0.0,0.0,0.0,0,,False,False
995773551,yes,1554854.0,5187825.0,0.0,0.0,0.0,0,,False,False
995773552,yes,1554858.0,5187813.0,0.0,0.0,0.0,0,,False,False
1148104973,yes,1554802.0,5197749.0,0.0,0.0,0.0,0,,False,False
1148104974,yes,1554843.0,5197727.0,0.0,0.0,0.0,0,,False,False
1148104975,yes,1554666.0,5197802.0,0.0,0.0,0.0,0,,False,False
1148104976,yes,1554674.0,5197751.0,0.0,0.0,0.0,0,,False,False
1148104977,yes,1554693.0,5197796.0,0.0,0.0,0.0,0,,False,False
1148104978,yes,1554480.0,5197741.0,0.0,0.0,0.0,0,,False,False
1148104979,yes,1554455.0,5197736.0,0.0,0.0,0.0,0,,False,False
1148104980,yes,1554445.0,5197991.0,0.0,0.0,0.0,0,,False,False
1148104981,yes,1554458.0,5197975.0,0.0,0.0,0.0,0,,False,False
1148104983,yes,1553749.0,5197516.0,0.0,0.0,0.0,0,,False,False
1148104984,yes,1553701.0,5197452.0,0.0,0.0,0.0,0,,False,False
1148104985,yes,1553743.0,5197434.0,0.0,0.0,0.0,0,,False,False
1148104986,yes,1553310.0,5197615.0,0.0,0.0,0.0,0,,False,False
1148104987,yes,1553215.0,5197611.0,0.0,0.0,0.0,0,,False,False
1148104988,yes,1553200.0,5197573.0,0.0,0.0,0.0,0,,False,False
1148104990,yes,1553572.0,5198022.0,0.0,0.0,0.0,0,,False,False
1148104991,yes,1551342.0,5197593.0,0.0,0.0,0.0,0,,False,False
1148104992,yes,1551350.0,5197573.0,0.0,0.0,0.0,0,,False,False
1148104993,yes,1551362.0,5197714.0,0.0,0.0,0.0,0,,False,False
1148104994,yes,1551362.0,5197676.0,0.0,0.0,0.0,0,,False,False
1148104996,yes,1551405.0,5197853.0,0.0,0.0,0.0,0,,False,False
1148104997,yes,1551409.0,5197828.0,0.0,0.0,0.0,0,,False,False
1148104999,yes,1551477.0,5197875.0,0.0,0.0,0.0,0,,False,False
1148109869,yes,1551476.0,5197978.0,0.0,0.0,0.0,0,,False,False
1148109870,yes,1551509.0,5197970.0,0.0,0.0,0.0,0,,False,False
1148109871,yes,1551475.0,5197962.0,0.0,0.0,0.0,0,,False,False
1315515509,yes,1551372.0,5197671.0,0.0,0.0,0.0,0,,False,False
1315515510,yes,1551323.0,5197592.0,0.0,0.0,0.0,0,,False,False
1315515511,yes,1551185.0,5197724.0,0.0,0.0,0.0,0,,False,False
1315515512,yes,1552077.0,5196912.0,0.0,0.0,0.0,0,,False,False
1315515513,yes,1552094.0,5196866.0,0.0,0.0,0.0,0,,False,False
1315515514,yes,1552100.0,5196891.0,0.0,0.0,0.0,0,,False,False
1315515515,yes,1552108.0,5196895.0,0.0,0.0,0.0,0,,False,False
1315515516,yes,1552117.0,5196894.0,0.0,0.0,0.0,0,,False,False
1315515517,yes,1552014.0,5196947.0,0.0,0.0,0.0,0,,False,False
1315520275,yes,1554452.0,5197723.0,0.0,0.0,0.0,0,,False,False
1315520276,yes,1554381.0,5197713.0,0.0,0.0,0.0,0,,False,False
1315520277,yes,1554567.0,5197832.0,0.0,0.0,0.0,0,,False,False
1315520278,yes,1554652.0,5197888.0,0.0,0.0,0.0,0,,False,False
1315520279,yes,1554824.0,5197697.0,0.0,0.0,0.0,0,,False,False
1315520280,yes,1554795.0,5197634.0,0.0,0.0,0.0,0,,False,False
1315520281,yes,1554842.0,5197623.0,0.0,0.0,0.0,0,,False,False
1315520282,yes,1554867.0,5197651.0,0.0,0.0,0.0,0,,False,False
1315520283,yes,1554833.0,5197552.0,0.0,0.0,0.0,0,,False,False
1315520284,yes,1554830.0,5197518.0,0.0,0.0,0.0,0,,False,False
1315520285,yes,1554695.0,5197343.0,0.0,0.0,0.0,0,,False,False
1315520286,yes,1554683.0,5197313.0,0.0,0.0,0.0,0,,False,False
1315520287,yes,1554700.0,5197105.0,0.0,0.0,0.0,0,,False,False
1315520288,yes,1554683.0,5197085.0,0.0,0.0,0.0,0,,False,False
1315520289,yes,1554831.0,5196850.0,0.0,0.0,0.0,0,,False,False
1315520290,yes,1554807.0,5196878.0,0.0,0.0,0.0,0,,False,False
1315520291,yes,1554778.0,5196836.0,0.0,0.0,0.0,0,,False,False
1315520292,yes,1554942.0,5196783.0,0.0,0.0,0.0,0,,False,False
1315520293,yes,1555002.0,5196742.0,0.0,0.0,0.0,0,,False,False
1315520294,yes,1555011.0,5196740.0,0.0,0.0,0.0,0,,False,False
1315520295,yes,1554952.0,5196665.0,0.0,0.0,0.0,0,,False,False
1315520296,yes,1554954.0,5196647.0,0.0,0.0,0.0,0,,False,False
1315520297,yes,1554969.0,5196636.0,0.0,0.0,0.0,0,,False,False
1315520298,yes,1554730.0,5196738.0,0.0,0.0,0.0,0,,False,False
1315520299,yes,1554739.0,5196775.0,0.0,0.0,0.0,0,,False,False
1315520300,yes,1553869.0,5196919.0,0.0,0.0,0.0,0,,False,False
1315520301,yes,1553907.0,5196910.0,0.0,0.0,0.0,0,,False,False
1315520302,yes,1553951.0,5196875.0,0.0,0.0,0.0,0,,False,False
1315520303,yes,1553939.0,5196871.0,0.0,0.0,0.0,0,,False,False
1315520304,yes,1554032.0,5196807.0,0.0,0.0,0.0,0,,False,False
1315520305,yes,1553903.0,5196860.0,0.0,0.0,0.0,0,,False,False
1315520306,yes,1553892.0,5196844.0,0.0,0.0,0.0,0,,False,False
1315520307,yes,1553882.0,5196850.0,0.0,0.0,0.0,0,,False,False
1315520308,yes,1553860.0,5196855.0,0.0,0.0,0.0,0,,False,False
1315520309,yes,1553845.0,5196862.0,0.0,0.0,0.0,0,,False,False
1315520310,yes,1553836.0,5196857.0,0.0,0.0,0.0,0,,False,False
1315520311,yes,1553854.0,5196880.0,0.0,0.0,0.0,0,,False,False
1315520312,yes,1554329.0,5195788.0,0.0,0.0,0.0,0,,False,False
1315520313,yes,1554600.0,5195976.0,0.0,0.0,0.0,0,,False,False
1315520314,yes,1554579.0,5195972.0,0.0,0.0,0.0,0,,False,False
1315520315,yes,1554590.0,5195952.0,0.0,0.0,0.0,0,,False,False
1315520316,yes,1555006.0,5195878.0,0.0,0.0,0.0,0,,False,False
1315520317,yes,1554982.0,5195868.0,0.0,0.0,0.0,0,,False,False
1315520318,yes,1555039.0,5195839.0,0.0,0.0,0.0,0,,False,False
1315520319,yes,1555066.0,5195808.0,0.0,0.0,0.0,0,,False,False
1315520320,yes,1555131.0,5195854.0,0.0,0.0,0.0,0,,False,False
1315520321,yes,1555057.0,5195882.0,0.0,0.0,0.0,0,,False,False
1315520322,yes,1554928.0,5195925.0,0.0,0.0,0.0,0,,False,False
1315520323,yes,1555050.0,5195970.0,0.0,0.0,0.0,0,,False,False
1315520324,yes,1553890.0,5195582.0,0.0,0.0,0.0,0,,False,False
1315520325,yes,1553897.0,5195571.0,0.0,0.0,0.0,0,,False,False
1315520326,yes,1553922.0,5195585.0,0.0,0.0,0.0,0,,False,False
1315520327,yes,1554261.0,5195295.0,0.0,0.0,0.0,0,,False,False
1315520328,yes,1554248.0,5195280.0,0.0,0.0,0.0,0,,False,False
1315520329,yes,1553937.0,5195353.0,0.0,0.0,0.0,0,,False,False
1315520330,yes,1553975.0,5195343.0,0.0,0.0,0.0,0,,False,False
1315520331,yes,1553905.0,5195279.0,0.0,0.0,0.0,0,,False,False
1315520333,yes,1553861.0,5195189.0,0.0,0.0,0.0,0,,False,False
1315520334,yes,1553922.0,5195219.0,0.0,0.0,0.0,0,,False,False
1315520335,yes,1553948.0,5195213.0,0.0,0.0,0.0,0,,False,False
1315520336,yes,1553986.0,5195206.0,0.0,0.0,0.0,0,,False,False
1315520337,yes,1553971.0,5195191.0,0.0,0.0,0.0,0,,False,False
1315520338,yes,1554010.0,5195207.0,0.0,0.0,0.0,0,,False,False
1315520339,yes,1554033.0,5195198.0,0.0,0.0,0.0,0,,False,False
1315520340,yes,1554052.0,5195195.0,0.0,0.0,0.0,0,,False,False
1315520341,yes,1554064.0,5195272.0,0.0,0.0,0.0,0,,False,False
1315520342,yes,1554018.0,5195268.0,0.0,0.0,0.0,0,,False,False
1315520343,yes,1554025.0,5195248.0,0.0,0.0,0.0,0,,False,False
1315520344,yes,1554014.0,5195234.0,0.0,0.0,0.0,0,,False,False
1315520345,yes,1554005.0,5195232.0,0.0,0.0,0.0,0,,False,False
1315520346,yes,1553986.0,5195265.0,0.0,0.0,0.0,0,,False,False
1315520347,yes,1554076.0,5195157.0,0.0,0.0,0.0,0,,False,False
1315520348,yes,1554077.0,5195113.0,0.0,0.0,0.0,0,,False,False
1315520349,yes,1554104.0,5195107.0,0.0,0.0,0.0,0,,False,False
1315520350,yes,1554124.0,5195110.0,0.0,0.0,0.0,0,,False,False
1315520351,yes,1553977.0,5195018.0,0.0,0.0,0.0,0,,False,False
1315520352,yes,1553854.0,5195054.0,0.0,0.0,0.0,0,,False,False
1315520353,yes,1554082.0,5195019.0,0.0,0.0,0.0,0,,False,False
1315520354,yes,1553993.0,5194862.0,0.0,0.0,0.0,0,,False,False
1315520355,yes,1553989.0,5194841.0,0.0,0.0,0.0,0,,False,False
1315520356,yes,1554326.0,5194503.0,0.0,0.0,0.0,0,,False,False
1315520357,yes,1554804.0,5194518.0,0.0,0.0,0.0,0,,False,False
1315520358,yes,1554808.0,5194495.0,0.0,0.0,0.0,0,,False,False
1315520359,yes,1555031.0,5194577.0,0.0,0.0,0.0,0,,False,False
1315520360,yes,1554976.0,5194586.0,0.0,0.0,0.0,0,,False,False
1315520361,yes,1554972.0,5194544.0,0.0,0.0,0.0,0,,False,False
1315520362,yes,1554901.0,5194537.0,0.0,0.0,0.0,0,,False,False
1315520363,yes,1555076.0,5194558.0,0.0,0.0,0.0,0,,False,False
1315520364,yes,1555100.0,5194567.0,0.0,0.0,0.0,0,,False,False
1315520365,yes,1555151.0,5194566.0,0.0,0.0,0.0,0,,False,False
1315520366,yes,1555163.0,5194545.0,0.0,0.0,0.0,0,,False,False
1347033784,yes,1551228.0,5194680.0,0.0,0.0,0.0,0,,False,False
1347033785,yes,1551227.0,5194668.0,0.0,0.0,0.0,0,,False,False
1347033786,yes,1551333.0,5194716.0,0.0,0.0,0.0,0,,False,False
1347033787,yes,1551386.0,5194653.0,0.0,0.0,0.0,0,,False,False
1347033788,yes,1551364.0,5194659.0,0.0,0.0,0.0,0,,False,False
1347033789,yes,1551329.0,5194495.0,0.0,0.0,0.0,0,,False,False
1347033790,yes,1551394.0,5194463.0,0.0,0.0,0.0,0,,False,False
1347033791,detached,1551274.0,5194445.0,0.0,0.0,0.0,0,,False,False
1347033792,garage,1551280.0,5194433.0,0.0,0.0,0.0,0,,False,False
1347033793,detached,1551400.0,5194396.0,0.0,0.0,0.0,0,,False,False
1347033794,garage,1551402.0,5194379.0,0.0,0.0,0.0,0,,False,False
1347033795,garage,1551368.0,5194370.0,0.0,0.0,0.0,0,,False,False
1347033796,yes,1551498.0,5194014.0,0.0,0.0,0.0,0,,False,False
1347033797,yes,1551508.0,5193979.0,0.0,0.0,0.0,0,,False,False
1347033798,yes,1551495.0,5194001.0,0.0,0.0,0.0,0,,False,False
1347033799,detached,1551749.0,5194425.0,0.0,0.0,0.0,0,,False,False
1347033800,garage,1551752.0,5194396.0,0.0,0.0,0.0,0,,False,False
1347033801,yes,1551599.0,5194462.0,0.0,0.0,0.0,0,,False,False
1347033802,yes,1551551.0,5194466.0,0.0,0.0,0.0,0,,False,False
1347033803,yes,1551583.0,5194580.0,0.0,0.0,0.0,0,,False,False
1347033804,detached,1551591.0,5194630.0,0.0,0.0,0.0,0,,False,False
1347033805,detached,1552308.0,5194403.0,0.0,0.0,0.0,0,,False,False
1347033806,garage,1552323.0,5194365.0,0.0,0.0,0.0,0,,False,False
1347033807,yes,1552338.0,5194386.0,0.0,0.0,0.0,0,,False,False
1347033808,detached,1552125.0,5194320.0,0.0,0.0,0.0,0,,False,False
1347033809,yes,1552128.0,5194295.0,0.0,0.0,0.0,0,,False,False
1347033810,detached,1552062.0,5194466.0,0.0,0.0,0.0,0,,False,False
1347033811,garage,1552082.0,5194435.0,0.0,0.0,0.0,0,,False,False
1347033812,yes,1552112.0,5194449.0,0.0,0.0,0.0,0,,False,False
1347033813,detached,1551841.0,5194532.0,0.0,0.0,0.0,0,,False,False
1347033814,garage,1551843.0,5194507.0,0.0,0.0,0.0,0,,False,False
1347033815,yes,1551826.0,5194506.0,0.0,0.0,0.0,0,,False,False
1347033816,yes,1551885.0,5194499.0,0.0,0.0,0.0,0,,False,False
1347033817,yes,1552084.0,5194593.0,0.0,0.0,0.0,0,,False,False
1347033818,yes,1552053.0,5194622.0,0.0,0.0,0.0,0,,False,False
1347033819,yes,1552045.0,5194616.0,0.0,0.0,0.0,0,,False,False
1347033820,detached,1551882.0,5194868.0,0.0,0.0,0.0,0,,False,False
1347033821,yes,1551856.0,5194840.0,0.0,0.0,0.0,0,,False,False
1347033822,yes,1551867.0,5194828.0,0.0,0.0,0.0,0,,False,False
1347033823,detached,1551650.0,5194817.0,0.0,0.0,0.0,0,,False,False
1347033824,yes,1551690.0,5194803.0,0.0,0.0,0.0,0,,False,False
1347033825,detached,1551728.0,5194912.0,0.0,0.0,0.0,0,,False,False
1347033826,garage,1551716.0,5194883.0,0.0,0.0,0.0,0,,False,False
1347033827,detached,1551819.0,5195047.0,0.0,0.0,0.0,0,,False,False
1347033828,yes,1551784.0,5195048.0,0.0,0.0,0.0,0,,False,False
1347033829,detached,1552036.0,5195265.0,0.0,0.0,0.0,0,,False,False
1347033830,yes,1551971.0,5195215.0,0.0,0.0,0.0,0,,False,False
1347033831,detached,1551863.0,5195209.0,0.0,0.0,0.0,0,,False,False
1347033832,yes,1552079.0,5195279.0,0.0,0.0,0.0,0,,False,False
1347033833,yes,1552064.0,5195284.0,0.0,0.0,0.0,0,,False,False
1347033834,detached,1551754.0,5195262.0,0.0,0.0,0.0,0,,False,False
1347033835,yes,1551806.0,5195282.0,0.0,0.0,0.0,0,,False,False
1347033836,yes,1551802.0,5195249.0,0.0,0.0,0.0,0,,False,False
1347033837,detached,1551639.0,5195303.0,0.0,0.0,0.0,0,,False,False
1347033838,yes,1551672.0,5195301.0,0.0,0.0,0.0,0,,False,False
1347033839,yes,1551448.0,5195327.0,0.0,0.0,0.0,0,,False,False
1347033840,yes,1551488.0,5195322.0,0.0,0.0,0.0,0,,False,False
1347033841,detached,1551596.0,5195112.0,0.0,0.0,0.0,0,,False,False
1347033842,garage,1551582.0,5195082.0,0.0,0.0,0.0,0,,False,False
1347033843,yes,1551572.0,5195024.0,0.0,0.0,0.0,0,,False,False
1347033844,yes,1551382.0,5194931.0,0.0,0.0,0.0,0,,False,False
1347033845,yes,1551392.0,5194912.0,0.0,0.0,0.0,0,,False,False
1347033846,yes,1551373.0,5194910.0,0.0,0.0,0.0,0,,False,False
1347033847,yes,1551200.0,5195072.0,0.0,0.0,0.0,0,,False,False
1347033848,detached,1551217.0,5195117.0,0.0,0.0,0.0,0,,False,False
1347033849,garage,1551228.0,5195117.0,0.0,0.0,0.0,0,,False,False
1347035801,detached,1551568.0,5195831.0,0.0,0.0,0.0,0,,False,False
1347035802,yes,1551594.0,5195790.0,0.0,0.0,0.0,0,,False,False
1347035803,yes,1551581.0,5195772.0,0.0,0.0,0.0,0,,False,False
1347035804,detached,1551809.0,5195916.0,0.0,0.0,0.0,0,,False,False
1347035805,detached,1551774.0,5195930.0,0.0,0.0,0.0,0,,False,False
1347035806,garage,1551763.0,5195909.0,0.0,0.0,0.0,0,,False,False
1347035807,detached,1551857.0,5195902.0,0.0,0.0,0.0,0,,False,False
1347035808,garage,1551855.0,5195877.0,0.0,0.0,0.0,0,,False,False
1347035809,detached,1551909.0,5195921.0,0.0,0.0,0.0,0,,False,False
1347035810,detached,1551900.0,5195887.0,0.0,0.0,0.0,0,,False,False
1347035811,garage,1551898.0,5195862.0,0.0,0.0,0.0,0,,False,False
1347035812,detached,1551987.0,5195536.0,0.0,0.0,0.0,0,,False,False
1347035813,garage,1551963.0,5195491.0,0.0,0.0,0.0,0,,False,False
1347035814,yes,1552034.0,5195407.0,0.0,0.0,0.0,0,,False,False
1347035815,detached,1552147.0,5195594.0,0.0,0.0,0.0,0,,False,False
1347035816,yes,1552134.0,5195587.0,0.0,0.0,0.0,0,,False,False
1347035817,detached,1552270.0,5195653.0,0.0,0.0,0.0,0,,False,False
1347035818,garage,1552244.0,5195638.0,0.0,0.0,0.0,0,,False,False
1347035819,yes,1552438.0,5195458.0,0.0,0.0,0.0,0,,False,False
1347035820,detached,1552334.0,5195272.0,0.0,0.0,0.0,0,,False,False
1347035821,yes,1552259.0,5195247.0,0.0,0.0,0.0,0,,False,False
1347035822,yes,1552304.0,5195237.0,0.0,0.0,0.0,0,,False,False
1347035823,yes,1552369.0,5195246.0,0.0,0.0,0.0,0,,False,False
1347035824,yes,1552351.0,5195218.0,0.0,0.0,0.0,0,,False,False
1347035825,detached,1552493.0,5194959.0,0.0,0.0,0.0,0,,False,False
1347035826,garage,1552487.0,5194934.0,0.0,0.0,0.0,0,,False,False
1347035827,detached,1552749.0,5195659.0,0.0,0.0,0.0,0,,False,False
1347035828,garage,1552760.0,5195639.0,0.0,0.0,0.0,0,,False,False
1347035862,yes,1553194.0,5194680.0,0.0,0.0,0.0,0,,False,False
1347035863,yes,1554061.0,5195034.0,0.0,0.0,0.0,0,,False,False
1484476490,yes,1551399.0,5195375.0,0.0,0.0,0.0,0,,False,False
1484476491,yes,1551417.0,5195362.0,0.0,0.0,0.0,0,,False,False
1484476492,yes,1551774.0,5195640.0,0.0,0.0,0.0,0,,False,False
1484476493,yes,1551633.0,5195630.0,0.0,0.0,0.0,0,,False,False
1484476494,yes,1551578.0,5195800.0,0.0,0.0,0.0,0,,False,False
1484476495,yes,1551620.0,5195712.0,0.0,0.0,0.0,0,,False,False
1484476496,yes,1551676.0,5195755.0,0.0,0.0,0.0,0,,False,False
904642103,house,1553598.0,5200659.0,0.0,0.0,0.0,0,,False,False
904642104,yes,1553616.0,5200673.0,0.0,0.0,0.0,0,,False,False
904642107,yes,1554081.0,5201100.0,0.0,0.0,0.0,0,,False,False
904642108,yes,1554134.0,5201060.0,0.0,0.0,0.0,0,,False,False
904642109,yes,1554151.0,5201055.0,0.0,0.0,0.0,0,,False,False
904642111,yes,1553929.0,5201127.0,0.0,0.0,0.0,0,,False,False
904642112,yes,1553946.0,5201161.0,0.0,0.0,0.0,0,,False,False
904642113,yes,1553947.0,5201143.0,0.0,0.0,0.0,0,,False,False
904642114,yes,1553964.0,5201131.0,0.0,0.0,0.0,0,,False,False
904642116,yes,1553857.0,5201142.0,0.0,0.0,0.0,0,,False,False
904642120,yes,1553809.0,5201249.0,0.0,0.0,0.0,0,,False,False
904642121,yes,1553826.0,5201233.0,0.0,0.0,0.0,0,,False,False
904642123,yes,1553813.0,5200909.0,0.0,0.0,0.0,0,,False,False
904642124,yes,1553817.0,5200896.0,0.0,0.0,0.0,0,,False,False
904642126,yes,1553625.0,5200824.0,0.0,0.0,0.0,0,,False,False
904642128,yes,1553844.0,5200578.0,0.0,0.0,0.0,0,,False,False
904642130,yes,1553714.0,5200622.0,0.0,0.0,0.0,0,,False,False
904642131,yes,1553721.0,5200596.0,0.0,0.0,0.0,0,,False,False
904642133,yes,1554144.0,5200439.0,0.0,0.0,0.0,0,,False,False
904642137,yes,1554062.0,5200434.0,0.0,0.0,0.0,0,,False,False
904642138,yes,1554023.0,5200421.0,0.0,0.0,0.0,0,,False,False
904642142,yes,1554471.0,5200191.0,0.0,0.0,0.0,0,,False,False
904642143,yes,1554495.0,5200164.0,0.0,0.0,0.0,0,,False,False
904642146,yes,1554288.0,5200336.0,0.0,0.0,0.0,0,,False,False
904642147,yes,1554304.0,5200359.0,0.0,0.0,0.0,0,,False,False
904642148,yes,1554326.0,5200368.0,0.0,0.0,0.0,0,,False,False
904642151,yes,1554430.0,5200467.0,0.0,0.0,0.0,0,,False,False
904642152,yes,1554469.0,5200499.0,0.0,0.0,0.0,0,,False,False
904642154,yes,1554482.0,5200573.0,0.0,0.0,0.0,0,,False,False
904642156,yes,1554287.0,5200225.0,0.0,0.0,0.0,0,,False,False
904642157,yes,1554288.0,5200212.0,0.0,0.0,0.0,0,,False,False
904642158,yes,1554302.0,5200207.0,0.0,0.0,0.0,0,,False,False
904642159,yes,1554211.0,5200205.0,0.0,0.0,0.0,0,,False,False
904642160,yes,1554290.0,5200177.0,0.0,0.0,0.0,0,,False,False
904642161,yes,1554228.0,5200195.0,0.0,0.0,0.0,0,,False,False
1148104989,yes,1553585.0,5198067.0,0.0,0.0,0.0,0,,False,False
1148109872,yes,1551541.0,5198145.0,0.0,0.0,0.0,0,,False,False
1148109873,yes,1551509.0,5198158.0,0.0,0.0,0.0,0,,False,False
1148109874,yes,1551497.0,5198129.0,0.0,0.0,0.0,0,,False,False
1148109875,yes,1554451.0,5199912.0,0.0,0.0,0.0,0,,False,False
1148109876,yes,1554440.0,5199880.0,0.0,0.0,0.0,0,,False,False
1148109877,yes,1554485.0,5199880.0,0.0,0.0,0.0,0,,False,False
1148109880,yes,1554628.0,5199855.0,0.0,0.0,0.0,0,,False,False
1148109881,yes,1554601.0,5199835.0,0.0,0.0,0.0,0,,False,False
1148109884,yes,1554633.0,5199615.0,0.0,0.0,0.0,0,,False,False
1148109886,yes,1554772.0,5199764.0,0.0,0.0,0.0,0,,False,False
1148109887,yes,1554748.0,5199772.0,0.0,0.0,0.0,0,,False,False
1148109888,yes,1554792.0,5199738.0,0.0,0.0,0.0,0,,False,False
1148109889,yes,1554818.0,5199745.0,0.0,0.0,0.0,0,,False,False
1148109890,yes,1554975.0,5199736.0,0.0,0.0,0.0,0,,False,False
1148109891,yes,1555022.0,5199764.0,0.0,0.0,0.0,0,,False,False
1148109892,yes,1554999.0,5199770.0,0.0,0.0,0.0,0,,False,False
1148109894,yes,1555049.0,5199619.0,0.0,0.0,0.0,0,,False,False
1148109895,yes,1555051.0,5199582.0,0.0,0.0,0.0,0,,False,False
1150568393,yes,1555185.0,5199643.0,0.0,0.0,0.0,0,,False,False
1150568394,yes,1555139.0,5199641.0,0.0,0.0,0.0,0,,False,False
1150568395,yes,1555135.0,5199632.0,0.0,0.0,0.0,0,,False,False
1150568398,yes,1554823.0,5199993.0,0.0,0.0,0.0,0,,False,False
1150568399,yes,1554833.0,5199956.0,0.0,0.0,0.0,0,,False,False
1150568401,yes,1554746.0,5200137.0,0.0,0.0,0.0,0,,False,False
1150568402,yes,1554732.0,5200122.0,0.0,0.0,0.0,0,,False,False
1150568403,yes,1554761.0,5200080.0,0.0,0.0,0.0,0,,False,False
1150568407,yes,1554920.0,5200251.0,0.0,0.0,0.0,0,,False,False
1150568408,yes,1555063.0,5200191.0,0.0,0.0,0.0,0,,False,False
1150568409,yes,1555071.0,5200161.0,0.0,0.0,0.0,0,,False,False
1315515499,yes,1551967.0,5199164.0,0.0,0.0,0.0,0,,False,False
1315515500,yes,1551838.0,5199088.0,0.0,0.0,0.0,0,,False,False
1315515501,yes,1551817.0,5199065.0,0.0,0.0,0.0,0,,False,False
1315515502,yes,1552061.0,5199407.0,0.0,0.0,0.0,0,,False,False
1315515503,yes,1551869.0,5198840.0,0.0,0.0,0.0,0,,False,False
1315515504,yes,1552026.0,5198749.0,0.0,0.0,0.0,0,,False,False
1315515505,yes,1552022.0,5198738.0,0.0,0.0,0.0,0,,False,False
1315515506,yes,1552077.0,5198702.0,0.0,0.0,0.0,0,,False,False
1315515507,yes,1552062.0,5198709.0,0.0,0.0,0.0,0,,False,False
1315515508,yes,1552067.0,5198728.0,0.0,0.0,0.0,0,,False,False
1315520241,yes,1553307.0,5198936.0,0.0,0.0,0.0,0,,False,False
1315520242,yes,1553324.0,5198915.0,0.0,0.0,0.0,0,,False,False
1315520243,yes,1553340.0,5198890.0,0.0,0.0,0.0,0,,False,False
1315520244,yes,1553364.0,5198878.0,0.0,0.0,0.0,0,,False,False
1315520245,yes,1553388.0,5198832.0,0.0,0.0,0.0,0,,False,False
1315520246,yes,1553425.0,5198980.0,0.0,0.0,0.0,0,,False,False
1315520247,yes,1553212.0,5198968.0,0.0,0.0,0.0,0,,False,False
1315520248,yes,1553210.0,5198945.0,0.0,0.0,0.0,0,,False,False
1315520249,yes,1553215.0,5198892.0,0.0,0.0,0.0,0,,False,False
1315520250,yes,1553176.0,5198910.0,0.0,0.0,0.0,0,,False,False
1315520251,yes,1553070.0,5198945.0,0.0,0.0,0.0,0,,False,False
1315520252,yes,1553140.0,5198836.0,0.0,0.0,0.0,0,,False,False
1315520253,yes,1553141.0,5198799.0,0.0,0.0,0.0,0,,False,False
1315520254,yes,1553126.0,5198793.0,0.0,0.0,0.0,0,,False,False
1315520255,yes,1553196.0,5198774.0,0.0,0.0,0.0,0,,False,False
1315520256,yes,1553201.0,5198783.0,0.0,0.0,0.0,0,,False,False
1315520257,yes,1553290.0,5198782.0,0.0,0.0,0.0,0,,False,False
1315520258,yes,1553273.0,5198782.0,0.0,0.0,0.0,0,,False,False
1315520259,yes,1553274.0,5198792.0,0.0,0.0,0.0,0,,False,False
1315520260,yes,1553268.0,5198812.0,0.0,0.0,0.0,0,,False,False
1315520261,yes,1553271.0,5198822.0,0.0,0.0,0.0,0,,False,False
1315520262,yes,1553421.0,5199220.0,0.0,0.0,0.0,0,,False,False
1315520263,yes,1553384.0,5199202.0,0.0,0.0,0.0,0,,False,False
1315520264,yes,1553363.0,5199150.0,0.0,0.0,0.0,0,,False,False
1315520265,yes,1553383.0,5199142.0,0.0,0.0,0.0,0,,False,False
1315520266,yes,1553398.0,5199133.0,0.0,0.0,0.0,0,,False,False
1315520267,yes,1553420.0,5199166.0,0.0,0.0,0.0,0,,False,False
1315520268,yes,1554525.0,5198591.0,0.0,0.0,0.0,0,,False,False
1315520269,yes,1554543.0,5198552.0,0.0,0.0,0.0,0,,False,False
1315520270,yes,1554515.0,5198546.0,0.0,0.0,0.0,0,,False,False
1315520271,yes,1554496.0,5198492.0,0.0,0.0,0.0,0,,False,False
1315520272,yes,1554517.0,5198479.0,0.0,0.0,0.0,0,,False,False
1315520273,yes,1554624.0,5198468.0,0.0,0.0,0.0,0,,False,False
1315520274,yes,1554623.0,5198437.0,0.0,0.0,0.0,0,,False,False
1481066664,yes,1553898.0,5202507.0,0.0,0.0,0.0,0,,False,False
1481066665,yes,1553907.0,5202495.0,0.0,0.0,0.0,0,,False,False
1481066666,yes,1553876.0,5202487.0,0.0,0.0,0.0,0,,False,False
1481066667,yes,1553891.0,5202481.0,0.0,0.0,0.0,0,,False,False
1481066668,yes,1553932.0,5202467.0,0.0,0.0,0.0,0,,False,False
1481066669,yes,1553965.0,5202442.0,0.0,0.0,0.0,0,,False,False
1481066670,yes,1553950.0,5202445.0,0.0,0.0,0.0,0,,False,False
1481066671,yes,1553936.0,5202449.0,0.0,0.0,0.0,0,,False,False
1481066672,yes,1553969.0,5202490.0,0.0,0.0,0.0,0,,False,False
1481066673,yes,1553994.0,5202026.0,0.0,0.0,0.0,0,,False,False
1481066674,yes,1553991.0,5202005.0,0.0,0.0,0.0,0,,False,False
1481066677,yes,1554030.0,5200930.0,0.0,0.0,0.0,0,,False,False
1481066678,yes,1554062.0,5200909.0,0.0,0.0,0.0,0,,False,False
1481066679,yes,1554032.0,5200900.0,0.0,0.0,0.0,0,,False,False
1481066680,yes,1553968.0,5200772.0,0.0,0.0,0.0,0,,False,False
1481066681,yes,1553994.0,5200800.0,0.0,0.0,0.0,0,,False,False
1481066682,yes,1553108.0,5200351.0,0.0,0.0,0.0,0,,False,False
1481066683,yes,1553085.0,5200292.0,0.0,0.0,0.0,0,,False,False
1481711624,yes,1551269.0,5203151.0,0.0,0.0,0.0,0,,False,False
1481711625,yes,1551249.0,5203175.0,0.0,0.0,0.0,0,,False,False
1481714962,yes,1553279.0,5203198.0,0.0,0.0,0.0,0,,False,False
1481714963,yes,1553254.0,5203165.0,0.0,0.0,0.0,0,,False,False
27088987,yes,1556943.0,5187392.0,0.0,0.0,0.0,0,,False,False
158805871,yes,1556941.0,5187412.0,0.0,0.0,0.0,0,,False,False
158805872,yes,1557186.0,5187540.0,0.0,0.0,0.0,0,,False,False
584526630,yes,1556240.0,5187220.0,0.0,0.0,0.0,0,,False,False
584526637,yes,1556558.0,5187168.0,0.0,0.0,0.0,0,,False,False
584808358,yes,1556861.0,5187085.0,0.0,0.0,0.0,0,,False,False
584808370,yes,1556955.0,5186980.0,0.0,0.0,0.0,0,,False,False
584810249,yes,1556824.0,5186997.0,0.0,0.0,0.0,0,,False,False
584810250,yes,1556864.0,5186990.0,0.0,0.0,0.0,0,,False,False
584816208,yes,1556826.0,5187021.0,0.0,0.0,0.0,0,,False,False
584816209,yes,1556940.0,5186982.0,0.0,0.0,0.0,0,,False,False
584816210,yes,1556882.0,5186996.0,0.0,0.0,0.0,0,,False,False
584816212,yes,1556873.0,5186971.0,0.0,0.0,0.0,0,,False,False
584833581,yes,1556789.0,5187102.0,0.0,0.0,0.0,0,,False,False
586807521,yes,1556999.0,5186964.0,0.0,0.0,0.0,0,,False,False
586807523,house,1557166.0,5187022.0,0.0,0.0,0.0,0,,False,False
586807524,shed,1557181.0,5187013.0,0.0,0.0,0.0,0,,False,False
586807548,yes,1556508.0,5187097.0,0.0,0.0,0.0,0,,False,False
586807549,yes,1556553.0,5187122.0,0.0,0.0,0.0,0,,False,False
586807551,yes,1556445.0,5187032.0,0.0,0.0,0.0,0,,False,False
587093561,roof,1556242.0,5187098.0,0.0,0.0,0.0,0,,False,False
587093562,roof,1556233.0,5187100.0,0.0,0.0,0.0,0,,False,False
587340029,roof,1556410.0,5187144.0,0.0,0.0,0.0,0,,False,False
587340033,hut,1556413.0,5187213.0,0.0,0.0,0.0,0,,False,False
587340034,hut,1556421.0,5187219.0,0.0,0.0,0.0,0,,False,False
587340035,hut,1556418.0,5187208.0,0.0,0.0,0.0,0,,False,False
587340036,yes,1556416.0,5187246.0,0.0,0.0,0.0,0,,False,False
587340037,yes,1556420.0,5187233.0,0.0,0.0,0.0,0,,False,False
587345069,house,1556629.0,5187148.0,0.0,0.0,0.0,0,,False,False
587345071,house,1556627.0,5187119.0,0.0,0.0,0.0,0,,False,False
587345082,yes,1556602.0,5187090.0,0.0,0.0,0.0,0,,False,False
587355641,shed,1556056.0,5187024.0,0.0,0.0,0.0,0,,False,False
587355642,shed,1556092.0,5187012.0,0.0,0.0,0.0,0,,False,False
951828208,shed,1556953.0,5187357.0,0.0,0.0,0.0,0,,False,False
995769348,yes,1558153.0,5187008.0,0.0,0.0,0.0,0,,False,False
995769349,yes,1558161.0,5186991.0,0.0,0.0,0.0,0,,False,False
995773490,yes,1558104.0,5187022.0,0.0,0.0,0.0,0,,False,False
995773491,yes,1558099.0,5187016.0,0.0,0.0,0.0,0,,False,False
995773498,yes,1558845.0,5187291.0,0.0,0.0,0.0,0,,False,False
995773499,yes,1558836.0,5187396.0,0.0,0.0,0.0,0,,False,False
995773500,yes,1558922.0,5187421.0,0.0,0.0,0.0,0,,False,False
995773501,yes,1558971.0,5187445.0,0.0,0.0,0.0,0,,False,False
995773502,yes,1558981.0,5187431.0,0.0,0.0,0.0,0,,False,False
995773503,yes,1558984.0,5187419.0,0.0,0.0,0.0,0,,False,False
995773504,yes,1558975.0,5187472.0,0.0,0.0,0.0,0,,False,False
995773505,yes,1558991.0,5187458.0,0.0,0.0,0.0,0,,False,False
995773509,yes,1556563.0,5187585.0,0.0,0.0,0.0,0,,False,False
995773510,yes,1556550.0,5187619.0,0.0,0.0,0.0,0,,False,False
995773511,yes,1556513.0,5187611.0,0.0,0.0,0.0,0,,False,False
995773512,yes,1556540.0,5187663.0,0.0,0.0,0.0,0,,False,False
995773513,yes,1556519.0,5187691.0,0.0,0.0,0.0,0,,False,False
995773514,yes,1556411.0,5187757.0,0.0,0.0,0.0,0,,False,False
995773515,yes,1556449.0,5187774.0,0.0,0.0,0.0,0,,False,False
995773516,yes,1556433.0,5187526.0,0.0,0.0,0.0,0,,False,False
995773517,yes,1556424.0,5187522.0,0.0,0.0,0.0,0,,False,False
995773518,yes,1556416.0,5187518.0,0.0,0.0,0.0,0,,False,False
995773519,yes,1556648.0,5187439.0,0.0,0.0,0.0,0,,False,False
995773520,yes,1556653.0,5187424.0,0.0,0.0,0.0,0,,False,False
995773521,yes,1556662.0,5187447.0,0.0,0.0,0.0,0,,False,False
995773522,yes,1556916.0,5187337.0,0.0,0.0,0.0,0,,False,False
995773523,yes,1556576.0,5187956.0,0.0,0.0,0.0,0,,False,False
995773554,yes,1555613.0,5187645.0,0.0,0.0,0.0,0,,False,False
995773557,yes,1555600.0,5187635.0,0.0,0.0,0.0,0,,False,False
1002164454,yes,1556254.0,5187590.0,0.0,0.0,0.0,0,,False,False
1093037711,yes,1556563.0,5187091.0,0.0,0.0,0.0,0,,False,False
1133346704,yes,1558868.0,5192502.0,0.0,0.0,0.0,0,,False,False
1133346706,yes,1558859.0,5192406.0,0.0,0.0,0.0,0,,False,False
1133346707,yes,1559054.0,5192182.0,0.0,0.0,0.0,0,,False,False
1133346708,yes,1559090.0,5192094.0,0.0,0.0,0.0,0,,False,False
1133346710,yes,1559130.0,5192082.0,0.0,0.0,0.0,0,,False,False
1133346711,yes,1559102.0,5192092.0,0.0,0.0,0.0,0,,False,False
1148121394,yes,1556008.0,5187163.0,0.0,0.0,0.0,0,,False,False
1148123558,yes,1556580.0,5187057.0,0.0,0.0,0.0,0,,False,False
1148123563,yes,1556861.0,5187011.0,0.0,0.0,0.0,0,,False,False
1148123564,yes,1556876.0,5187099.0,0.0,0.0,0.0,0,,False,False
1148123566,yes,1556456.0,5187041.0,0.0,0.0,0.0,0,,False,False
1148123567,yes,1556522.0,5187164.0,0.0,0.0,0.0,0,,False,False
1212387385,yes,1556791.0,5187000.0,0.0,0.0,0.0,0,,False,False
1315520428,yes,1556264.0,5192182.0,0.0,0.0,0.0,0,,False,False
1315520429,yes,1556069.0,5192059.0,0.0,0.0,0.0,0,,False,False
1315520430,yes,1555910.0,5191954.0,0.0,0.0,0.0,0,,False,False
1315520431,yes,1555911.0,5191913.0,0.0,0.0,0.0,0,,False,False
1315520432,yes,1555837.0,5191817.0,0.0,0.0,0.0,0,,False,False
1315520433,yes,1556115.0,5192099.0,0.0,0.0,0.0,0,,False,False
1315520434,yes,1556027.0,5192087.0,0.0,0.0,0.0,0,,False,False
1315520435,yes,1555970.0,5191780.0,0.0,0.0,0.0,0,,False,False
1315520436,yes,1555830.0,5191796.0,0.0,0.0,0.0,0,,False,False
1315520437,yes,1557440.0,5191659.0,0.0,0.0,0.0,0,,False,False
1315520438,yes,1557438.0,5191590.0,0.0,0.0,0.0,0,,False,False
1315520439,yes,1557367.0,5191602.0,0.0,0.0,0.0,0,,False,False
1315520440,yes,1557460.0,5191648.0,0.0,0.0,0.0,0,,False,False
1315520441,yes,1556601.0,5191164.0,0.0,0.0,0.0,0,,False,False
1315520442,yes,1556120.0,5191209.0,0.0,0.0,0.0,0,,False,False
1315520443,yes,1555912.0,5191208.0,0.0,0.0,0.0,0,,False,False
1315520444,yes,1555931.0,5191210.0,0.0,0.0,0.0,0,,False,False
1315520445,yes,1555952.0,5191198.0,0.0,0.0,0.0,0,,False,False
1315520446,yes,1556201.0,5191134.0,0.0,0.0,0.0,0,,False,False
1315520447,yes,1556208.0,5191106.0,0.0,0.0,0.0,0,,False,False
1315520448,yes,1556165.0,5191100.0,0.0,0.0,0.0,0,,False,False
1315520449,yes,1556192.0,5191116.0,0.0,0.0,0.0,0,,False,False
1315520450,yes,1555953.0,5191186.0,0.0,0.0,0.0,0,,False,False
1549239693,yes,1557010.0,5188193.0,0.0,0.0,0.0,0,,False,False
110386739,school,1559122.0,5197952.0,0.0,0.0,0.0,0,,False,False
110386740,school,1559098.0,5198012.0,0.0,0.0,0.0,0,,False,False
110386742,school,1559148.0,5197968.0,0.0,0.0,0.0,0,,False,False
110386743,school,1559119.0,5197969.0,0.0,0.0,0.0,0,,False,False
110386745,school,1559073.0,5198035.0,0.0,0.0,0.0,0,,False,False
202077112,school,1559076.0,5197976.0,0.0,0.0,0.0,0,,False,False
236531868,yes,1559183.0,5198040.0,0.0,0.0,0.0,0,,False,False
236531869,yes,1559149.0,5197927.0,0.0,0.0,0.0,0,,False,False
409775434,yes,1559178.0,5197838.0,0.0,0.0,0.0,0,,False,False
409775435,yes,1559192.0,5197852.0,0.0,0.0,0.0,0,,False,False
409775436,yes,1559204.0,5197870.0,0.0,0.0,0.0,0,,False,False
409775437,yes,1559203.0,5197887.0,0.0,0.0,0.0,0,,False,False
958056208,yes,1557232.0,5197391.0,0.0,0.0,0.0,0,,False,False
958056209,yes,1557201.0,5197342.0,0.0,0.0,0.0,0,,False,False
958056210,yes,1557167.0,5197156.0,0.0,0.0,0.0,0,,False,False
958056211,yes,1557191.0,5197160.0,0.0,0.0,0.0,0,,False,False
958056212,yes,1557178.0,5197135.0,0.0,0.0,0.0,0,,False,False
958056226,yes,1556651.0,5197400.0,0.0,0.0,0.0,0,,False,False
958056227,yes,1556664.0,5197461.0,0.0,0.0,0.0,0,,False,False
958056228,yes,1556683.0,5197453.0,0.0,0.0,0.0,0,,False,False
958056229,yes,1556688.0,5197355.0,0.0,0.0,0.0,0,,False,False
958056230,yes,1556902.0,5197327.0,0.0,0.0,0.0,0,,False,False
958056231,yes,1556903.0,5197311.0,0.0,0.0,0.0,0,,False,False
958056232,yes,1556910.0,5197290.0,0.0,0.0,0.0,0,,False,False
958056234,yes,1556744.0,5197533.0,0.0,0.0,0.0,0,,False,False
958056235,yes,1556743.0,5197507.0,0.0,0.0,0.0,0,,False,False
958056237,yes,1556905.0,5197535.0,0.0,0.0,0.0,0,,False,False
958056238,yes,1556907.0,5197490.0,0.0,0.0,0.0,0,,False,False
958056239,yes,1556915.0,5197447.0,0.0,0.0,0.0,0,,False,False
958717267,yes,1556756.0,5197792.0,0.0,0.0,0.0,0,,False,False
958717268,yes,1556869.0,5197763.0,0.0,0.0,0.0,0,,False,False
958717269,yes,1556824.0,5197751.0,0.0,0.0,0.0,0,,False,False
958717272,yes,1556928.0,5197655.0,0.0,0.0,0.0,0,,False,False
958717273,yes,1556972.0,5197660.0,0.0,0.0,0.0,0,,False,False
958717274,yes,1557019.0,5197657.0,0.0,0.0,0.0,0,,False,False
958717277,yes,1557154.0,5197536.0,0.0,0.0,0.0,0,,False,False
958717279,yes,1557143.0,5197481.0,0.0,0.0,0.0,0,,False,False
958717281,yes,1557112.0,5197402.0,0.0,0.0,0.0,0,,False,False
958717282,yes,1557022.0,5197452.0,0.0,0.0,0.0,0,,False,False
958717283,yes,1557065.0,5197436.0,0.0,0.0,0.0,0,,False,False
958717284,yes,1556981.0,5197423.0,0.0,0.0,0.0,0,,False,False
958717285,yes,1557061.0,5197393.0,0.0,0.0,0.0,0,,False,False
958717286,yes,1556983.0,5197344.0,0.0,0.0,0.0,0,,False,False
958717287,yes,1557127.0,5197380.0,0.0,0.0,0.0,0,,False,False
958717288,yes,1557112.0,5197366.0,0.0,0.0,0.0,0,,False,False
958717289,yes,1557121.0,5197363.0,0.0,0.0,0.0,0,,False,False
958717296,yes,1557275.0,5197539.0,0.0,0.0,0.0,0,,False,False
958717297,yes,1557307.0,5197561.0,0.0,0.0,0.0,0,,False,False
958717298,yes,1557291.0,5197532.0,0.0,0.0,0.0,0,,False,False
958717301,yes,1557321.0,5197710.0,0.0,0.0,0.0,0,,False,False
958717302,yes,1557343.0,5197695.0,0.0,0.0,0.0,0,,False,False
958717304,yes,1557225.0,5197687.0,0.0,0.0,0.0,0,,False,False
958717305,yes,1557196.0,5197681.0,0.0,0.0,0.0,0,,False,False
958717308,yes,1556968.0,5197195.0,0.0,0.0,0.0,0,,False,False
958717309,yes,1557026.0,5197188.0,0.0,0.0,0.0,0,,False,False
958717310,yes,1557033.0,5197170.0,0.0,0.0,0.0,0,,False,False
958717312,yes,1557528.0,5197613.0,0.0,0.0,0.0,0,,False,False
958717313,yes,1557559.0,5197651.0,0.0,0.0,0.0,0,,False,False
958717317,yes,1557636.0,5197729.0,0.0,0.0,0.0,0,,False,False
958717318,yes,1557599.0,5197690.0,0.0,0.0,0.0,0,,False,False
958717319,yes,1557632.0,5197735.0,0.0,0.0,0.0,0,,False,False
958717320,yes,1557649.0,5197742.0,0.0,0.0,0.0,0,,False,False
958717321,yes,1557766.0,5197764.0,0.0,0.0,0.0,0,,False,False
958717322,yes,1557771.0,5197741.0,0.0,0.0,0.0,0,,False,False
958717323,yes,1557763.0,5197732.0,0.0,0.0,0.0,0,,False,False
958717324,yes,1557720.0,5197736.0,0.0,0.0,0.0,0,,False,False
958717330,yes,1557891.0,5197674.0,0.0,0.0,0.0,0,,False,False
958717331,yes,1556291.0,5197160.0,0.0,0.0,0.0,0,,False,False
958717332,yes,1556250.0,5197164.0,0.0,0.0,0.0,0,,False,False
958717333,yes,1556297.0,5197210.0,0.0,0.0,0.0,0,,False,False
958717334,yes,1556310.0,5197228.0,0.0,0.0,0.0,0,,False,False
958717335,yes,1556323.0,5197209.0,0.0,0.0,0.0,0,,False,False
958717336,yes,1556331.0,5197151.0,0.0,0.0,0.0,0,,False,False
958717337,yes,1556301.0,5197116.0,0.0,0.0,0.0,0,,False,False
958717338,yes,1555590.0,5197445.0,0.0,0.0,0.0,0,,False,False
958717339,yes,1555597.0,5197419.0,0.0,0.0,0.0,0,,False,False
958717340,yes,1555647.0,5197429.0,0.0,0.0,0.0,0,,False,False
958717341,yes,1555630.0,5197415.0,0.0,0.0,0.0,0,,False,False
958717342,yes,1555570.0,5197377.0,0.0,0.0,0.0,0,,False,False
958990608,yes,1558179.0,5197514.0,0.0,0.0,0.0,0,,False,False
958990609,yes,1558138.0,5197501.0,0.0,0.0,0.0,0,,False,False
958990610,yes,1558144.0,5197469.0,0.0,0.0,0.0,0,,False,False
958990612,yes,1558150.0,5197442.0,0.0,0.0,0.0,0,,False,False
958990613,yes,1557862.0,5197241.0,0.0,0.0,0.0,0,,False,False
958990614,yes,1557973.0,5197189.0,0.0,0.0,0.0,0,,False,False
958990615,yes,1557824.0,5197153.0,0.0,0.0,0.0,0,,False,False
958990616,yes,1557865.0,5197141.0,0.0,0.0,0.0,0,,False,False
958990617,yes,1557784.0,5197179.0,0.0,0.0,0.0,0,,False,False
958990618,yes,1557920.0,5197109.0,0.0,0.0,0.0,0,,False,False
958990619,yes,1557858.0,5197119.0,0.0,0.0,0.0,0,,False,False
958990620,yes,1557852.0,5197124.0,0.0,0.0,0.0,0,,False,False
958990621,yes,1557902.0,5197100.0,0.0,0.0,0.0,0,,False,False
958990622,yes,1557890.0,5197100.0,0.0,0.0,0.0,0,,False,False
958990623,yes,1557882.0,5197084.0,0.0,0.0,0.0,0,,False,False
958990624,yes,1557781.0,5197061.0,0.0,0.0,0.0,0,,False,False
958990625,yes,1557877.0,5197018.0,0.0,0.0,0.0,0,,False,False
958990626,yes,1557741.0,5197087.0,0.0,0.0,0.0,0,,False,False
958990627,yes,1557822.0,5197050.0,0.0,0.0,0.0,0,,False,False
958990628,yes,1557946.0,5197042.0,0.0,0.0,0.0,0,,False,False
958990629,yes,1557778.0,5196895.0,0.0,0.0,0.0,0,,False,False
958990630,yes,1557781.0,5196885.0,0.0,0.0,0.0,0,,False,False
958990637,yes,1557348.0,5197302.0,0.0,0.0,0.0,0,,False,False
958990638,yes,1557319.0,5197248.0,0.0,0.0,0.0,0,,False,False
958990639,yes,1557661.0,5197258.0,0.0,0.0,0.0,0,,False,False
958990640,yes,1557668.0,5197251.0,0.0,0.0,0.0,0,,False,False
958990641,yes,1557675.0,5197281.0,0.0,0.0,0.0,0,,False,False
958990642,yes,1557540.0,5196979.0,0.0,0.0,0.0,0,,False,False
958990643,yes,1557545.0,5196964.0,0.0,0.0,0.0,0,,False,False
958990644,yes,1557554.0,5196946.0,0.0,0.0,0.0,0,,False,False
958990645,yes,1557566.0,5196943.0,0.0,0.0,0.0,0,,False,False
958990646,yes,1557319.0,5197031.0,0.0,0.0,0.0,0,,False,False
958990647,yes,1557294.0,5197055.0,0.0,0.0,0.0,0,,False,False
958990650,yes,1557218.0,5196966.0,0.0,0.0,0.0,0,,False,False
958990651,yes,1557249.0,5196928.0,0.0,0.0,0.0,0,,False,False
958990653,yes,1557343.0,5196889.0,0.0,0.0,0.0,0,,False,False
958990654,yes,1557595.0,5196808.0,0.0,0.0,0.0,0,,False,False
958990655,yes,1557595.0,5196774.0,0.0,0.0,0.0,0,,False,False
958990656,yes,1557610.0,5196763.0,0.0,0.0,0.0,0,,False,False
958990658,yes,1557687.0,5196754.0,0.0,0.0,0.0,0,,False,False
958990659,yes,1557669.0,5196734.0,0.0,0.0,0.0,0,,False,False
958990660,yes,1557657.0,5196737.0,0.0,0.0,0.0,0,,False,False
958990661,yes,1557691.0,5196729.0,0.0,0.0,0.0,0,,False,False
958990662,yes,1557695.0,5196723.0,0.0,0.0,0.0,0,,False,False
958990663,yes,1557700.0,5196722.0,0.0,0.0,0.0,0,,False,False
958990665,yes,1557898.0,5196746.0,0.0,0.0,0.0,0,,False,False
958990666,yes,1557910.0,5196738.0,0.0,0.0,0.0,0,,False,False
958990667,yes,1557907.0,5196758.0,0.0,0.0,0.0,0,,False,False
958990668,yes,1557932.0,5196749.0,0.0,0.0,0.0,0,,False,False
958990669,yes,1557942.0,5196743.0,0.0,0.0,0.0,0,,False,False
961483399,yes,1558160.0,5197146.0,0.0,0.0,0.0,0,,False,False
961483400,yes,1558193.0,5197103.0,0.0,0.0,0.0,0,,False,False
961483401,yes,1558223.0,5197111.0,0.0,0.0,0.0,0,,False,False
961483402,yes,1558300.0,5197050.0,0.0,0.0,0.0,0,,False,False
961483403,yes,1558341.0,5197029.0,0.0,0.0,0.0,0,,False,False
961483404,yes,1558380.0,5197017.0,0.0,0.0,0.0,0,,False,False
961483405,yes,1558396.0,5197052.0,0.0,0.0,0.0,0,,False,False
961483407,yes,1558030.0,5196785.0,0.0,0.0,0.0,0,,False,False
961483408,yes,1558062.0,5196798.0,0.0,0.0,0.0,0,,False,False
961483409,yes,1558091.0,5196752.0,0.0,0.0,0.0,0,,False,False
961483410,yes,1558111.0,5196765.0,0.0,0.0,0.0,0,,False,False
961483411,yes,1558102.0,5196782.0,0.0,0.0,0.0,0,,False,False
961483412,yes,1558133.0,5196778.0,0.0,0.0,0.0,0,,False,False
961483413,yes,1558145.0,5196756.0,0.0,0.0,0.0,0,,False,False
961483414,yes,1558160.0,5196744.0,0.0,0.0,0.0,0,,False,False
961483415,yes,1558140.0,5196731.0,0.0,0.0,0.0,0,,False,False
961483416,yes,1558277.0,5196705.0,0.0,0.0,0.0,0,,False,False
961483417,yes,1558320.0,5196698.0,0.0,0.0,0.0,0,,False,False
961483418,yes,1558352.0,5196656.0,0.0,0.0,0.0,0,,False,False
961483419,yes,1558669.0,5196562.0,0.0,0.0,0.0,0,,False,False
961483421,yes,1558774.0,5196744.0,0.0,0.0,0.0,0,,False,False
961483422,yes,1558750.0,5196764.0,0.0,0.0,0.0,0,,False,False
961748700,yes,1558875.0,5196501.0,0.0,0.0,0.0,0,,False,False
961748701,yes,1558900.0,5196519.0,0.0,0.0,0.0,0,,False,False
961748702,yes,1558909.0,5196603.0,0.0,0.0,0.0,0,,False,False
961748703,yes,1558897.0,5196583.0,0.0,0.0,0.0,0,,False,False
961748705,yes,1558928.0,5196686.0,0.0,0.0,0.0,0,,False,False
961748706,yes,1558907.0,5196704.0,0.0,0.0,0.0,0,,False,False
961748707,yes,1558952.0,5196678.0,0.0,0.0,0.0,0,,False,False
961748708,yes,1559052.0,5196714.0,0.0,0.0,0.0,0,,False,False
961748709,yes,1558976.0,5196972.0,0.0,0.0,0.0,0,,False,False
961748710,yes,1558961.0,5196909.0,0.0,0.0,0.0,0,,False,False
961748711,yes,1558997.0,5196924.0,0.0,0.0,0.0,0,,False,False
961748712,yes,1559017.0,5196924.0,0.0,0.0,0.0,0,,False,False
961748713,yes,1559013.0,5196904.0,0.0,0.0,0.0,0,,False,False
961748714,yes,1559049.0,5196887.0,0.0,0.0,0.0,0,,False,False
961748715,yes,1559120.0,5196865.0,0.0,0.0,0.0,0,,False,False
961748716,yes,1559146.0,5196881.0,0.0,0.0,0.0,0,,False,False
961748717,yes,1559154.0,5196900.0,0.0,0.0,0.0,0,,False,False
961748718,yes,1559068.0,5196470.0,0.0,0.0,0.0,0,,False,False
961748719,yes,1559047.0,5196417.0,0.0,0.0,0.0,0,,False,False
961748720,yes,1559069.0,5196451.0,0.0,0.0,0.0,0,,False,False
961755811,yes,1558636.0,5198065.0,0.0,0.0,0.0,0,,False,False
961755816,yes,1558775.0,5198083.0,0.0,0.0,0.0,0,,False,False
961755819,yes,1558873.0,5198096.0,0.0,0.0,0.0,0,,False,False
961755821,yes,1558958.0,5198061.0,0.0,0.0,0.0,0,,False,False
961755822,yes,1558938.0,5198043.0,0.0,0.0,0.0,0,,False,False
961755823,yes,1559018.0,5198037.0,0.0,0.0,0.0,0,,False,False
961755824,yes,1558984.0,5197994.0,0.0,0.0,0.0,0,,False,False
961755825,yes,1558994.0,5197982.0,0.0,0.0,0.0,0,,False,False
961755826,yes,1558855.0,5197971.0,0.0,0.0,0.0,0,,False,False
961755827,yes,1558871.0,5197960.0,0.0,0.0,0.0,0,,False,False
961755828,yes,1558983.0,5197921.0,0.0,0.0,0.0,0,,False,False
961755830,yes,1558788.0,5198002.0,0.0,0.0,0.0,0,,False,False
961755831,yes,1558795.0,5197962.0,0.0,0.0,0.0,0,,False,False
961755832,yes,1558782.0,5197964.0,0.0,0.0,0.0,0,,False,False
961755837,yes,1558704.0,5197968.0,0.0,0.0,0.0,0,,False,False
961755838,yes,1558713.0,5197920.0,0.0,0.0,0.0,0,,False,False
961755839,yes,1558718.0,5197913.0,0.0,0.0,0.0,0,,False,False
961755840,yes,1558740.0,5197906.0,0.0,0.0,0.0,0,,False,False
961755841,yes,1558763.0,5197909.0,0.0,0.0,0.0,0,,False,False
961755842,yes,1558811.0,5197911.0,0.0,0.0,0.0,0,,False,False
961755843,yes,1558802.0,5197858.0,0.0,0.0,0.0,0,,False,False
961755844,yes,1558873.0,5197809.0,0.0,0.0,0.0,0,,False,False
961755845,yes,1558955.0,5197784.0,0.0,0.0,0.0,0,,False,False
961755846,yes,1558954.0,5197765.0,0.0,0.0,0.0,0,,False,False
961755847,yes,1559035.0,5197782.0,0.0,0.0,0.0,0,,False,False
961755848,yes,1559028.0,5197752.0,0.0,0.0,0.0,0,,False,False
961755851,yes,1559077.0,5197763.0,0.0,0.0,0.0,0,,False,False
961755852,yes,1559103.0,5197777.0,0.0,0.0,0.0,0,,False,False
961755853,yes,1559099.0,5197657.0,0.0,0.0,0.0,0,,False,False
961755855,yes,1558985.0,5197635.0,0.0,0.0,0.0,0,,False,False
961755857,yes,1559047.0,5197597.0,0.0,0.0,0.0,0,,False,False
961755858,yes,1559062.0,5197576.0,0.0,0.0,0.0,0,,False,False
961755860,yes,1558918.0,5197684.0,0.0,0.0,0.0,0,,False,False
961755861,yes,1558903.0,5197662.0,0.0,0.0,0.0,0,,False,False
961755862,yes,1558900.0,5197674.0,0.0,0.0,0.0,0,,False,False
961755863,yes,1558865.0,5197683.0,0.0,0.0,0.0,0,,False,False
961755864,yes,1558846.0,5197704.0,0.0,0.0,0.0,0,,False,False
961755865,yes,1558780.0,5197746.0,0.0,0.0,0.0,0,,False,False
961755866,yes,1558759.0,5197736.0,0.0,0.0,0.0,0,,False,False
961755867,yes,1558790.0,5197728.0,0.0,0.0,0.0,0,,False,False
961755869,yes,1558719.0,5197785.0,0.0,0.0,0.0,0,,False,False
961755870,yes,1558739.0,5197774.0,0.0,0.0,0.0,0,,False,False
961755871,yes,1558724.0,5197766.0,0.0,0.0,0.0,0,,False,False
961756201,yes,1558647.0,5197827.0,0.0,0.0,0.0,0,,False,False
961756202,yes,1558617.0,5197805.0,0.0,0.0,0.0,0,,False,False
961756203,yes,1558614.0,5197785.0,0.0,0.0,0.0,0,,False,False
961756204,yes,1558633.0,5197808.0,0.0,0.0,0.0,0,,False,False
961756205,yes,1558614.0,5197893.0,0.0,0.0,0.0,0,,False,False
961756206,yes,1558599.0,5197869.0,0.0,0.0,0.0,0,,False,False
961756207,yes,1558624.0,5197881.0,0.0,0.0,0.0,0,,False,False
961756208,yes,1558632.0,5197919.0,0.0,0.0,0.0,0,,False,False
961756210,yes,1558561.0,5197987.0,0.0,0.0,0.0,0,,False,False
961756211,yes,1558545.0,5197966.0,0.0,0.0,0.0,0,,False,False
961756213,yes,1558497.0,5197928.0,0.0,0.0,0.0,0,,False,False
961756214,yes,1558468.0,5197930.0,0.0,0.0,0.0,0,,False,False
961756215,yes,1558480.0,5197924.0,0.0,0.0,0.0,0,,False,False
961756216,yes,1558472.0,5197900.0,0.0,0.0,0.0,0,,False,False
961756217,yes,1558508.0,5197866.0,0.0,0.0,0.0,0,,False,False
961756218,yes,1558433.0,5197855.0,0.0,0.0,0.0,0,,False,False
961756219,yes,1558456.0,5197706.0,0.0,0.0,0.0,0,,False,False
961756220,yes,1558450.0,5197681.0,0.0,0.0,0.0,0,,False,False
961756223,yes,1558627.0,5197588.0,0.0,0.0,0.0,0,,False,False
961756224,yes,1558651.0,5197581.0,0.0,0.0,0.0,0,,False,False
961756225,yes,1558665.0,5197563.0,0.0,0.0,0.0,0,,False,False
961756226,yes,1558672.0,5197584.0,0.0,0.0,0.0,0,,False,False
961756227,yes,1558596.0,5197562.0,0.0,0.0,0.0,0,,False,False
961756228,yes,1558515.0,5197554.0,0.0,0.0,0.0,0,,False,False
961756229,yes,1558509.0,5197533.0,0.0,0.0,0.0,0,,False,False
961756230,yes,1558525.0,5197517.0,0.0,0.0,0.0,0,,False,False
961756231,yes,1558323.0,5197562.0,0.0,0.0,0.0,0,,False,False
961756232,yes,1558318.0,5197545.0,0.0,0.0,0.0,0,,False,False
961756233,yes,1558363.0,5197537.0,0.0,0.0,0.0,0,,False,False
961756234,yes,1558342.0,5197516.0,0.0,0.0,0.0,0,,False,False
961756235,yes,1558648.0,5197466.0,0.0,0.0,0.0,0,,False,False
961756236,yes,1558646.0,5197427.0,0.0,0.0,0.0,0,,False,False
961756237,yes,1558643.0,5197417.0,0.0,0.0,0.0,0,,False,False
961756240,yes,1558841.0,5197381.0,0.0,0.0,0.0,0,,False,False
961756241,yes,1558825.0,5197359.0,0.0,0.0,0.0,0,,False,False
961756242,yes,1558847.0,5197352.0,0.0,0.0,0.0,0,,False,False
961756243,yes,1558853.0,5197443.0,0.0,0.0,0.0,0,,False,False
961756244,yes,1558819.0,5197450.0,0.0,0.0,0.0,0,,False,False
961756245,yes,1558823.0,5197487.0,0.0,0.0,0.0,0,,False,False
961756246,yes,1558794.0,5197471.0,0.0,0.0,0.0,0,,False,False
961756247,yes,1558827.0,5197507.0,0.0,0.0,0.0,0,,False,False
961756248,yes,1558876.0,5197596.0,0.0,0.0,0.0,0,,False,False
961756249,yes,1558862.0,5197564.0,0.0,0.0,0.0,0,,False,False
961756250,yes,1558905.0,5197587.0,0.0,0.0,0.0,0,,False,False
961756251,yes,1558831.0,5197317.0,0.0,0.0,0.0,0,,False,False
961756252,yes,1558836.0,5197318.0,0.0,0.0,0.0,0,,False,False
961756253,yes,1558843.0,5197314.0,0.0,0.0,0.0,0,,False,False
961756254,yes,1558833.0,5197293.0,0.0,0.0,0.0,0,,False,False
961756255,yes,1558822.0,5197269.0,0.0,0.0,0.0,0,,False,False
961756256,yes,1558624.0,5197446.0,0.0,0.0,0.0,0,,False,False
1133346685,yes,1559022.0,5193524.0,0.0,0.0,0.0,0,,False,False
1133346686,yes,1559013.0,5193489.0,0.0,0.0,0.0,0,,False,False
1133346687,yes,1559072.0,5193538.0,0.0,0.0,0.0,0,,False,False
1133346689,yes,1559059.0,5193341.0,0.0,0.0,0.0,0,,False,False
1133346690,yes,1559006.0,5193339.0,0.0,0.0,0.0,0,,False,False
1133346692,yes,1559024.0,5193187.0,0.0,0.0,0.0,0,,False,False
1133346694,yes,1559019.0,5193167.0,0.0,0.0,0.0,0,,False,False
1133346695,yes,1558985.0,5193059.0,0.0,0.0,0.0,0,,False,False
1133346697,yes,1558975.0,5193043.0,0.0,0.0,0.0,0,,False,False
1133346698,yes,1559005.0,5193027.0,0.0,0.0,0.0,0,,False,False
1133346699,yes,1558951.0,5192897.0,0.0,0.0,0.0,0,,False,False
1133346700,yes,1558964.0,5192866.0,0.0,0.0,0.0,0,,False,False
1133346701,yes,1558966.0,5192848.0,0.0,0.0,0.0,0,,False,False
1133346703,yes,1558850.0,5192561.0,0.0,0.0,0.0,0,,False,False
1133346714,yes,1559103.0,5193150.0,0.0,0.0,0.0,0,,False,False
1133346718,yes,1559189.0,5193445.0,0.0,0.0,0.0,0,,False,False
1133346719,yes,1559226.0,5193487.0,0.0,0.0,0.0,0,,False,False
1133346749,yes,1558701.0,5193376.0,0.0,0.0,0.0,0,,False,False
1133346750,yes,1558703.0,5193360.0,0.0,0.0,0.0,0,,False,False
1133346751,yes,1558666.0,5193323.0,0.0,0.0,0.0,0,,False,False
1133346754,yes,1558505.0,5193658.0,0.0,0.0,0.0,0,,False,False
1133346755,yes,1558487.0,5193650.0,0.0,0.0,0.0,0,,False,False
1133346756,yes,1558479.0,5193627.0,0.0,0.0,0.0,0,,False,False
1133346758,yes,1558381.0,5193542.0,0.0,0.0,0.0,0,,False,False
1134956682,yes,1558238.0,5193756.0,0.0,0.0,0.0,0,,False,False
1134956683,yes,1558198.0,5193771.0,0.0,0.0,0.0,0,,False,False
1134956684,yes,1558211.0,5193751.0,0.0,0.0,0.0,0,,False,False
1134956687,yes,1558154.0,5193973.0,0.0,0.0,0.0,0,,False,False
1134956688,yes,1558074.0,5193916.0,0.0,0.0,0.0,0,,False,False
1134956689,yes,1558134.0,5193904.0,0.0,0.0,0.0,0,,False,False
1134956690,yes,1558074.0,5193967.0,0.0,0.0,0.0,0,,False,False
1134956691,yes,1558132.0,5194075.0,0.0,0.0,0.0,0,,False,False
1134956692,yes,1558114.0,5194033.0,0.0,0.0,0.0,0,,False,False
1134956699,yes,1559270.0,5193931.0,0.0,0.0,0.0,0,,False,False
1134956701,yes,1559264.0,5194021.0,0.0,0.0,0.0,0,,False,False
1134956702,yes,1559204.0,5193992.0,0.0,0.0,0.0,0,,False,False
1134956703,yes,1559262.0,5194006.0,0.0,0.0,0.0,0,,False,False
1134956704,yes,1559248.0,5193992.0,0.0,0.0,0.0,0,,False,False
1134956705,yes,1559231.0,5193929.0,0.0,0.0,0.0,0,,False,False
1148104935,yes,1557677.0,5198009.0,0.0,0.0,0.0,0,,False,False
1148104936,yes,1557650.0,5197939.0,0.0,0.0,0.0,0,,False,False
1148104937,yes,1557566.0,5197981.0,0.0,0.0,0.0,0,,False,False
1148104942,yes,1557440.0,5197953.0,0.0,0.0,0.0,0,,False,False
1148104943,yes,1557434.0,5197934.0,0.0,0.0,0.0,0,,False,False
1148104944,yes,1557468.0,5197909.0,0.0,0.0,0.0,0,,False,False
1148104959,yes,1558248.0,5197734.0,0.0,0.0,0.0,0,,False,False
1148104960,yes,1558227.0,5197676.0,0.0,0.0,0.0,0,,False,False
1148104965,yes,1558444.0,5197234.0,0.0,0.0,0.0,0,,False,False
1148104966,yes,1558451.0,5197221.0,0.0,0.0,0.0,0,,False,False
1150274469,yes,1557441.0,5196146.0,0.0,0.0,0.0,0,,False,False
1150274470,yes,1557434.0,5196108.0,0.0,0.0,0.0,0,,False,False
1150274471,yes,1557364.0,5196130.0,0.0,0.0,0.0,0,,False,False
1150274472,yes,1557474.0,5196179.0,0.0,0.0,0.0,0,,False,False
1150274474,yes,1557531.0,5196019.0,0.0,0.0,0.0,0,,False,False
1150274475,yes,1557645.0,5196058.0,0.0,0.0,0.0,0,,False,False
1150274476,yes,1557647.0,5196034.0,0.0,0.0,0.0,0,,False,False
1150274478,yes,1557621.0,5196201.0,0.0,0.0,0.0,0,,False,False
1150274479,yes,1557636.0,5196183.0,0.0,0.0,0.0,0,,False,False
1150274480,yes,1557632.0,5196173.0,0.0,0.0,0.0,0,,False,False
1150274481,yes,1557645.0,5196168.0,0.0,0.0,0.0,0,,False,False
1150274484,yes,1557320.0,5196441.0,0.0,0.0,0.0,0,,False,False
1150274485,yes,1557256.0,5196442.0,0.0,0.0,0.0,0,,False,False
1150274486,yes,1557346.0,5196460.0,0.0,0.0,0.0,0,,False,False
1150274487,yes,1557396.0,5196470.0,0.0,0.0,0.0,0,,False,False
1150274491,yes,1557343.0,5196300.0,0.0,0.0,0.0,0,,False,False
1150274492,yes,1557330.0,5196244.0,0.0,0.0,0.0,0,,False,False
1150274493,yes,1557414.0,5196124.0,0.0,0.0,0.0,0,,False,False
1150274495,yes,1557087.0,5196262.0,0.0,0.0,0.0,0,,False,False
1150274496,yes,1557120.0,5196219.0,0.0,0.0,0.0,0,,False,False
1150274500,yes,1557006.0,5196415.0,0.0,0.0,0.0,0,,False,False
1150274501,yes,1557034.0,5196379.0,0.0,0.0,0.0,0,,False,False
1150274502,yes,1557070.0,5196440.0,0.0,0.0,0.0,0,,False,False
1150274503,yes,1557194.0,5196480.0,0.0,0.0,0.0,0,,False,False
1150274504,yes,1557215.0,5196458.0,0.0,0.0,0.0,0,,False,False
1150274506,yes,1557227.0,5196621.0,0.0,0.0,0.0,0,,False,False
1150274507,yes,1557247.0,5196632.0,0.0,0.0,0.0,0,,False,False
1150274509,yes,1557068.0,5196699.0,0.0,0.0,0.0,0,,False,False
1150274510,yes,1557040.0,5196647.0,0.0,0.0,0.0,0,,False,False
1150274520,yes,1557828.0,5196286.0,0.0,0.0,0.0,0,,False,False
1150274521,yes,1557921.0,5196321.0,0.0,0.0,0.0,0,,False,False
1150274522,yes,1557922.0,5196291.0,0.0,0.0,0.0,0,,False,False
1150274523,yes,1557936.0,5196293.0,0.0,0.0,0.0,0,,False,False
1150568358,yes,1556685.0,5196822.0,0.0,0.0,0.0,0,,False,False
1150568359,yes,1556739.0,5196787.0,0.0,0.0,0.0,0,,False,False
1150568365,yes,1556738.0,5196434.0,0.0,0.0,0.0,0,,False,False
1150568366,yes,1556803.0,5196472.0,0.0,0.0,0.0,0,,False,False
1150568367,yes,1556852.0,5196501.0,0.0,0.0,0.0,0,,False,False
1150568368,yes,1556408.0,5195731.0,0.0,0.0,0.0,0,,False,False
1150568369,yes,1556403.0,5195717.0,0.0,0.0,0.0,0,,False,False
1150568370,yes,1556431.0,5195720.0,0.0,0.0,0.0,0,,False,False
1150568371,yes,1556478.0,5195731.0,0.0,0.0,0.0,0,,False,False
1150568372,yes,1556463.0,5195687.0,0.0,0.0,0.0,0,,False,False
1150568373,yes,1556533.0,5195682.0,0.0,0.0,0.0,0,,False,False
1312551064,school,1559107.0,5197938.0,0.0,0.0,0.0,0,,False,False
1312551065,school,1559167.0,5197945.0,0.0,0.0,0.0,0,,False,False
1315520367,yes,1555327.0,5194566.0,0.0,0.0,0.0,0,,False,False
1315520368,yes,1555315.0,5194549.0,0.0,0.0,0.0,0,,False,False
1315520369,yes,1555290.0,5194523.0,0.0,0.0,0.0,0,,False,False
1315520370,yes,1555351.0,5194523.0,0.0,0.0,0.0,0,,False,False
1315520371,yes,1555312.0,5194445.0,0.0,0.0,0.0,0,,False,False
1315520372,yes,1555489.0,5194484.0,0.0,0.0,0.0,0,,False,False
1315520373,yes,1555506.0,5194455.0,0.0,0.0,0.0,0,,False,False
1315520374,yes,1555493.0,5194438.0,0.0,0.0,0.0,0,,False,False
1315520375,yes,1555435.0,5194407.0,0.0,0.0,0.0,0,,False,False
1315520376,yes,1555606.0,5194512.0,0.0,0.0,0.0,0,,False,False
1315520377,yes,1555592.0,5194477.0,0.0,0.0,0.0,0,,False,False
1315520378,yes,1555671.0,5194435.0,0.0,0.0,0.0,0,,False,False
1315520379,yes,1555636.0,5194418.0,0.0,0.0,0.0,0,,False,False
1315520380,yes,1555627.0,5194386.0,0.0,0.0,0.0,0,,False,False
1315520381,yes,1555703.0,5194310.0,0.0,0.0,0.0,0,,False,False
1315520382,yes,1555576.0,5194309.0,0.0,0.0,0.0,0,,False,False
1315520383,yes,1555701.0,5194331.0,0.0,0.0,0.0,0,,False,False
1315520384,yes,1555712.0,5194357.0,0.0,0.0,0.0,0,,False,False
1315520385,yes,1555749.0,5194371.0,0.0,0.0,0.0,0,,False,False
1315520386,yes,1555739.0,5194346.0,0.0,0.0,0.0,0,,False,False
1315520387,yes,1555768.0,5194319.0,0.0,0.0,0.0,0,,False,False
1315520388,yes,1555798.0,5194408.0,0.0,0.0,0.0,0,,False,False
1315520389,yes,1555810.0,5194393.0,0.0,0.0,0.0,0,,False,False
1315520390,yes,1555826.0,5194370.0,0.0,0.0,0.0,0,,False,False
1315520391,yes,1555861.0,5194375.0,0.0,0.0,0.0,0,,False,False
1315520392,yes,1555864.0,5194352.0,0.0,0.0,0.0,0,,False,False
1315520393,yes,1555892.0,5194393.0,0.0,0.0,0.0,0,,False,False
1315520394,yes,1555883.0,5194346.0,0.0,0.0,0.0,0,,False,False
1315520395,yes,1556178.0,5194251.0,0.0,0.0,0.0,0,,False,False
1315520396,yes,1556158.0,5194224.0,0.0,0.0,0.0,0,,False,False
1315520397,yes,1556141.0,5194226.0,0.0,0.0,0.0,0,,False,False
1315520398,yes,1556087.0,5194209.0,0.0,0.0,0.0,0,,False,False
1315520399,yes,1556068.0,5194220.0,0.0,0.0,0.0,0,,False,False
1315520400,yes,1556042.0,5194210.0,0.0,0.0,0.0,0,,False,False
1315520401,yes,1556431.0,5194065.0,0.0,0.0,0.0,0,,False,False
1315520402,yes,1556375.0,5194090.0,0.0,0.0,0.0,0,,False,False
1315520403,yes,1556349.0,5194049.0,0.0,0.0,0.0,0,,False,False
1315520404,yes,1556341.0,5194051.0,0.0,0.0,0.0,0,,False,False
1315520405,yes,1556334.0,5194053.0,0.0,0.0,0.0,0,,False,False
1315520406,yes,1556327.0,5194056.0,0.0,0.0,0.0,0,,False,False
1315520407,yes,1556147.0,5194004.0,0.0,0.0,0.0,0,,False,False
1315520408,yes,1556136.0,5193969.0,0.0,0.0,0.0,0,,False,False
1315520409,yes,1556149.0,5193950.0,0.0,0.0,0.0,0,,False,False
1315520410,yes,1556112.0,5193984.0,0.0,0.0,0.0,0,,False,False
1315520411,yes,1556093.0,5193984.0,0.0,0.0,0.0,0,,False,False
1315520412,yes,1556085.0,5194000.0,0.0,0.0,0.0,0,,False,False
1315520413,yes,1556083.0,5194016.0,0.0,0.0,0.0,0,,False,False
1315520414,yes,1556094.0,5194019.0,0.0,0.0,0.0,0,,False,False
1315520415,yes,1556099.0,5194061.0,0.0,0.0,0.0,0,,False,False
1315520416,yes,1555751.0,5194268.0,0.0,0.0,0.0,0,,False,False
1315520417,yes,1555419.0,5193698.0,0.0,0.0,0.0,0,,False,False
1315520418,yes,1556020.0,5193212.0,0.0,0.0,0.0,0,,False,False
1315520419,yes,1556024.0,5193197.0,0.0,0.0,0.0,0,,False,False
1315520420,yes,1556117.0,5192809.0,0.0,0.0,0.0,0,,False,False
1315520421,yes,1556030.0,5192856.0,0.0,0.0,0.0,0,,False,False
1315520422,yes,1556017.0,5192852.0,0.0,0.0,0.0,0,,False,False
1315520423,yes,1555991.0,5192873.0,0.0,0.0,0.0,0,,False,False
1315520424,yes,1555989.0,5192860.0,0.0,0.0,0.0,0,,False,False
1315520425,yes,1556498.0,5192811.0,0.0,0.0,0.0,0,,False,False
1315520426,yes,1556442.0,5192754.0,0.0,0.0,0.0,0,,False,False
1315520427,yes,1556464.0,5192733.0,0.0,0.0,0.0,0,,False,False
1347035864,yes,1558282.0,5195618.0,0.0,0.0,0.0,0,,False,False
1347035865,yes,1558299.0,5195605.0,0.0,0.0,0.0,0,,False,False
1347035866,yes,1558297.0,5195598.0,0.0,0.0,0.0,0,,False,False
1347035867,yes,1557926.0,5195933.0,0.0,0.0,0.0,0,,False,False
1347035868,yes,1557682.0,5196018.0,0.0,0.0,0.0,0,,False,False
1347035869,yes,1557574.0,5196017.0,0.0,0.0,0.0,0,,False,False
1347035870,yes,1557551.0,5196005.0,0.0,0.0,0.0,0,,False,False
1347035871,yes,1557749.0,5196130.0,0.0,0.0,0.0,0,,False,False
1347035872,detached,1557619.0,5196528.0,0.0,0.0,0.0,0,,False,False
1347035873,garage,1557608.0,5196491.0,0.0,0.0,0.0,0,,False,False
1347035874,detached,1557592.0,5196413.0,0.0,0.0,0.0,0,,False,False
1347035875,garage,1557598.0,5196450.0,0.0,0.0,0.0,0,,False,False
1347035876,yes,1557620.0,5196377.0,0.0,0.0,0.0,0,,False,False
1347035877,detached,1557751.0,5196378.0,0.0,0.0,0.0,0,,False,False
1347035878,garage,1557768.0,5196337.0,0.0,0.0,0.0,0,,False,False
1347035879,yes,1557960.0,5196277.0,0.0,0.0,0.0,0,,False,False
1347035880,yes,1557924.0,5196281.0,0.0,0.0,0.0,0,,False,False
1347035881,yes,1557949.0,5196318.0,0.0,0.0,0.0,0,,False,False
1347035882,yes,1557962.0,5196430.0,0.0,0.0,0.0,0,,False,False
1347035883,yes,1557952.0,5196423.0,0.0,0.0,0.0,0,,False,False
1347035884,yes,1558116.0,5196696.0,0.0,0.0,0.0,0,,False,False
1347035885,yes,1558018.0,5196688.0,0.0,0.0,0.0,0,,False,False
1347035886,yes,1558001.0,5196695.0,0.0,0.0,0.0,0,,False,False
1347035887,yes,1557951.0,5196742.0,0.0,0.0,0.0,0,,False,False
1347035888,yes,1557931.0,5196739.0,0.0,0.0,0.0,0,,False,False
1347035889,yes,1557880.0,5196681.0,0.0,0.0,0.0,0,,False,False
1347035890,detached,1557833.0,5196649.0,0.0,0.0,0.0,0,,False,False
1347035891,yes,1557794.0,5196552.0,0.0,0.0,0.0,0,,False,False
1347035892,yes,1557829.0,5196597.0,0.0,0.0,0.0,0,,False,False
1347035893,yes,1557850.0,5196601.0,0.0,0.0,0.0,0,,False,False
1347035894,yes,1557838.0,5196624.0,0.0,0.0,0.0,0,,False,False
1347035895,yes,1557856.0,5196662.0,0.0,0.0,0.0,0,,False,False
1347035896,yes,1557848.0,5196628.0,0.0,0.0,0.0,0,,False,False
1347035897,yes,1558175.0,5196761.0,0.0,0.0,0.0,0,,False,False
1347035898,detached,1557347.0,5196911.0,0.0,0.0,0.0,0,,False,False
1347035899,yes,1557302.0,5196905.0,0.0,0.0,0.0,0,,False,False
1347035900,yes,1557328.0,5196881.0,0.0,0.0,0.0,0,,False,False
1347035901,yes,1557503.0,5197165.0,0.0,0.0,0.0,0,,False,False
1347035902,yes,1557264.0,5197054.0,0.0,0.0,0.0,0,,False,False
1347035903,yes,1556321.0,5198083.0,0.0,0.0,0.0,0,,False,False
1347035904,yes,1556369.0,5198078.0,0.0,0.0,0.0,0,,False,False
1347035906,yes,1556386.0,5198061.0,0.0,0.0,0.0,0,,False,False
1347035911,yes,1556859.0,5197912.0,0.0,0.0,0.0,0,,False,False
1347035912,yes,1556823.0,5197695.0,0.0,0.0,0.0,0,,False,False
1347035913,yes,1557627.0,5197482.0,0.0,0.0,0.0,0,,False,False
1347035914,yes,1557649.0,5197494.0,0.0,0.0,0.0,0,,False,False
1347035915,yes,1557655.0,5197526.0,0.0,0.0,0.0,0,,False,False
1347035916,yes,1557656.0,5197537.0,0.0,0.0,0.0,0,,False,False
1347035917,yes,1557645.0,5197536.0,0.0,0.0,0.0,0,,False,False
1347035918,yes,1557640.0,5197527.0,0.0,0.0,0.0,0,,False,False
1347035919,yes,1557726.0,5197661.0,0.0,0.0,0.0,0,,False,False
1347035920,yes,1557603.0,5197699.0,0.0,0.0,0.0,0,,False,False
1347035921,detached,1557811.0,5197590.0,0.0,0.0,0.0,0,,False,False
1347035922,yes,1557815.0,5197565.0,0.0,0.0,0.0,0,,False,False
1347035923,yes,1557886.0,5197649.0,0.0,0.0,0.0,0,,False,False
1347035924,yes,1557928.0,5197649.0,0.0,0.0,0.0,0,,False,False
1347035925,yes,1558250.0,5197474.0,0.0,0.0,0.0,0,,False,False
1347035926,yes,1558243.0,5197454.0,0.0,0.0,0.0,0,,False,False
1347035927,yes,1558237.0,5197457.0,0.0,0.0,0.0,0,,False,False
1347035928,yes,1558233.0,5197450.0,0.0,0.0,0.0,0,,False,False
1347035929,yes,1558240.0,5197446.0,0.0,0.0,0.0,0,,False,False
1347035930,yes,1558127.0,5197485.0,0.0,0.0,0.0,0,,False,False
1347035931,detached,1558353.0,5197443.0,0.0,0.0,0.0,0,,False,False
1347035932,garage,1558360.0,5197454.0,0.0,0.0,0.0,0,,False,False
1347035933,yes,1558604.0,5197475.0,0.0,0.0,0.0,0,,False,False
1347035934,yes,1558593.0,5197437.0,0.0,0.0,0.0,0,,False,False
1347035935,detached,1558544.0,5197195.0,0.0,0.0,0.0,0,,False,False
1347035936,yes,1558561.0,5197182.0,0.0,0.0,0.0,0,,False,False
1347035937,detached,1558744.0,5197103.0,0.0,0.0,0.0,0,,False,False
1347035938,yes,1558745.0,5197050.0,0.0,0.0,0.0,0,,False,False
1347035939,detached,1558850.0,5197061.0,0.0,0.0,0.0,0,,False,False
1347035940,yes,1558823.0,5197038.0,0.0,0.0,0.0,0,,False,False
1347035941,yes,1558863.0,5197043.0,0.0,0.0,0.0,0,,False,False
1347035942,yes,1559135.0,5197067.0,0.0,0.0,0.0,0,,False,False
1347035943,yes,1559146.0,5197064.0,0.0,0.0,0.0,0,,False,False
1347035944,yes,1559076.0,5197018.0,0.0,0.0,0.0,0,,False,False
1347035945,yes,1559112.0,5197005.0,0.0,0.0,0.0,0,,False,False
1347035954,yes,1559075.0,5196677.0,0.0,0.0,0.0,0,,False,False
1347035955,yes,1558924.0,5196596.0,0.0,0.0,0.0,0,,False,False
202077340,public,1559130.0,5198131.0,0.0,0.0,0.0,0,,False,False
409775431,school,1559052.0,5198191.0,0.0,0.0,0.0,0,,False,False
409775433,school,1559033.0,5198168.0,0.0,0.0,0.0,0,,False,False
409775438,school,1559052.0,5198203.0,0.0,0.0,0.0,0,,False,False
961754859,yes,1558661.0,5198194.0,0.0,0.0,0.0,0,,False,False
961754860,yes,1558685.0,5198221.0,0.0,0.0,0.0,0,,False,False
961754861,yes,1558669.0,5198171.0,0.0,0.0,0.0,0,,False,False
961754863,yes,1558589.0,5198118.0,0.0,0.0,0.0,0,,False,False
961755810,yes,1558605.0,5198101.0,0.0,0.0,0.0,0,,False,False
961755812,yes,1558650.0,5198102.0,0.0,0.0,0.0,0,,False,False
961755814,yes,1558733.0,5198108.0,0.0,0.0,0.0,0,,False,False
961755815,yes,1558760.0,5198104.0,0.0,0.0,0.0,0,,False,False
961755817,yes,1558779.0,5198092.0,0.0,0.0,0.0,0,,False,False
961755818,yes,1558801.0,5198108.0,0.0,0.0,0.0,0,,False,False
961755820,yes,1558895.0,5198127.0,0.0,0.0,0.0,0,,False,False
1049814603,yes,1559069.0,5200406.0,0.0,0.0,0.0,0,,False,False
1049814604,yes,1559100.0,5200371.0,0.0,0.0,0.0,0,,False,False
1049814605,yes,1559080.0,5200381.0,0.0,0.0,0.0,0,,False,False
1049814606,yes,1559074.0,5200372.0,0.0,0.0,0.0,0,,False,False
1049814607,yes,1559052.0,5200301.0,0.0,0.0,0.0,0,,False,False
1049814608,yes,1559069.0,5200284.0,0.0,0.0,0.0,0,,False,False
1049814609,yes,1559063.0,5200266.0,0.0,0.0,0.0,0,,False,False
1049814611,yes,1559183.0,5200217.0,0.0,0.0,0.0,0,,False,False
1050882217,yes,1559056.0,5199882.0,0.0,0.0,0.0,0,,False,False
1050882218,yes,1559062.0,5199845.0,0.0,0.0,0.0,0,,False,False
1050882219,yes,1559078.0,5199839.0,0.0,0.0,0.0,0,,False,False
1050882222,yes,1558943.0,5199902.0,0.0,0.0,0.0,0,,False,False
1050882223,yes,1558878.0,5199935.0,0.0,0.0,0.0,0,,False,False
1050882224,yes,1558921.0,5199913.0,0.0,0.0,0.0,0,,False,False
1050882225,yes,1558938.0,5199947.0,0.0,0.0,0.0,0,,False,False
1050882226,yes,1558959.0,5199936.0,0.0,0.0,0.0,0,,False,False
1050882227,yes,1558976.0,5199969.0,0.0,0.0,0.0,0,,False,False
1050882228,yes,1559008.0,5200063.0,0.0,0.0,0.0,0,,False,False
1050882229,yes,1559031.0,5200036.0,0.0,0.0,0.0,0,,False,False
1050882230,yes,1559175.0,5200015.0,0.0,0.0,0.0,0,,False,False
1050882231,yes,1559142.0,5199984.0,0.0,0.0,0.0,0,,False,False
1050882232,yes,1559182.0,5200000.0,0.0,0.0,0.0,0,,False,False
1050882233,yes,1559181.0,5199982.0,0.0,0.0,0.0,0,,False,False
1050882234,yes,1559161.0,5199973.0,0.0,0.0,0.0,0,,False,False
1050882242,yes,1559167.0,5200347.0,0.0,0.0,0.0,0,,False,False
1050882243,yes,1559149.0,5200318.0,0.0,0.0,0.0,0,,False,False
1050882244,yes,1559208.0,5200365.0,0.0,0.0,0.0,0,,False,False
1050882245,yes,1559179.0,5200171.0,0.0,0.0,0.0,0,,False,False
1050882253,yes,1559205.0,5200688.0,0.0,0.0,0.0,0,,False,False
1050882254,yes,1559236.0,5200669.0,0.0,0.0,0.0,0,,False,False
1050883901,yes,1558685.0,5200245.0,0.0,0.0,0.0,0,,False,False
1050883902,yes,1558552.0,5200294.0,0.0,0.0,0.0,0,,False,False
1050883903,yes,1558523.0,5200229.0,0.0,0.0,0.0,0,,False,False
1050883904,yes,1558552.0,5200278.0,0.0,0.0,0.0,0,,False,False
1050883905,yes,1558502.0,5200158.0,0.0,0.0,0.0,0,,False,False
1050883907,yes,1558698.0,5200580.0,0.0,0.0,0.0,0,,False,False
1050883908,yes,1558677.0,5200546.0,0.0,0.0,0.0,0,,False,False
1050883910,yes,1558689.0,5200539.0,0.0,0.0,0.0,0,,False,False
1050883911,yes,1558704.0,5200530.0,0.0,0.0,0.0,0,,False,False
1050883912,yes,1558631.0,5200450.0,0.0,0.0,0.0,0,,False,False
1050883913,yes,1558622.0,5200409.0,0.0,0.0,0.0,0,,False,False
1050883918,yes,1558603.0,5200592.0,0.0,0.0,0.0,0,,False,False
1050883919,yes,1558603.0,5200556.0,0.0,0.0,0.0,0,,False,False
1050883921,yes,1558339.0,5200593.0,0.0,0.0,0.0,0,,False,False
1050883922,yes,1558350.0,5200570.0,0.0,0.0,0.0,0,,False,False
1050883925,yes,1558496.0,5200448.0,0.0,0.0,0.0,0,,False,False
1050883926,yes,1558483.0,5200415.0,0.0,0.0,0.0,0,,False,False
1050883927,yes,1558325.0,5200335.0,0.0,0.0,0.0,0,,False,False
1050883928,yes,1558107.0,5200316.0,0.0,0.0,0.0,0,,False,False
1050883929,yes,1558057.0,5200512.0,0.0,0.0,0.0,0,,False,False
1050883930,yes,1558034.0,5200397.0,0.0,0.0,0.0,0,,False,False
1050883931,yes,1558015.0,5200350.0,0.0,0.0,0.0,0,,False,False
1050883932,yes,1557991.0,5200320.0,0.0,0.0,0.0,0,,False,False
1050883933,yes,1558054.0,5200319.0,0.0,0.0,0.0,0,,False,False
1050883934,yes,1558044.0,5200322.0,0.0,0.0,0.0,0,,False,False
1050883935,yes,1558081.0,5200387.0,0.0,0.0,0.0,0,,False,False
1050883936,yes,1558079.0,5200406.0,0.0,0.0,0.0,0,,False,False
1050883937,yes,1557888.0,5200716.0,0.0,0.0,0.0,0,,False,False
1050883938,yes,1557905.0,5200650.0,0.0,0.0,0.0,0,,False,False
1050883939,yes,1557850.0,5200667.0,0.0,0.0,0.0,0,,False,False
1050883940,yes,1557869.0,5200646.0,0.0,0.0,0.0,0,,False,False
1050883941,yes,1557814.0,5200771.0,0.0,0.0,0.0,0,,False,False
1050883942,yes,1559144.0,5199581.0,0.0,0.0,0.0,0,,False,False
1050883943,yes,1559112.0,5199576.0,0.0,0.0,0.0,0,,False,False
1050883944,yes,1559136.0,5199552.0,0.0,0.0,0.0,0,,False,False
1050883945,yes,1559101.0,5199575.0,0.0,0.0,0.0,0,,False,False
1050883947,yes,1558931.0,5199634.0,0.0,0.0,0.0,0,,False,False
1050883948,yes,1558920.0,5199714.0,0.0,0.0,0.0,0,,False,False
1050883949,yes,1558864.0,5199670.0,0.0,0.0,0.0,0,,False,False
1050883951,yes,1558807.0,5199696.0,0.0,0.0,0.0,0,,False,False
1050883952,yes,1558798.0,5199777.0,0.0,0.0,0.0,0,,False,False
1050883954,yes,1558718.0,5199667.0,0.0,0.0,0.0,0,,False,False
1050883955,yes,1558713.0,5199632.0,0.0,0.0,0.0,0,,False,False
1050883957,yes,1558569.0,5199753.0,0.0,0.0,0.0,0,,False,False
1050883958,yes,1558525.0,5199633.0,0.0,0.0,0.0,0,,False,False
1050883960,yes,1558554.0,5199819.0,0.0,0.0,0.0,0,,False,False
1050883961,yes,1558623.0,5199813.0,0.0,0.0,0.0,0,,False,False
1050883963,yes,1558990.0,5199500.0,0.0,0.0,0.0,0,,False,False
1050883965,yes,1558983.0,5199460.0,0.0,0.0,0.0,0,,False,False
1050883966,yes,1559049.0,5199394.0,0.0,0.0,0.0,0,,False,False
1050884439,yes,1559097.0,5199361.0,0.0,0.0,0.0,0,,False,False
1050884440,yes,1559131.0,5199379.0,0.0,0.0,0.0,0,,False,False
1050884441,yes,1559109.0,5199347.0,0.0,0.0,0.0,0,,False,False
1050884442,yes,1559052.0,5199351.0,0.0,0.0,0.0,0,,False,False
1050884444,yes,1558985.0,5199224.0,0.0,0.0,0.0,0,,False,False
1050884445,yes,1558978.0,5199193.0,0.0,0.0,0.0,0,,False,False
1050884446,yes,1558988.0,5199160.0,0.0,0.0,0.0,0,,False,False
1050884447,yes,1559019.0,5199163.0,0.0,0.0,0.0,0,,False,False
1050884448,yes,1559025.0,5199208.0,0.0,0.0,0.0,0,,False,False
1050884449,yes,1559008.0,5199138.0,0.0,0.0,0.0,0,,False,False
1050884456,yes,1558681.0,5199205.0,0.0,0.0,0.0,0,,False,False
1050884457,yes,1558699.0,5199176.0,0.0,0.0,0.0,0,,False,False
1050884460,yes,1558815.0,5198865.0,0.0,0.0,0.0,0,,False,False
1050884461,yes,1558772.0,5198909.0,0.0,0.0,0.0,0,,False,False
1050884462,yes,1558766.0,5198893.0,0.0,0.0,0.0,0,,False,False
1050884463,yes,1558739.0,5198900.0,0.0,0.0,0.0,0,,False,False
1050884464,yes,1558714.0,5198915.0,0.0,0.0,0.0,0,,False,False
1050884465,yes,1558755.0,5198965.0,0.0,0.0,0.0,0,,False,False
1050884466,yes,1558514.0,5198900.0,0.0,0.0,0.0,0,,False,False
1050884467,yes,1558568.0,5198894.0,0.0,0.0,0.0,0,,False,False
1050884468,yes,1558553.0,5198876.0,0.0,0.0,0.0,0,,False,False
1050884470,yes,1558718.0,5199056.0,0.0,0.0,0.0,0,,False,False
1050884471,yes,1558738.0,5199027.0,0.0,0.0,0.0,0,,False,False
1050884474,yes,1558512.0,5199099.0,0.0,0.0,0.0,0,,False,False
1050884475,yes,1558456.0,5199073.0,0.0,0.0,0.0,0,,False,False
1050884477,yes,1558404.0,5198946.0,0.0,0.0,0.0,0,,False,False
1050884478,yes,1558453.0,5198938.0,0.0,0.0,0.0,0,,False,False
1050884479,yes,1558423.0,5198897.0,0.0,0.0,0.0,0,,False,False
1050884480,yes,1558393.0,5198833.0,0.0,0.0,0.0,0,,False,False
1050884481,yes,1558574.0,5198740.0,0.0,0.0,0.0,0,,False,False
1050884482,yes,1558649.0,5198709.0,0.0,0.0,0.0,0,,False,False
1050884483,yes,1558692.0,5198711.0,0.0,0.0,0.0,0,,False,False
1050884484,yes,1558605.0,5198723.0,0.0,0.0,0.0,0,,False,False
1050884486,yes,1558664.0,5198530.0,0.0,0.0,0.0,0,,False,False
1050884487,yes,1558662.0,5198616.0,0.0,0.0,0.0,0,,False,False
1050884488,yes,1558684.0,5198518.0,0.0,0.0,0.0,0,,False,False
1050884491,yes,1558495.0,5198597.0,0.0,0.0,0.0,0,,False,False
1050884492,yes,1558485.0,5198567.0,0.0,0.0,0.0,0,,False,False
1050884494,yes,1558345.0,5198646.0,0.0,0.0,0.0,0,,False,False
1050884495,yes,1558288.0,5198630.0,0.0,0.0,0.0,0,,False,False
1050884496,yes,1558539.0,5198637.0,0.0,0.0,0.0,0,,False,False
1050884497,yes,1558341.0,5198594.0,0.0,0.0,0.0,0,,False,False
1050884498,yes,1558325.0,5198547.0,0.0,0.0,0.0,0,,False,False
1050884499,yes,1558308.0,5198511.0,0.0,0.0,0.0,0,,False,False
1050884500,yes,1558307.0,5198579.0,0.0,0.0,0.0,0,,False,False
1050884501,yes,1558303.0,5198498.0,0.0,0.0,0.0,0,,False,False
1050884502,yes,1558272.0,5198543.0,0.0,0.0,0.0,0,,False,False
1050884503,yes,1558273.0,5198499.0,0.0,0.0,0.0,0,,False,False
1050884998,yes,1559194.0,5198551.0,0.0,0.0,0.0,0,,False,False
1050885004,yes,1558889.0,5198219.0,0.0,0.0,0.0,0,,False,False
1050885005,yes,1558872.0,5198208.0,0.0,0.0,0.0,0,,False,False
1050885006,yes,1558854.0,5198222.0,0.0,0.0,0.0,0,,False,False
1050885007,yes,1558792.0,5198432.0,0.0,0.0,0.0,0,,False,False
1050885008,yes,1558746.0,5198421.0,0.0,0.0,0.0,0,,False,False
1050885009,yes,1558733.0,5198436.0,0.0,0.0,0.0,0,,False,False
1050885010,yes,1559142.0,5198954.0,0.0,0.0,0.0,0,,False,False
1050885011,yes,1559026.0,5199020.0,0.0,0.0,0.0,0,,False,False
1050885012,yes,1559147.0,5199118.0,0.0,0.0,0.0,0,,False,False
1050885013,yes,1559175.0,5199059.0,0.0,0.0,0.0,0,,False,False
1050885015,yes,1559133.0,5199229.0,0.0,0.0,0.0,0,,False,False
1050885016,yes,1559213.0,5199198.0,0.0,0.0,0.0,0,,False,False
1050885645,yes,1558889.0,5198736.0,0.0,0.0,0.0,0,,False,False
1050885646,yes,1558884.0,5198698.0,0.0,0.0,0.0,0,,False,False
1050885647,yes,1558860.0,5198625.0,0.0,0.0,0.0,0,,False,False
1050885648,yes,1558817.0,5198600.0,0.0,0.0,0.0,0,,False,False
1050885649,yes,1558811.0,5198578.0,0.0,0.0,0.0,0,,False,False
1050885650,yes,1559160.0,5198559.0,0.0,0.0,0.0,0,,False,False
1050885651,yes,1559018.0,5198911.0,0.0,0.0,0.0,0,,False,False
1050885652,yes,1559029.0,5198836.0,0.0,0.0,0.0,0,,False,False
1050885653,yes,1559003.0,5198827.0,0.0,0.0,0.0,0,,False,False
1050933164,yes,1559180.0,5202792.0,0.0,0.0,0.0,0,,False,False
1050933165,yes,1559183.0,5202768.0,0.0,0.0,0.0,0,,False,False
1050933166,yes,1558933.0,5202834.0,0.0,0.0,0.0,0,,False,False
1050933167,yes,1558937.0,5202803.0,0.0,0.0,0.0,0,,False,False
1050933170,yes,1559064.0,5203025.0,0.0,0.0,0.0,0,,False,False
1050933171,yes,1559074.0,5203028.0,0.0,0.0,0.0,0,,False,False
1050933172,yes,1559104.0,5203018.0,0.0,0.0,0.0,0,,False,False
1050933173,yes,1559093.0,5203009.0,0.0,0.0,0.0,0,,False,False
1050933175,yes,1558888.0,5203065.0,0.0,0.0,0.0,0,,False,False
1050933176,yes,1558907.0,5203063.0,0.0,0.0,0.0,0,,False,False
1050933177,yes,1558887.0,5203028.0,0.0,0.0,0.0,0,,False,False
1050933179,yes,1558587.0,5202967.0,0.0,0.0,0.0,0,,False,False
1050933180,yes,1558614.0,5202983.0,0.0,0.0,0.0,0,,False,False
1050933182,yes,1558461.0,5202969.0,0.0,0.0,0.0,0,,False,False
1050933184,yes,1558661.0,5203172.0,0.0,0.0,0.0,0,,False,False
1050933185,yes,1558694.0,5203104.0,0.0,0.0,0.0,0,,False,False
1050933186,yes,1558536.0,5203176.0,0.0,0.0,0.0,0,,False,False
1050933187,yes,1558512.0,5203161.0,0.0,0.0,0.0,0,,False,False
1050933189,yes,1558365.0,5203153.0,0.0,0.0,0.0,0,,False,False
1050933191,yes,1558273.0,5202992.0,0.0,0.0,0.0,0,,False,False
1050933192,yes,1558283.0,5203039.0,0.0,0.0,0.0,0,,False,False
1050933193,yes,1558323.0,5203082.0,0.0,0.0,0.0,0,,False,False
1050933195,yes,1558037.0,5203108.0,0.0,0.0,0.0,0,,False,False
1050933198,yes,1557925.0,5203233.0,0.0,0.0,0.0,0,,False,False
1050933199,yes,1557957.0,5203212.0,0.0,0.0,0.0,0,,False,False
1050933200,yes,1557940.0,5203198.0,0.0,0.0,0.0,0,,False,False
1050933201,yes,1557826.0,5203156.0,0.0,0.0,0.0,0,,False,False
1050933202,yes,1557869.0,5203138.0,0.0,0.0,0.0,0,,False,False
1050933203,yes,1557865.0,5203120.0,0.0,0.0,0.0,0,,False,False
1051167082,yes,1555891.0,5203203.0,0.0,0.0,0.0,0,,False,False
1051167083,yes,1555902.0,5203178.0,0.0,0.0,0.0,0,,False,False
1148103693,yes,1558191.0,5198655.0,0.0,0.0,0.0,0,,False,False
1148103694,yes,1558123.0,5198649.0,0.0,0.0,0.0,0,,False,False
1148103695,yes,1558171.0,5198676.0,0.0,0.0,0.0,0,,False,False
1148103696,yes,1558166.0,5198660.0,0.0,0.0,0.0,0,,False,False
1148103697,yes,1558113.0,5198549.0,0.0,0.0,0.0,0,,False,False
1148103700,yes,1558047.0,5198940.0,0.0,0.0,0.0,0,,False,False
1148103701,yes,1558083.0,5198925.0,0.0,0.0,0.0,0,,False,False
1148103703,yes,1558231.0,5199018.0,0.0,0.0,0.0,0,,False,False
1148103704,yes,1558256.0,5198985.0,0.0,0.0,0.0,0,,False,False
1148103705,yes,1558061.0,5198843.0,0.0,0.0,0.0,0,,False,False
1148103706,yes,1558101.0,5198818.0,0.0,0.0,0.0,0,,False,False
1148103710,yes,1557845.0,5198710.0,0.0,0.0,0.0,0,,False,False
1148103711,yes,1557862.0,5198702.0,0.0,0.0,0.0,0,,False,False
1148103712,yes,1557875.0,5198698.0,0.0,0.0,0.0,0,,False,False
1148103713,yes,1557868.0,5198681.0,0.0,0.0,0.0,0,,False,False
1148103714,yes,1557772.0,5198728.0,0.0,0.0,0.0,0,,False,False
1148103715,yes,1557767.0,5198765.0,0.0,0.0,0.0,0,,False,False
1148103717,yes,1557630.0,5198846.0,0.0,0.0,0.0,0,,False,False
1148103718,yes,1557605.0,5198821.0,0.0,0.0,0.0,0,,False,False
1148103719,yes,1557666.0,5198925.0,0.0,0.0,0.0,0,,False,False
1148103720,yes,1557707.0,5198947.0,0.0,0.0,0.0,0,,False,False
1148103721,yes,1557824.0,5198885.0,0.0,0.0,0.0,0,,False,False
1148103722,yes,1557808.0,5198850.0,0.0,0.0,0.0,0,,False,False
1148103725,yes,1557720.0,5199147.0,0.0,0.0,0.0,0,,False,False
1148103726,yes,1557639.0,5199129.0,0.0,0.0,0.0,0,,False,False
1148103730,yes,1557552.0,5199109.0,0.0,0.0,0.0,0,,False,False
1148103731,yes,1557557.0,5199102.0,0.0,0.0,0.0,0,,False,False
1148103732,yes,1557568.0,5199122.0,0.0,0.0,0.0,0,,False,False
1148103733,yes,1557447.0,5199197.0,0.0,0.0,0.0,0,,False,False
1148103734,yes,1557398.0,5199304.0,0.0,0.0,0.0,0,,False,False
1148103735,yes,1557330.0,5199230.0,0.0,0.0,0.0,0,,False,False
1148103738,yes,1557281.0,5199290.0,0.0,0.0,0.0,0,,False,False
1148103739,yes,1557263.0,5199280.0,0.0,0.0,0.0,0,,False,False
1148103741,yes,1557297.0,5199153.0,0.0,0.0,0.0,0,,False,False
1148103742,yes,1557459.0,5199166.0,0.0,0.0,0.0,0,,False,False
1148103743,yes,1557420.0,5198752.0,0.0,0.0,0.0,0,,False,False
1148103744,yes,1557421.0,5198728.0,0.0,0.0,0.0,0,,False,False
1148103745,yes,1557284.0,5198811.0,0.0,0.0,0.0,0,,False,False
1148103746,yes,1557311.0,5198810.0,0.0,0.0,0.0,0,,False,False
1148103747,yes,1557248.0,5198842.0,0.0,0.0,0.0,0,,False,False
1148103748,yes,1557207.0,5198805.0,0.0,0.0,0.0,0,,False,False
1148103750,yes,1557177.0,5198927.0,0.0,0.0,0.0,0,,False,False
1148103752,yes,1557059.0,5198957.0,0.0,0.0,0.0,0,,False,False
1148103755,yes,1557475.0,5198480.0,0.0,0.0,0.0,0,,False,False
1148103756,yes,1557453.0,5198441.0,0.0,0.0,0.0,0,,False,False
1148103757,yes,1557474.0,5198425.0,0.0,0.0,0.0,0,,False,False
1148103758,yes,1557475.0,5198410.0,0.0,0.0,0.0,0,,False,False
1148103759,yes,1557741.0,5198500.0,0.0,0.0,0.0,0,,False,False
1148103761,yes,1557749.0,5198458.0,0.0,0.0,0.0,0,,False,False
1148103762,yes,1557648.0,5198306.0,0.0,0.0,0.0,0,,False,False
1148104931,yes,1557624.0,5198270.0,0.0,0.0,0.0,0,,False,False
1148104932,yes,1557621.0,5198284.0,0.0,0.0,0.0,0,,False,False
1148104938,yes,1557426.0,5198196.0,0.0,0.0,0.0,0,,False,False
1148104939,yes,1557255.0,5198259.0,0.0,0.0,0.0,0,,False,False
1148104940,yes,1557440.0,5198149.0,0.0,0.0,0.0,0,,False,False
1148104945,yes,1558071.0,5198331.0,0.0,0.0,0.0,0,,False,False
1148104946,yes,1558046.0,5198301.0,0.0,0.0,0.0,0,,False,False
1148104949,yes,1558040.0,5198219.0,0.0,0.0,0.0,0,,False,False
1148104950,yes,1558065.0,5198168.0,0.0,0.0,0.0,0,,False,False
1148104951,yes,1558082.0,5198177.0,0.0,0.0,0.0,0,,False,False
1148104953,yes,1558167.0,5198147.0,0.0,0.0,0.0,0,,False,False
1148104955,yes,1558242.0,5198325.0,0.0,0.0,0.0,0,,False,False
1148104956,yes,1558246.0,5198312.0,0.0,0.0,0.0,0,,False,False
1148104957,yes,1558470.0,5198104.0,0.0,0.0,0.0,0,,False,False
1148104971,yes,1558441.0,5198482.0,0.0,0.0,0.0,0,,False,False
1148104972,yes,1558534.0,5198448.0,0.0,0.0,0.0,0,,False,False
1150568377,yes,1555548.0,5199630.0,0.0,0.0,0.0,0,,False,False
1150568378,yes,1555576.0,5199598.0,0.0,0.0,0.0,0,,False,False
1150568379,yes,1555568.0,5199601.0,0.0,0.0,0.0,0,,False,False
1150568381,yes,1555370.0,5199512.0,0.0,0.0,0.0,0,,False,False
1150568382,yes,1555335.0,5199498.0,0.0,0.0,0.0,0,,False,False
1150568384,yes,1555604.0,5199521.0,0.0,0.0,0.0,0,,False,False
1150568385,yes,1555595.0,5199496.0,0.0,0.0,0.0,0,,False,False
1150568386,yes,1555561.0,5199455.0,0.0,0.0,0.0,0,,False,False
1150568388,yes,1555697.0,5199721.0,0.0,0.0,0.0,0,,False,False
1150568390,yes,1555277.0,5199665.0,0.0,0.0,0.0,0,,False,False
1150568391,yes,1555300.0,5199646.0,0.0,0.0,0.0,0,,False,False
1150568411,yes,1555215.0,5200302.0,0.0,0.0,0.0,0,,False,False
1150568412,yes,1555211.0,5200289.0,0.0,0.0,0.0,0,,False,False
1150568413,yes,1555277.0,5200280.0,0.0,0.0,0.0,0,,False,False
1150568414,yes,1555231.0,5200278.0,0.0,0.0,0.0,0,,False,False
1150568415,yes,1555237.0,5200260.0,0.0,0.0,0.0,0,,False,False
1150568416,yes,1555249.0,5200255.0,0.0,0.0,0.0,0,,False,False
1150568417,yes,1555289.0,5200258.0,0.0,0.0,0.0,0,,False,False
1150568419,yes,1555908.0,5199358.0,0.0,0.0,0.0,0,,False,False
1150568420,yes,1555873.0,5199402.0,0.0,0.0,0.0,0,,False,False
1150568421,yes,1555913.0,5199294.0,0.0,0.0,0.0,0,,False,False
1150568422,yes,1556005.0,5199263.0,0.0,0.0,0.0,0,,False,False
1150568423,yes,1556151.0,5199384.0,0.0,0.0,0.0,0,,False,False
1150568424,yes,1557057.0,5198481.0,0.0,0.0,0.0,0,,False,False
1150568425,yes,1557010.0,5198461.0,0.0,0.0,0.0,0,,False,False
1150568426,yes,1557024.0,5198452.0,0.0,0.0,0.0,0,,False,False
1150568427,yes,1556990.0,5198253.0,0.0,0.0,0.0,0,,False,False
1150568428,yes,1556990.0,5198210.0,0.0,0.0,0.0,0,,False,False
1213474432,yes,1559068.0,5199101.0,0.0,0.0,0.0,0,,False,False
1213474434,yes,1559204.0,5199069.0,0.0,0.0,0.0,0,,False,False
1347035905,yes,1556378.0,5198103.0,0.0,0.0,0.0,0,,False,False
1347035907,detached,1556308.0,5198160.0,0.0,0.0,0.0,0,,False,False
1347035908,garage,1556332.0,5198162.0,0.0,0.0,0.0,0,,False,False
1347035909,detached,1556235.0,5198143.0,0.0,0.0,0.0,0,,False,False
1347035910,yes,1556065.0,5198295.0,0.0,0.0,0.0,0,,False,False
445024780,yes,1560660.0,5187205.0,0.0,0.0,0.0,0,,False,False
445024781,yes,1560680.0,5187264.0,0.0,0.0,0.0,0,,False,False
445024782,yes,1561179.0,5187437.0,0.0,0.0,0.0,0,,False,False
445024783,yes,1561134.0,5187493.0,0.0,0.0,0.0,0,,False,False
445024784,yes,1562466.0,5187046.0,0.0,0.0,0.0,0,,False,False
445024785,yes,1562471.0,5187088.0,0.0,0.0,0.0,0,,False,False
943498334,yes,1559490.0,5187012.0,0.0,0.0,0.0,0,,False,False
943498338,yes,1559508.0,5187001.0,0.0,0.0,0.0,0,,False,False
995758446,yes,1560647.0,5188995.0,0.0,0.0,0.0,0,,False,False
995758448,yes,1560577.0,5187060.0,0.0,0.0,0.0,0,,False,False
995758449,yes,1560593.0,5187067.0,0.0,0.0,0.0,0,,False,False
995758450,yes,1560644.0,5187083.0,0.0,0.0,0.0,0,,False,False
995758451,yes,1560661.0,5187031.0,0.0,0.0,0.0,0,,False,False
995758452,yes,1560639.0,5187025.0,0.0,0.0,0.0,0,,False,False
995758453,yes,1560785.0,5187333.0,0.0,0.0,0.0,0,,False,False
995758454,yes,1560802.0,5187151.0,0.0,0.0,0.0,0,,False,False
995758455,yes,1560815.0,5187155.0,0.0,0.0,0.0,0,,False,False
995758459,yes,1561390.0,5187318.0,0.0,0.0,0.0,0,,False,False
995758460,yes,1561425.0,5187312.0,0.0,0.0,0.0,0,,False,False
995758461,yes,1561455.0,5187302.0,0.0,0.0,0.0,0,,False,False
995758462,yes,1561471.0,5187325.0,0.0,0.0,0.0,0,,False,False
995758463,yes,1561472.0,5187337.0,0.0,0.0,0.0,0,,False,False
995758464,yes,1561471.0,5187350.0,0.0,0.0,0.0,0,,False,False
995758465,yes,1561432.0,5187274.0,0.0,0.0,0.0,0,,False,False
995758466,yes,1561444.0,5187259.0,0.0,0.0,0.0,0,,False,False
995758467,yes,1561564.0,5187077.0,0.0,0.0,0.0,0,,False,False
995758468,yes,1561560.0,5187058.0,0.0,0.0,0.0,0,,False,False
995758506,yes,1562175.0,5187901.0,0.0,0.0,0.0,0,,False,False
995758507,yes,1560634.0,5187244.0,0.0,0.0,0.0,0,,False,False
995758508,yes,1561767.0,5187004.0,0.0,0.0,0.0,0,,False,False
995758509,yes,1561790.0,5187037.0,0.0,0.0,0.0,0,,False,False
995758510,yes,1561778.0,5187069.0,0.0,0.0,0.0,0,,False,False
995758511,greenhouse,1561826.0,5187012.0,0.0,0.0,0.0,0,,False,False
995758512,greenhouse,1561848.0,5187017.0,0.0,0.0,0.0,0,,False,False
995762514,yes,1562582.0,5187025.0,0.0,0.0,0.0,0,,False,False
995762515,yes,1562491.0,5187087.0,0.0,0.0,0.0,0,,False,False
995762516,yes,1562491.0,5187188.0,0.0,0.0,0.0,0,,False,False
995762517,yes,1562497.0,5187225.0,0.0,0.0,0.0,0,,False,False
995762518,yes,1562497.0,5187241.0,0.0,0.0,0.0,0,,False,False
995762519,yes,1562486.0,5187242.0,0.0,0.0,0.0,0,,False,False
995762520,yes,1562514.0,5187236.0,0.0,0.0,0.0,0,,False,False
995762521,yes,1562542.0,5187220.0,0.0,0.0,0.0,0,,False,False
995762522,yes,1562568.0,5187225.0,0.0,0.0,0.0,0,,False,False
995762523,yes,1562565.0,5187247.0,0.0,0.0,0.0,0,,False,False
995762524,yes,1562578.0,5187222.0,0.0,0.0,0.0,0,,False,False
995762525,yes,1562587.0,5187219.0,0.0,0.0,0.0,0,,False,False
995769286,yes,1561561.0,5187095.0,0.0,0.0,0.0,0,,False,False
995769287,yes,1561553.0,5187020.0,0.0,0.0,0.0,0,,False,False
995769288,yes,1561512.0,5187035.0,0.0,0.0,0.0,0,,False,False
995769289,yes,1561490.0,5187035.0,0.0,0.0,0.0,0,,False,False
995769290,yes,1561497.0,5187045.0,0.0,0.0,0.0,0,,False,False
995769291,yes,1561521.0,5187038.0,0.0,0.0,0.0,0,,False,False
995769293,yes,1560649.0,5187262.0,0.0,0.0,0.0,0,,False,False
995769303,yes,1560241.0,5187496.0,0.0,0.0,0.0,0,,False,False
995769304,yes,1560247.0,5187317.0,0.0,0.0,0.0,0,,False,False
995769305,yes,1560235.0,5187142.0,0.0,0.0,0.0,0,,False,False
995769306,yes,1560233.0,5187061.0,0.0,0.0,0.0,0,,False,False
995769307,yes,1560148.0,5187300.0,0.0,0.0,0.0,0,,False,False
995769316,yes,1561094.0,5187265.0,0.0,0.0,0.0,0,,False,False
995769317,yes,1561093.0,5187257.0,0.0,0.0,0.0,0,,False,False
995769318,yes,1561117.0,5187245.0,0.0,0.0,0.0,0,,False,False
995769319,yes,1561129.0,5187243.0,0.0,0.0,0.0,0,,False,False
995769320,yes,1561134.0,5187247.0,0.0,0.0,0.0,0,,False,False
995769321,yes,1561071.0,5187321.0,0.0,0.0,0.0,0,,False,False
1134956721,yes,1562529.0,5191498.0,0.0,0.0,0.0,0,,False,False
1248731199,yes,1560132.0,5187229.0,0.0,0.0,0.0,0,,False,False
1248731200,yes,1560131.0,5187220.0,0.0,0.0,0.0,0,,False,False
1248731208,yes,1559827.0,5186997.0,0.0,0.0,0.0,0,,False,False
1248731209,yes,1559842.0,5186995.0,0.0,0.0,0.0,0,,False,False
1248731219,yes,1559648.0,5186977.0,0.0,0.0,0.0,0,,False,False
1248731235,yes,1559547.0,5187376.0,0.0,0.0,0.0,0,,False,False
1248731236,yes,1559589.0,5187347.0,0.0,0.0,0.0,0,,False,False
253971473,yes,1560996.0,5197038.0,0.0,0.0,0.0,0,,False,False
253971474,house,1560937.0,5197006.0,0.0,0.0,0.0,0,,False,False
253971475,house,1561013.0,5196946.0,0.0,0.0,0.0,0,,False,False
253971476,house,1561110.0,5196989.0,0.0,0.0,0.0,0,,False,False
253971553,yes,1561103.0,5196963.0,0.0,0.0,0.0,0,,False,False
253971554,house,1561216.0,5196921.0,0.0,0.0,0.0,0,,False,False
253971555,house,1561180.0,5196842.0,0.0,0.0,0.0,0,,False,False
253972568,yes,1561262.0,5196801.0,0.0,0.0,0.0,0,,False,False
253972569,house,1561305.0,5196804.0,0.0,0.0,0.0,0,,False,False
253972570,yes,1561216.0,5196728.0,0.0,0.0,0.0,0,,False,False
254117390,house,1561146.0,5196739.0,0.0,0.0,0.0,0,,False,False
254117392,yes,1561184.0,5196760.0,0.0,0.0,0.0,0,,False,False
254117393,yes,1561179.0,5196749.0,0.0,0.0,0.0,0,,False,False
254117395,house,1561119.0,5196679.0,0.0,0.0,0.0,0,,False,False
254117397,yes,1561092.0,5196546.0,0.0,0.0,0.0,0,,False,False
254117398,house,1561095.0,5196568.0,0.0,0.0,0.0,0,,False,False
254119662,house,1561176.0,5196567.0,0.0,0.0,0.0,0,,False,False
254119664,house,1561286.0,5196710.0,0.0,0.0,0.0,0,,False,False
254119665,house,1561387.0,5196666.0,0.0,0.0,0.0,0,,False,False
254119666,yes,1561208.0,5197013.0,0.0,0.0,0.0,0,,False,False
254119667,house,1561191.0,5197026.0,0.0,0.0,0.0,0,,False,False
254119668,house,1561147.0,5197073.0,0.0,0.0,0.0,0,,False,False
254119669,yes,1561048.0,5197070.0,0.0,0.0,0.0,0,,False,False
254119670,residential,1561050.0,5197096.0,0.0,0.0,0.0,0,,False,False
254119998,house,1560977.0,5197151.0,0.0,0.0,0.0,0,,False,False
254120000,yes,1560930.0,5197125.0,0.0,0.0,0.0,0,,False,False
254120001,yes,1560882.0,5197180.0,0.0,0.0,0.0,0,,False,False
254120002,yes,1560901.0,5197186.0,0.0,0.0,0.0,0,,False,False
254120003,house,1560906.0,5197215.0,0.0,0.0,0.0,0,,False,False
254120004,yes,1560966.0,5197237.0,0.0,0.0,0.0,0,,False,False
254120005,house,1561014.0,5197227.0,0.0,0.0,0.0,0,,False,False
254120006,yes,1561048.0,5197206.0,0.0,0.0,0.0,0,,False,False
254120007,yes,1561064.0,5197188.0,0.0,0.0,0.0,0,,False,False
254120008,yes,1561083.0,5197182.0,0.0,0.0,0.0,0,,False,False
254120009,house,1561106.0,5197211.0,0.0,0.0,0.0,0,,False,False
254121282,house,1561208.0,5197160.0,0.0,0.0,0.0,0,,False,False
254121774,house,1561278.0,5197067.0,0.0,0.0,0.0,0,,False,False
254121775,yes,1561281.0,5197038.0,0.0,0.0,0.0,0,,False,False
254121776,yes,1561372.0,5197067.0,0.0,0.0,0.0,0,,False,False
254121777,house,1561355.0,5197068.0,0.0,0.0,0.0,0,,False,False
254123236,yes,1561350.0,5197043.0,0.0,0.0,0.0,0,,False,False
254123237,residential,1561387.0,5197009.0,0.0,0.0,0.0,0,,False,False
254123238,yes,1561443.0,5197033.0,0.0,0.0,0.0,0,,False,False
254123239,residential,1561477.0,5197029.0,0.0,0.0,0.0,0,,False,False
254124296,yes,1561497.0,5196962.0,0.0,0.0,0.0,0,,False,False
254124298,yes,1561514.0,5196970.0,0.0,0.0,0.0,0,,False,False
254124299,residential,1561512.0,5196993.0,0.0,0.0,0.0,0,,False,False
254124301,residential,1561609.0,5196893.0,0.0,0.0,0.0,0,,False,False
254124304,residential,1561559.0,5196909.0,0.0,0.0,0.0,0,,False,False
254124308,residential,1561653.0,5196859.0,0.0,0.0,0.0,0,,False,False
254124310,residential,1561715.0,5196840.0,0.0,0.0,0.0,0,,False,False
254124313,residential,1561897.0,5196801.0,0.0,0.0,0.0,0,,False,False
254124316,residential,1561898.0,5196866.0,0.0,0.0,0.0,0,,False,False
254124320,residential,1561727.0,5196754.0,0.0,0.0,0.0,0,,False,False
254124322,residential,1561644.0,5196796.0,0.0,0.0,0.0,0,,False,False
254124325,residential,1561654.0,5196695.0,0.0,0.0,0.0,0,,False,False
254124328,yes,1561596.0,5196660.0,0.0,0.0,0.0,0,,False,False
254124330,residential,1561556.0,5196648.0,0.0,0.0,0.0,0,,False,False
254124347,residential,1561494.0,5196724.0,0.0,0.0,0.0,0,,False,False
254127594,yes,1561455.0,5196596.0,0.0,0.0,0.0,0,,False,False
254127595,yes,1561450.0,5196614.0,0.0,0.0,0.0,0,,False,False
254127596,yes,1561482.0,5196609.0,0.0,0.0,0.0,0,,False,False
254127597,yes,1561383.0,5196645.0,0.0,0.0,0.0,0,,False,False
254127598,yes,1561381.0,5196560.0,0.0,0.0,0.0,0,,False,False
254127599,yes,1561340.0,5196541.0,0.0,0.0,0.0,0,,False,False
254127600,residential,1561338.0,5196570.0,0.0,0.0,0.0,0,,False,False
254127601,yes,1561251.0,5196521.0,0.0,0.0,0.0,0,,False,False
254127602,residential,1561273.0,5196633.0,0.0,0.0,0.0,0,,False,False
254134811,residential,1561083.0,5196492.0,0.0,0.0,0.0,0,,False,False
254134812,yes,1561065.0,5196469.0,0.0,0.0,0.0,0,,False,False
254134813,yes,1561092.0,5196666.0,0.0,0.0,0.0,0,,False,False
254134818,yes,1561046.0,5196698.0,0.0,0.0,0.0,0,,False,False
254134819,residential,1560991.0,5196677.0,0.0,0.0,0.0,0,,False,False
254134820,residential,1561052.0,5196745.0,0.0,0.0,0.0,0,,False,False
254134821,residential,1560986.0,5196770.0,0.0,0.0,0.0,0,,False,False
254134822,residential,1560951.0,5196833.0,0.0,0.0,0.0,0,,False,False
254134823,yes,1560946.0,5196806.0,0.0,0.0,0.0,0,,False,False
254134825,residential,1560913.0,5196706.0,0.0,0.0,0.0,0,,False,False
254134826,yes,1560928.0,5196658.0,0.0,0.0,0.0,0,,False,False
254134827,residential,1560935.0,5196605.0,0.0,0.0,0.0,0,,False,False
254139833,residential,1561801.0,5197036.0,0.0,0.0,0.0,0,,False,False
254139835,yes,1561807.0,5197010.0,0.0,0.0,0.0,0,,False,False
254140931,yes,1561683.0,5197104.0,0.0,0.0,0.0,0,,False,False
254140932,residential,1561689.0,5197127.0,0.0,0.0,0.0,0,,False,False
254140933,residential,1561876.0,5197016.0,0.0,0.0,0.0,0,,False,False
254140934,yes,1561924.0,5196996.0,0.0,0.0,0.0,0,,False,False
254140935,yes,1561998.0,5196941.0,0.0,0.0,0.0,0,,False,False
254140936,yes,1561955.0,5196894.0,0.0,0.0,0.0,0,,False,False
254140937,yes,1561963.0,5196834.0,0.0,0.0,0.0,0,,False,False
254140938,residential,1562047.0,5196862.0,0.0,0.0,0.0,0,,False,False
254145312,yes,1562107.0,5196883.0,0.0,0.0,0.0,0,,False,False
254145314,yes,1561720.0,5197044.0,0.0,0.0,0.0,0,,False,False
254145316,residential,1561739.0,5197059.0,0.0,0.0,0.0,0,,False,False
254145318,yes,1561675.0,5197048.0,0.0,0.0,0.0,0,,False,False
254145319,residential,1561663.0,5197061.0,0.0,0.0,0.0,0,,False,False
254145323,residential,1561532.0,5197067.0,0.0,0.0,0.0,0,,False,False
254145325,yes,1561466.0,5197083.0,0.0,0.0,0.0,0,,False,False
254145326,residential,1561563.0,5197132.0,0.0,0.0,0.0,0,,False,False
254145330,yes,1561542.0,5197116.0,0.0,0.0,0.0,0,,False,False
254145901,residential,1561416.0,5196761.0,0.0,0.0,0.0,0,,False,False
254145902,yes,1561520.0,5196829.0,0.0,0.0,0.0,0,,False,False
254145903,yes,1561472.0,5196813.0,0.0,0.0,0.0,0,,False,False
254145904,residential,1561487.0,5196833.0,0.0,0.0,0.0,0,,False,False
254145905,yes,1561475.0,5196898.0,0.0,0.0,0.0,0,,False,False
254145906,residential,1561361.0,5196868.0,0.0,0.0,0.0,0,,False,False
254148683,residential,1561100.0,5196886.0,0.0,0.0,0.0,0,,False,False
254148685,residential,1560882.0,5196912.0,0.0,0.0,0.0,0,,False,False
254148688,residential,1560803.0,5196947.0,0.0,0.0,0.0,0,,False,False
254148690,residential,1560847.0,5197035.0,0.0,0.0,0.0,0,,False,False
254148692,residential,1561281.0,5197133.0,0.0,0.0,0.0,0,,False,False
254148693,yes,1561483.0,5197118.0,0.0,0.0,0.0,0,,False,False
254148695,residential,1561469.0,5197128.0,0.0,0.0,0.0,0,,False,False
254148697,residential,1561462.0,5197189.0,0.0,0.0,0.0,0,,False,False
254148700,residential,1561387.0,5197168.0,0.0,0.0,0.0,0,,False,False
254148702,yes,1561399.0,5197155.0,0.0,0.0,0.0,0,,False,False
254148703,yes,1561379.0,5197118.0,0.0,0.0,0.0,0,,False,False
254148705,yes,1561338.0,5197241.0,0.0,0.0,0.0,0,,False,False
282843408,yes,1562414.0,5197180.0,0.0,0.0,0.0,0,,False,False
282843409,yes,1562484.0,5197241.0,0.0,0.0,0.0,0,,False,False
282843410,yes,1562444.0,5197192.0,0.0,0.0,0.0,0,,False,False
340641175,public,1562384.0,5196163.0,0.0,0.0,0.0,0,,False,False
409775432,yes,1559304.0,5197993.0,0.0,0.0,0.0,0,,False,False
409777953,yes,1561974.0,5197496.0,0.0,0.0,0.0,0,,False,False
501324031,yes,1562351.0,5196072.0,0.0,0.0,0.0,0,,False,False
501324032,yes,1562445.0,5196107.0,0.0,0.0,0.0,0,,False,False
538915698,yes,1562319.0,5197309.0,0.0,0.0,0.0,0,,False,False
538915699,yes,1562319.0,5197286.0,0.0,0.0,0.0,0,,False,False
538915700,garage,1561725.0,5196074.0,0.0,0.0,0.0,0,,False,False
538915705,yes,1561073.0,5196402.0,0.0,0.0,0.0,0,,False,False
538915706,yes,1561094.0,5196415.0,0.0,0.0,0.0,0,,False,False
538915707,yes,1561126.0,5196420.0,0.0,0.0,0.0,0,,False,False
538915708,yes,1561136.0,5196448.0,0.0,0.0,0.0,0,,False,False
538915709,yes,1561024.0,5196173.0,0.0,0.0,0.0,0,,False,False
538915710,yes,1561283.0,5196367.0,0.0,0.0,0.0,0,,False,False
538915711,yes,1561445.0,5196425.0,0.0,0.0,0.0,0,,False,False
538915712,yes,1561424.0,5196442.0,0.0,0.0,0.0,0,,False,False
538915713,yes,1561536.0,5196418.0,0.0,0.0,0.0,0,,False,False
538915714,yes,1561439.0,5196330.0,0.0,0.0,0.0,0,,False,False
538915715,yes,1561395.0,5196361.0,0.0,0.0,0.0,0,,False,False
538915716,yes,1561353.0,5196212.0,0.0,0.0,0.0,0,,False,False
538915717,yes,1561382.0,5196201.0,0.0,0.0,0.0,0,,False,False
538915718,yes,1561462.0,5196171.0,0.0,0.0,0.0,0,,False,False
538915719,yes,1561505.0,5196211.0,0.0,0.0,0.0,0,,False,False
538915730,yes,1561333.0,5195696.0,0.0,0.0,0.0,0,,False,False
538915731,yes,1561369.0,5195805.0,0.0,0.0,0.0,0,,False,False
538915732,yes,1561357.0,5195758.0,0.0,0.0,0.0,0,,False,False
538915737,garage,1561687.0,5195980.0,0.0,0.0,0.0,0,,False,False
538915738,detached,1561672.0,5195992.0,0.0,0.0,0.0,0,,False,False
538915749,yes,1561303.0,5195511.0,0.0,0.0,0.0,0,,False,False
538915750,yes,1561316.0,5195622.0,0.0,0.0,0.0,0,,False,False
538915751,yes,1561292.0,5195645.0,0.0,0.0,0.0,0,,False,False
538915757,yes,1561085.0,5196186.0,0.0,0.0,0.0,0,,False,False
538915758,yes,1561213.0,5196325.0,0.0,0.0,0.0,0,,False,False
538915759,yes,1561210.0,5196387.0,0.0,0.0,0.0,0,,False,False
538915760,yes,1561236.0,5196378.0,0.0,0.0,0.0,0,,False,False
538915761,yes,1561251.0,5196420.0,0.0,0.0,0.0,0,,False,False
538915762,yes,1561239.0,5196437.0,0.0,0.0,0.0,0,,False,False
538915763,yes,1561273.0,5196295.0,0.0,0.0,0.0,0,,False,False
538915764,yes,1561294.0,5196524.0,0.0,0.0,0.0,0,,False,False
538915776,yes,1561497.0,5196173.0,0.0,0.0,0.0,0,,False,False
538915777,yes,1561526.0,5196269.0,0.0,0.0,0.0,0,,False,False
538915778,yes,1561505.0,5196310.0,0.0,0.0,0.0,0,,False,False
538915779,yes,1561532.0,5196318.0,0.0,0.0,0.0,0,,False,False
538915780,yes,1561599.0,5196334.0,0.0,0.0,0.0,0,,False,False
538915783,yes,1561584.0,5196179.0,0.0,0.0,0.0,0,,False,False
538915790,yes,1561784.0,5196192.0,0.0,0.0,0.0,0,,False,False
538915792,yes,1561788.0,5196218.0,0.0,0.0,0.0,0,,False,False
538931556,yes,1562081.0,5197725.0,0.0,0.0,0.0,0,,False,False
538931557,yes,1562045.0,5197684.0,0.0,0.0,0.0,0,,False,False
538931558,yes,1562214.0,5197797.0,0.0,0.0,0.0,0,,False,False
538931559,yes,1562199.0,5197797.0,0.0,0.0,0.0,0,,False,False
538931561,yes,1562311.0,5197813.0,0.0,0.0,0.0,0,,False,False
538931562,yes,1562297.0,5197830.0,0.0,0.0,0.0,0,,False,False
538931564,yes,1562525.0,5197694.0,0.0,0.0,0.0,0,,False,False
538931566,yes,1562522.0,5197718.0,0.0,0.0,0.0,0,,False,False
538931572,yes,1562532.0,5197508.0,0.0,0.0,0.0,0,,False,False
538931574,yes,1562495.0,5197351.0,0.0,0.0,0.0,0,,False,False
538931591,yes,1562147.0,5196927.0,0.0,0.0,0.0,0,,False,False
538931592,yes,1562002.0,5196927.0,0.0,0.0,0.0,0,,False,False
538931593,yes,1562062.0,5196926.0,0.0,0.0,0.0,0,,False,False
853071814,house,1561224.0,5197242.0,0.0,0.0,0.0,0,,False,False
853071815,garage,1561246.0,5197227.0,0.0,0.0,0.0,0,,False,False
853071816,house,1561127.0,5197286.0,0.0,0.0,0.0,0,,False,False
853071817,garage,1561101.0,5197281.0,0.0,0.0,0.0,0,,False,False
853071818,house,1561052.0,5197312.0,0.0,0.0,0.0,0,,False,False
853071826,house,1561005.0,5196491.0,0.0,0.0,0.0,0,,False,False
853071827,house,1560934.0,5196489.0,0.0,0.0,0.0,0,,False,False
853071828,house,1560890.0,5196472.0,0.0,0.0,0.0,0,,False,False
853071829,house,1560827.0,5196476.0,0.0,0.0,0.0,0,,False,False
853071830,house,1560740.0,5196453.0,0.0,0.0,0.0,0,,False,False
853071831,house,1560695.0,5196432.0,0.0,0.0,0.0,0,,False,False
853071832,shed,1560646.0,5196419.0,0.0,0.0,0.0,0,,False,False
853071834,house,1560683.0,5196498.0,0.0,0.0,0.0,0,,False,False
853071836,house,1560751.0,5196549.0,0.0,0.0,0.0,0,,False,False
853071837,house,1560854.0,5196580.0,0.0,0.0,0.0,0,,False,False
853071838,garage,1560840.0,5196559.0,0.0,0.0,0.0,0,,False,False
853071839,house,1560987.0,5196597.0,0.0,0.0,0.0,0,,False,False
853071840,garage,1560993.0,5196577.0,0.0,0.0,0.0,0,,False,False
857920239,house,1560835.0,5196661.0,0.0,0.0,0.0,0,,False,False
857920240,house,1560747.0,5196628.0,0.0,0.0,0.0,0,,False,False
857920241,house,1560701.0,5196597.0,0.0,0.0,0.0,0,,False,False
857920242,house,1560704.0,5196639.0,0.0,0.0,0.0,0,,False,False
857920244,house,1560807.0,5196722.0,0.0,0.0,0.0,0,,False,False
857920245,house,1560719.0,5196735.0,0.0,0.0,0.0,0,,False,False
857920246,house,1560833.0,5196780.0,0.0,0.0,0.0,0,,False,False
857920247,house,1560738.0,5196803.0,0.0,0.0,0.0,0,,False,False
857920249,house,1560838.0,5196832.0,0.0,0.0,0.0,0,,False,False
857920250,house,1560556.0,5196660.0,0.0,0.0,0.0,0,,False,False
857920251,yes,1560553.0,5196728.0,0.0,0.0,0.0,0,,False,False
857920252,yes,1560566.0,5196765.0,0.0,0.0,0.0,0,,False,False
857920253,yes,1560535.0,5196773.0,0.0,0.0,0.0,0,,False,False
857920254,house,1560529.0,5196805.0,0.0,0.0,0.0,0,,False,False
857920255,house,1560512.0,5196853.0,0.0,0.0,0.0,0,,False,False
857920256,house,1560517.0,5196905.0,0.0,0.0,0.0,0,,False,False
857920257,house,1560506.0,5196959.0,0.0,0.0,0.0,0,,False,False
857923287,house,1560498.0,5197033.0,0.0,0.0,0.0,0,,False,False
857923288,house,1560561.0,5197003.0,0.0,0.0,0.0,0,,False,False
857923289,house,1560607.0,5196982.0,0.0,0.0,0.0,0,,False,False
857923290,house,1560496.0,5197110.0,0.0,0.0,0.0,0,,False,False
857923291,house,1560544.0,5197109.0,0.0,0.0,0.0,0,,False,False
857923292,house,1560629.0,5197133.0,0.0,0.0,0.0,0,,False,False
857923293,yes,1560645.0,5197148.0,0.0,0.0,0.0,0,,False,False
857923294,house,1560605.0,5197115.0,0.0,0.0,0.0,0,,False,False
857923295,house,1560584.0,5197165.0,0.0,0.0,0.0,0,,False,False
857923296,yes,1560607.0,5197171.0,0.0,0.0,0.0,0,,False,False
857923297,yes,1560622.0,5197076.0,0.0,0.0,0.0,0,,False,False
857923298,house,1560488.0,5197164.0,0.0,0.0,0.0,0,,False,False
857923299,yes,1560447.0,5197175.0,0.0,0.0,0.0,0,,False,False
857923300,yes,1560458.0,5197148.0,0.0,0.0,0.0,0,,False,False
857923317,house,1560449.0,5197353.0,0.0,0.0,0.0,0,,False,False
857923319,house,1560515.0,5197330.0,0.0,0.0,0.0,0,,False,False
857923320,house,1560592.0,5197284.0,0.0,0.0,0.0,0,,False,False
857923321,yes,1560591.0,5197255.0,0.0,0.0,0.0,0,,False,False
857923322,yes,1560595.0,5197270.0,0.0,0.0,0.0,0,,False,False
857923324,yes,1560637.0,5197243.0,0.0,0.0,0.0,0,,False,False
857923325,yes,1560644.0,5197231.0,0.0,0.0,0.0,0,,False,False
857923326,house,1560619.0,5197352.0,0.0,0.0,0.0,0,,False,False
857923327,yes,1560651.0,5197330.0,0.0,0.0,0.0,0,,False,False
857923329,house,1560559.0,5197417.0,0.0,0.0,0.0,0,,False,False
857923330,house,1560513.0,5197425.0,0.0,0.0,0.0,0,,False,False
857923331,yes,1560519.0,5197405.0,0.0,0.0,0.0,0,,False,False
857923334,yes,1560480.0,5197433.0,0.0,0.0,0.0,0,,False,False
857923335,house,1560439.0,5197460.0,0.0,0.0,0.0,0,,False,False
858287763,yes,1560428.0,5197447.0,0.0,0.0,0.0,0,,False,False
858287765,house,1560423.0,5197539.0,0.0,0.0,0.0,0,,False,False
858287766,house,1560490.0,5197540.0,0.0,0.0,0.0,0,,False,False
858287767,house,1560534.0,5197510.0,0.0,0.0,0.0,0,,False,False
858287768,yes,1560559.0,5197505.0,0.0,0.0,0.0,0,,False,False
858287769,house,1560582.0,5197483.0,0.0,0.0,0.0,0,,False,False
858287770,house,1560663.0,5197465.0,0.0,0.0,0.0,0,,False,False
858287771,house,1560842.0,5197395.0,0.0,0.0,0.0,0,,False,False
858287772,yes,1560840.0,5197333.0,0.0,0.0,0.0,0,,False,False
858287773,house,1560817.0,5197298.0,0.0,0.0,0.0,0,,False,False
858287774,house,1561311.0,5197387.0,0.0,0.0,0.0,0,,False,False
858287785,house,1560590.0,5197637.0,0.0,0.0,0.0,0,,False,False
858287787,yes,1560616.0,5197669.0,0.0,0.0,0.0,0,,False,False
858287788,yes,1560589.0,5197676.0,0.0,0.0,0.0,0,,False,False
858287790,yes,1560522.0,5197819.0,0.0,0.0,0.0,0,,False,False
858287797,yes,1560570.0,5197723.0,0.0,0.0,0.0,0,,False,False
858287798,yes,1560628.0,5197761.0,0.0,0.0,0.0,0,,False,False
858287799,yes,1560615.0,5197767.0,0.0,0.0,0.0,0,,False,False
858287800,house,1560686.0,5197636.0,0.0,0.0,0.0,0,,False,False
858359939,house,1561026.0,5197472.0,0.0,0.0,0.0,0,,False,False
858359941,house,1560937.0,5197555.0,0.0,0.0,0.0,0,,False,False
858359943,house,1560933.0,5197667.0,0.0,0.0,0.0,0,,False,False
858359944,house,1560882.0,5197678.0,0.0,0.0,0.0,0,,False,False
858359953,house,1562293.0,5197199.0,0.0,0.0,0.0,0,,False,False
858359954,yes,1562309.0,5197229.0,0.0,0.0,0.0,0,,False,False
858359955,yes,1562212.0,5197203.0,0.0,0.0,0.0,0,,False,False
858359956,house,1562204.0,5197232.0,0.0,0.0,0.0,0,,False,False
858359961,house,1562197.0,5197289.0,0.0,0.0,0.0,0,,False,False
858359964,house,1562173.0,5197409.0,0.0,0.0,0.0,0,,False,False
858359965,house,1562260.0,5197381.0,0.0,0.0,0.0,0,,False,False
858359967,yes,1562236.0,5197371.0,0.0,0.0,0.0,0,,False,False
858359970,house,1562138.0,5197541.0,0.0,0.0,0.0,0,,False,False
858359971,yes,1562160.0,5197508.0,0.0,0.0,0.0,0,,False,False
858359972,yes,1562201.0,5197550.0,0.0,0.0,0.0,0,,False,False
858359973,yes,1562212.0,5197575.0,0.0,0.0,0.0,0,,False,False
858359979,house,1562109.0,5197640.0,0.0,0.0,0.0,0,,False,False
858359980,house,1562187.0,5197659.0,0.0,0.0,0.0,0,,False,False
858359981,house,1562192.0,5197646.0,0.0,0.0,0.0,0,,False,False
858359982,house,1562306.0,5197627.0,0.0,0.0,0.0,0,,False,False
858359983,yes,1562273.0,5197646.0,0.0,0.0,0.0,0,,False,False
858359984,yes,1562278.0,5197619.0,0.0,0.0,0.0,0,,False,False
858366537,house,1562329.0,5197486.0,0.0,0.0,0.0,0,,False,False
858719735,house,1562451.0,5197621.0,0.0,0.0,0.0,0,,False,False
858719740,house,1562389.0,5197725.0,0.0,0.0,0.0,0,,False,False
858723189,house,1562515.0,5197827.0,0.0,0.0,0.0,0,,False,False
858723190,yes,1562491.0,5197812.0,0.0,0.0,0.0,0,,False,False
858723191,house,1562418.0,5197886.0,0.0,0.0,0.0,0,,False,False
858723193,house,1562498.0,5197971.0,0.0,0.0,0.0,0,,False,False
858723194,yes,1562482.0,5197932.0,0.0,0.0,0.0,0,,False,False
961748722,yes,1559273.0,5196378.0,0.0,0.0,0.0,0,,False,False
961748723,yes,1559271.0,5196362.0,0.0,0.0,0.0,0,,False,False
961748724,yes,1559266.0,5196348.0,0.0,0.0,0.0,0,,False,False
961748726,yes,1559354.0,5196369.0,0.0,0.0,0.0,0,,False,False
961748727,yes,1559360.0,5196384.0,0.0,0.0,0.0,0,,False,False
961748728,yes,1559354.0,5196400.0,0.0,0.0,0.0,0,,False,False
961748731,yes,1559403.0,5196531.0,0.0,0.0,0.0,0,,False,False
961748732,yes,1559415.0,5196566.0,0.0,0.0,0.0,0,,False,False
961748733,yes,1559384.0,5196579.0,0.0,0.0,0.0,0,,False,False
961748734,yes,1559422.0,5196585.0,0.0,0.0,0.0,0,,False,False
961748735,yes,1559444.0,5196626.0,0.0,0.0,0.0,0,,False,False
961748736,yes,1559429.0,5196632.0,0.0,0.0,0.0,0,,False,False
961748737,yes,1559511.0,5196789.0,0.0,0.0,0.0,0,,False,False
961748738,yes,1559521.0,5196801.0,0.0,0.0,0.0,0,,False,False
961748741,yes,1559514.0,5196632.0,0.0,0.0,0.0,0,,False,False
961748742,yes,1559516.0,5196618.0,0.0,0.0,0.0,0,,False,False
961748743,yes,1559520.0,5196569.0,0.0,0.0,0.0,0,,False,False
961748744,yes,1559453.0,5196473.0,0.0,0.0,0.0,0,,False,False
961748745,yes,1559471.0,5196460.0,0.0,0.0,0.0,0,,False,False
961748747,yes,1559587.0,5196344.0,0.0,0.0,0.0,0,,False,False
961748748,yes,1559571.0,5196333.0,0.0,0.0,0.0,0,,False,False
961748749,yes,1559601.0,5196327.0,0.0,0.0,0.0,0,,False,False
961748750,yes,1559608.0,5196335.0,0.0,0.0,0.0,0,,False,False
961748751,yes,1559620.0,5196334.0,0.0,0.0,0.0,0,,False,False
961748752,yes,1559624.0,5196331.0,0.0,0.0,0.0,0,,False,False
961748753,yes,1559628.0,5196331.0,0.0,0.0,0.0,0,,False,False
961748754,yes,1559643.0,5196345.0,0.0,0.0,0.0,0,,False,False
961748755,yes,1559648.0,5196333.0,0.0,0.0,0.0,0,,False,False
961748757,yes,1559760.0,5196663.0,0.0,0.0,0.0,0,,False,False
961748758,yes,1559762.0,5196632.0,0.0,0.0,0.0,0,,False,False
961752418,yes,1559688.0,5196293.0,0.0,0.0,0.0,0,,False,False
961752419,yes,1559698.0,5196290.0,0.0,0.0,0.0,0,,False,False
961752420,yes,1559711.0,5196287.0,0.0,0.0,0.0,0,,False,False
961752421,yes,1559734.0,5196198.0,0.0,0.0,0.0,0,,False,False
961752422,yes,1559779.0,5196175.0,0.0,0.0,0.0,0,,False,False
961752423,yes,1559811.0,5196196.0,0.0,0.0,0.0,0,,False,False
961752424,yes,1559772.0,5196146.0,0.0,0.0,0.0,0,,False,False
961752426,yes,1560049.0,5196083.0,0.0,0.0,0.0,0,,False,False
961752427,yes,1560064.0,5196078.0,0.0,0.0,0.0,0,,False,False
961752428,yes,1560001.0,5196065.0,0.0,0.0,0.0,0,,False,False
961752429,yes,1560131.0,5196122.0,0.0,0.0,0.0,0,,False,False
961752432,yes,1560159.0,5196164.0,0.0,0.0,0.0,0,,False,False
961752433,yes,1560162.0,5196019.0,0.0,0.0,0.0,0,,False,False
961752434,yes,1560153.0,5196028.0,0.0,0.0,0.0,0,,False,False
961752435,yes,1560209.0,5196010.0,0.0,0.0,0.0,0,,False,False
961752436,yes,1560239.0,5196001.0,0.0,0.0,0.0,0,,False,False
961752439,yes,1559943.0,5195914.0,0.0,0.0,0.0,0,,False,False
961752441,yes,1560119.0,5195853.0,0.0,0.0,0.0,0,,False,False
961752442,yes,1560131.0,5195818.0,0.0,0.0,0.0,0,,False,False
961752443,yes,1560119.0,5195821.0,0.0,0.0,0.0,0,,False,False
961752445,yes,1560239.0,5195891.0,0.0,0.0,0.0,0,,False,False
961752446,yes,1560201.0,5195860.0,0.0,0.0,0.0,0,,False,False
961752447,yes,1560207.0,5195843.0,0.0,0.0,0.0,0,,False,False
961752448,yes,1560333.0,5195997.0,0.0,0.0,0.0,0,,False,False
961752452,yes,1560501.0,5196536.0,0.0,0.0,0.0,0,,False,False
961752453,yes,1560502.0,5196527.0,0.0,0.0,0.0,0,,False,False
961752454,yes,1560500.0,5196521.0,0.0,0.0,0.0,0,,False,False
961752455,yes,1560505.0,5196522.0,0.0,0.0,0.0,0,,False,False
961752457,yes,1560311.0,5196577.0,0.0,0.0,0.0,0,,False,False
961752458,yes,1560311.0,5196631.0,0.0,0.0,0.0,0,,False,False
961752459,yes,1560196.0,5196611.0,0.0,0.0,0.0,0,,False,False
961752460,yes,1560152.0,5196720.0,0.0,0.0,0.0,0,,False,False
961752461,yes,1560164.0,5196739.0,0.0,0.0,0.0,0,,False,False
961752462,yes,1560152.0,5196773.0,0.0,0.0,0.0,0,,False,False
961752463,yes,1559969.0,5196797.0,0.0,0.0,0.0,0,,False,False
961752464,yes,1559847.0,5196855.0,0.0,0.0,0.0,0,,False,False
961752465,yes,1559838.0,5196919.0,0.0,0.0,0.0,0,,False,False
961752466,yes,1559837.0,5196894.0,0.0,0.0,0.0,0,,False,False
961752467,yes,1559837.0,5196909.0,0.0,0.0,0.0,0,,False,False
961752468,yes,1559809.0,5196898.0,0.0,0.0,0.0,0,,False,False
961752469,yes,1560462.0,5196646.0,0.0,0.0,0.0,0,,False,False
961752470,yes,1560456.0,5196638.0,0.0,0.0,0.0,0,,False,False
961752471,yes,1560372.0,5196835.0,0.0,0.0,0.0,0,,False,False
961752472,yes,1560315.0,5196814.0,0.0,0.0,0.0,0,,False,False
961752473,yes,1560368.0,5197078.0,0.0,0.0,0.0,0,,False,False
961752474,yes,1560365.0,5197029.0,0.0,0.0,0.0,0,,False,False
961752475,yes,1560070.0,5197122.0,0.0,0.0,0.0,0,,False,False
961752476,yes,1560096.0,5197144.0,0.0,0.0,0.0,0,,False,False
961752477,yes,1560111.0,5197160.0,0.0,0.0,0.0,0,,False,False
961752478,yes,1560088.0,5197163.0,0.0,0.0,0.0,0,,False,False
961754801,yes,1560573.0,5196641.0,0.0,0.0,0.0,0,,False,False
961754802,yes,1560557.0,5196798.0,0.0,0.0,0.0,0,,False,False
961754803,yes,1560552.0,5196791.0,0.0,0.0,0.0,0,,False,False
961754804,yes,1560604.0,5196802.0,0.0,0.0,0.0,0,,False,False
961754805,yes,1560550.0,5196841.0,0.0,0.0,0.0,0,,False,False
961754806,yes,1560558.0,5196851.0,0.0,0.0,0.0,0,,False,False
961754807,yes,1560531.0,5196852.0,0.0,0.0,0.0,0,,False,False
961754808,yes,1560490.0,5196901.0,0.0,0.0,0.0,0,,False,False
961754809,yes,1560485.0,5196935.0,0.0,0.0,0.0,0,,False,False
961754810,yes,1560455.0,5197132.0,0.0,0.0,0.0,0,,False,False
961754811,yes,1560454.0,5197138.0,0.0,0.0,0.0,0,,False,False
961754812,yes,1560533.0,5197140.0,0.0,0.0,0.0,0,,False,False
961754813,yes,1560535.0,5197145.0,0.0,0.0,0.0,0,,False,False
961754814,yes,1560176.0,5197365.0,0.0,0.0,0.0,0,,False,False
961754815,yes,1560124.0,5197345.0,0.0,0.0,0.0,0,,False,False
961754816,yes,1560041.0,5197321.0,0.0,0.0,0.0,0,,False,False
961754817,yes,1560050.0,5197273.0,0.0,0.0,0.0,0,,False,False
961754818,yes,1560041.0,5197276.0,0.0,0.0,0.0,0,,False,False
961754819,yes,1560034.0,5197278.0,0.0,0.0,0.0,0,,False,False
961754820,yes,1560053.0,5197293.0,0.0,0.0,0.0,0,,False,False
961754821,yes,1559926.0,5197485.0,0.0,0.0,0.0,0,,False,False
961754822,yes,1559899.0,5197498.0,0.0,0.0,0.0,0,,False,False
961754823,yes,1559871.0,5197505.0,0.0,0.0,0.0,0,,False,False
961754824,yes,1559834.0,5197565.0,0.0,0.0,0.0,0,,False,False
961754825,yes,1559824.0,5197561.0,0.0,0.0,0.0,0,,False,False
961754826,yes,1559828.0,5197552.0,0.0,0.0,0.0,0,,False,False
961754827,yes,1559903.0,5197627.0,0.0,0.0,0.0,0,,False,False
961754828,yes,1559925.0,5197627.0,0.0,0.0,0.0,0,,False,False
961754829,yes,1559924.0,5197666.0,0.0,0.0,0.0,0,,False,False
961754830,yes,1559932.0,5197649.0,0.0,0.0,0.0,0,,False,False
961754834,yes,1559534.0,5197369.0,0.0,0.0,0.0,0,,False,False
961754835,yes,1559565.0,5197346.0,0.0,0.0,0.0,0,,False,False
961754837,yes,1559813.0,5197243.0,0.0,0.0,0.0,0,,False,False
961754838,yes,1559778.0,5197294.0,0.0,0.0,0.0,0,,False,False
961754840,yes,1559669.0,5197282.0,0.0,0.0,0.0,0,,False,False
961754841,yes,1559688.0,5197276.0,0.0,0.0,0.0,0,,False,False
961754842,yes,1559684.0,5197276.0,0.0,0.0,0.0,0,,False,False
961754843,yes,1559657.0,5197276.0,0.0,0.0,0.0,0,,False,False
961754846,yes,1559513.0,5197220.0,0.0,0.0,0.0,0,,False,False
961754847,yes,1559525.0,5197181.0,0.0,0.0,0.0,0,,False,False
961754848,yes,1559583.0,5197609.0,0.0,0.0,0.0,0,,False,False
961754849,yes,1559612.0,5197648.0,0.0,0.0,0.0,0,,False,False
961754852,yes,1559608.0,5197722.0,0.0,0.0,0.0,0,,False,False
961754853,yes,1559627.0,5197688.0,0.0,0.0,0.0,0,,False,False
961754856,yes,1559464.0,5197875.0,0.0,0.0,0.0,0,,False,False
961754857,yes,1559513.0,5197844.0,0.0,0.0,0.0,0,,False,False
1046353138,yes,1562092.0,5197084.0,0.0,0.0,0.0,0,,False,False
1046353139,yes,1562101.0,5197077.0,0.0,0.0,0.0,0,,False,False
1046353141,yes,1562053.0,5197100.0,0.0,0.0,0.0,0,,False,False
1046353144,yes,1562056.0,5197150.0,0.0,0.0,0.0,0,,False,False
1046353145,yes,1562057.0,5197174.0,0.0,0.0,0.0,0,,False,False
1046353146,yes,1561987.0,5197116.0,0.0,0.0,0.0,0,,False,False
1046353148,yes,1562003.0,5197206.0,0.0,0.0,0.0,0,,False,False
1046353149,yes,1562034.0,5197208.0,0.0,0.0,0.0,0,,False,False
1046353151,yes,1561966.0,5197253.0,0.0,0.0,0.0,0,,False,False
1046353152,yes,1561938.0,5197303.0,0.0,0.0,0.0,0,,False,False
1046353153,yes,1561968.0,5197309.0,0.0,0.0,0.0,0,,False,False
1046353156,yes,1561894.0,5197346.0,0.0,0.0,0.0,0,,False,False
1046353157,yes,1561866.0,5197386.0,0.0,0.0,0.0,0,,False,False
1046353158,yes,1561924.0,5197149.0,0.0,0.0,0.0,0,,False,False
1046353160,yes,1561876.0,5197157.0,0.0,0.0,0.0,0,,False,False
1046353161,yes,1561889.0,5197133.0,0.0,0.0,0.0,0,,False,False
1046353163,yes,1561901.0,5197200.0,0.0,0.0,0.0,0,,False,False
1046353165,yes,1561875.0,5197247.0,0.0,0.0,0.0,0,,False,False
1046353166,yes,1561861.0,5197225.0,0.0,0.0,0.0,0,,False,False
1046353168,yes,1561851.0,5197294.0,0.0,0.0,0.0,0,,False,False
1046353169,yes,1561806.0,5197360.0,0.0,0.0,0.0,0,,False,False
1046353170,yes,1561804.0,5197336.0,0.0,0.0,0.0,0,,False,False
1046353171,yes,1561773.0,5197322.0,0.0,0.0,0.0,0,,False,False
1046353172,yes,1561764.0,5197301.0,0.0,0.0,0.0,0,,False,False
1046353174,yes,1561731.0,5197296.0,0.0,0.0,0.0,0,,False,False
1046353175,yes,1561756.0,5197292.0,0.0,0.0,0.0,0,,False,False
1046353176,yes,1561749.0,5197285.0,0.0,0.0,0.0,0,,False,False
1046353177,yes,1561750.0,5197275.0,0.0,0.0,0.0,0,,False,False
1046353178,yes,1561758.0,5197280.0,0.0,0.0,0.0,0,,False,False
1046353179,yes,1561773.0,5197263.0,0.0,0.0,0.0,0,,False,False
1046353180,yes,1561816.0,5197228.0,0.0,0.0,0.0,0,,False,False
1046353182,yes,1561803.0,5197184.0,0.0,0.0,0.0,0,,False,False
1046353183,yes,1561824.0,5197194.0,0.0,0.0,0.0,0,,False,False
1046353185,yes,1561756.0,5197201.0,0.0,0.0,0.0,0,,False,False
1046353187,yes,1561707.0,5197224.0,0.0,0.0,0.0,0,,False,False
1046353188,yes,1561672.0,5197217.0,0.0,0.0,0.0,0,,False,False
1046353189,yes,1561644.0,5197295.0,0.0,0.0,0.0,0,,False,False
1046353191,yes,1561688.0,5197386.0,0.0,0.0,0.0,0,,False,False
1046353192,yes,1561654.0,5197428.0,0.0,0.0,0.0,0,,False,False
1046353193,yes,1561634.0,5197443.0,0.0,0.0,0.0,0,,False,False
1046353194,yes,1561719.0,5197393.0,0.0,0.0,0.0,0,,False,False
1046353195,yes,1561635.0,5197462.0,0.0,0.0,0.0,0,,False,False
1046353196,yes,1561670.0,5197479.0,0.0,0.0,0.0,0,,False,False
1046353197,yes,1561606.0,5197508.0,0.0,0.0,0.0,0,,False,False
1046353198,yes,1561576.0,5197560.0,0.0,0.0,0.0,0,,False,False
1046353199,yes,1561607.0,5197574.0,0.0,0.0,0.0,0,,False,False
1046353200,yes,1561548.0,5197606.0,0.0,0.0,0.0,0,,False,False
1046353201,yes,1561512.0,5197643.0,0.0,0.0,0.0,0,,False,False
1046353202,yes,1561543.0,5197649.0,0.0,0.0,0.0,0,,False,False
1046353203,yes,1561492.0,5197690.0,0.0,0.0,0.0,0,,False,False
1046383492,yes,1561459.0,5197731.0,0.0,0.0,0.0,0,,False,False
1046383493,yes,1561485.0,5197731.0,0.0,0.0,0.0,0,,False,False
1046383494,yes,1561442.0,5197773.0,0.0,0.0,0.0,0,,False,False
1046383495,yes,1561464.0,5197778.0,0.0,0.0,0.0,0,,False,False
1046383496,yes,1561476.0,5197785.0,0.0,0.0,0.0,0,,False,False
1046383497,yes,1561518.0,5197822.0,0.0,0.0,0.0,0,,False,False
1046383498,yes,1561541.0,5197785.0,0.0,0.0,0.0,0,,False,False
1046383499,yes,1561529.0,5197761.0,0.0,0.0,0.0,0,,False,False
1046383500,yes,1561560.0,5197735.0,0.0,0.0,0.0,0,,False,False
1046383501,yes,1561570.0,5197718.0,0.0,0.0,0.0,0,,False,False
1046383502,yes,1561593.0,5197691.0,0.0,0.0,0.0,0,,False,False
1046383503,yes,1561613.0,5197645.0,0.0,0.0,0.0,0,,False,False
1046383505,yes,1561622.0,5197629.0,0.0,0.0,0.0,0,,False,False
1046383506,yes,1561650.0,5197603.0,0.0,0.0,0.0,0,,False,False
1046383507,yes,1561657.0,5197594.0,0.0,0.0,0.0,0,,False,False
1046383508,yes,1561679.0,5197560.0,0.0,0.0,0.0,0,,False,False
1046383509,yes,1561646.0,5197549.0,0.0,0.0,0.0,0,,False,False
1046383511,yes,1561693.0,5197510.0,0.0,0.0,0.0,0,,False,False
1046383512,yes,1561679.0,5197494.0,0.0,0.0,0.0,0,,False,False
1046383514,yes,1561726.0,5197468.0,0.0,0.0,0.0,0,,False,False
1046383516,yes,1561754.0,5197422.0,0.0,0.0,0.0,0,,False,False
1046383518,yes,1561828.0,5197469.0,0.0,0.0,0.0,0,,False,False
1046383519,yes,1561852.0,5197496.0,0.0,0.0,0.0,0,,False,False
1046383520,yes,1561785.0,5197519.0,0.0,0.0,0.0,0,,False,False
1046383521,yes,1561799.0,5197510.0,0.0,0.0,0.0,0,,False,False
1046383522,yes,1561757.0,5197571.0,0.0,0.0,0.0,0,,False,False
1046383523,yes,1561796.0,5197584.0,0.0,0.0,0.0,0,,False,False
1046383524,yes,1561790.0,5197572.0,0.0,0.0,0.0,0,,False,False
1046383525,yes,1561726.0,5197637.0,0.0,0.0,0.0,0,,False,False
1046383526,yes,1561764.0,5197633.0,0.0,0.0,0.0,0,,False,False
1046383527,yes,1561688.0,5197676.0,0.0,0.0,0.0,0,,False,False
1046383528,yes,1561717.0,5197677.0,0.0,0.0,0.0,0,,False,False
1046383529,yes,1561661.0,5197722.0,0.0,0.0,0.0,0,,False,False
1046383530,yes,1561622.0,5197787.0,0.0,0.0,0.0,0,,False,False
1046383531,yes,1561659.0,5197797.0,0.0,0.0,0.0,0,,False,False
1046383533,yes,1561591.0,5197839.0,0.0,0.0,0.0,0,,False,False
1046383534,yes,1561628.0,5197849.0,0.0,0.0,0.0,0,,False,False
1046383535,yes,1561556.0,5197885.0,0.0,0.0,0.0,0,,False,False
1046383536,yes,1561538.0,5197944.0,0.0,0.0,0.0,0,,False,False
1046383537,yes,1561566.0,5197955.0,0.0,0.0,0.0,0,,False,False
1046383539,yes,1561487.0,5197900.0,0.0,0.0,0.0,0,,False,False
1046383540,yes,1561437.0,5197921.0,0.0,0.0,0.0,0,,False,False
1046383541,yes,1561428.0,5197873.0,0.0,0.0,0.0,0,,False,False
1046383542,yes,1561417.0,5197844.0,0.0,0.0,0.0,0,,False,False
1046383543,yes,1561385.0,5197832.0,0.0,0.0,0.0,0,,False,False
1046383544,yes,1561393.0,5197858.0,0.0,0.0,0.0,0,,False,False
1046383545,yes,1561330.0,5197799.0,0.0,0.0,0.0,0,,False,False
1046383546,yes,1561287.0,5197770.0,0.0,0.0,0.0,0,,False,False
1046383547,yes,1561214.0,5197727.0,0.0,0.0,0.0,0,,False,False
1046383548,yes,1561207.0,5197713.0,0.0,0.0,0.0,0,,False,False
1049737831,yes,1562545.0,5196549.0,0.0,0.0,0.0,0,,False,False
1049737836,yes,1562442.0,5196723.0,0.0,0.0,0.0,0,,False,False
1049737837,yes,1562455.0,5196699.0,0.0,0.0,0.0,0,,False,False
1049737838,yes,1562503.0,5196795.0,0.0,0.0,0.0,0,,False,False
1049737839,yes,1562476.0,5196785.0,0.0,0.0,0.0,0,,False,False
1049737843,yes,1562330.0,5196862.0,0.0,0.0,0.0,0,,False,False
1049737844,yes,1562351.0,5196855.0,0.0,0.0,0.0,0,,False,False
1049737845,yes,1562419.0,5196860.0,0.0,0.0,0.0,0,,False,False
1049737846,yes,1562405.0,5196498.0,0.0,0.0,0.0,0,,False,False
1049737847,yes,1562410.0,5196451.0,0.0,0.0,0.0,0,,False,False
1049737848,yes,1562363.0,5196439.0,0.0,0.0,0.0,0,,False,False
1049737849,yes,1562378.0,5196423.0,0.0,0.0,0.0,0,,False,False
1049737850,yes,1562347.0,5196485.0,0.0,0.0,0.0,0,,False,False
1049737851,yes,1562326.0,5196471.0,0.0,0.0,0.0,0,,False,False
1049737852,yes,1562304.0,5196479.0,0.0,0.0,0.0,0,,False,False
1049737853,yes,1562321.0,5196511.0,0.0,0.0,0.0,0,,False,False
1049737854,yes,1562220.0,5196442.0,0.0,0.0,0.0,0,,False,False
1049737855,yes,1562178.0,5196451.0,0.0,0.0,0.0,0,,False,False
1049737856,yes,1562245.0,5196434.0,0.0,0.0,0.0,0,,False,False
1049737857,yes,1562222.0,5196388.0,0.0,0.0,0.0,0,,False,False
1049737858,yes,1562240.0,5196375.0,0.0,0.0,0.0,0,,False,False
1049737859,yes,1562144.0,5196402.0,0.0,0.0,0.0,0,,False,False
1049737860,yes,1562040.0,5196349.0,0.0,0.0,0.0,0,,False,False
1049737861,yes,1562034.0,5196316.0,0.0,0.0,0.0,0,,False,False
1049737862,yes,1562045.0,5196294.0,0.0,0.0,0.0,0,,False,False
1049737863,yes,1561883.0,5196266.0,0.0,0.0,0.0,0,,False,False
1049737864,yes,1561956.0,5196242.0,0.0,0.0,0.0,0,,False,False
1049737865,yes,1561770.0,5196311.0,0.0,0.0,0.0,0,,False,False
1049737866,yes,1561789.0,5196301.0,0.0,0.0,0.0,0,,False,False
1049737867,yes,1561788.0,5196358.0,0.0,0.0,0.0,0,,False,False
1049737868,yes,1561818.0,5196348.0,0.0,0.0,0.0,0,,False,False
1049737869,yes,1561819.0,5196387.0,0.0,0.0,0.0,0,,False,False
1049737870,yes,1561879.0,5196410.0,0.0,0.0,0.0,0,,False,False
1049737871,yes,1561866.0,5196392.0,0.0,0.0,0.0,0,,False,False
1049748955,yes,1561958.0,5196454.0,0.0,0.0,0.0,0,,False,False
1049748956,yes,1562005.0,5196477.0,0.0,0.0,0.0,0,,False,False
1049748957,yes,1562066.0,5196538.0,0.0,0.0,0.0,0,,False,False
1049748958,yes,1562108.0,5196502.0,0.0,0.0,0.0,0,,False,False
1049748959,yes,1562088.0,5196478.0,0.0,0.0,0.0,0,,False,False
1049748960,yes,1562162.0,5196519.0,0.0,0.0,0.0,0,,False,False
1049748961,yes,1562263.0,5196555.0,0.0,0.0,0.0,0,,False,False
1049748962,yes,1562310.0,5196565.0,0.0,0.0,0.0,0,,False,False
1049748964,yes,1562287.0,5196652.0,0.0,0.0,0.0,0,,False,False
1049748965,yes,1562313.0,5196650.0,0.0,0.0,0.0,0,,False,False
1049748966,yes,1562324.0,5196612.0,0.0,0.0,0.0,0,,False,False
1049748967,yes,1562350.0,5196600.0,0.0,0.0,0.0,0,,False,False
1049748968,yes,1562318.0,5196624.0,0.0,0.0,0.0,0,,False,False
1049748969,yes,1562314.0,5196622.0,0.0,0.0,0.0,0,,False,False
1049748970,yes,1561902.0,5196826.0,0.0,0.0,0.0,0,,False,False
1049748971,yes,1561932.0,5196819.0,0.0,0.0,0.0,0,,False,False
1049748973,yes,1561938.0,5196915.0,0.0,0.0,0.0,0,,False,False
1049748974,yes,1561911.0,5196894.0,0.0,0.0,0.0,0,,False,False
1050116669,yes,1561604.0,5198090.0,0.0,0.0,0.0,0,,False,False
1050116671,yes,1561635.0,5198035.0,0.0,0.0,0.0,0,,False,False
1050116672,yes,1561621.0,5198004.0,0.0,0.0,0.0,0,,False,False
1050116674,yes,1561657.0,5197977.0,0.0,0.0,0.0,0,,False,False
1050116676,yes,1561708.0,5197870.0,0.0,0.0,0.0,0,,False,False
1050116678,yes,1561741.0,5197826.0,0.0,0.0,0.0,0,,False,False
1050116686,yes,1561706.0,5198070.0,0.0,0.0,0.0,0,,False,False
1050116688,yes,1561741.0,5197991.0,0.0,0.0,0.0,0,,False,False
1050116689,yes,1561772.0,5197920.0,0.0,0.0,0.0,0,,False,False
1050116691,yes,1561798.0,5197905.0,0.0,0.0,0.0,0,,False,False
1050116692,yes,1561777.0,5197889.0,0.0,0.0,0.0,0,,False,False
1050116693,yes,1561787.0,5197874.0,0.0,0.0,0.0,0,,False,False
1050116694,yes,1561813.0,5197863.0,0.0,0.0,0.0,0,,False,False
1050116696,yes,1561827.0,5197931.0,0.0,0.0,0.0,0,,False,False
1050116697,yes,1561812.0,5198030.0,0.0,0.0,0.0,0,,False,False
1050116698,yes,1561786.0,5198007.0,0.0,0.0,0.0,0,,False,False
1050116700,yes,1561760.0,5198098.0,0.0,0.0,0.0,0,,False,False
1050116701,yes,1561796.0,5198100.0,0.0,0.0,0.0,0,,False,False
1050116725,yes,1561893.0,5198096.0,0.0,0.0,0.0,0,,False,False
1050116727,yes,1561877.0,5198045.0,0.0,0.0,0.0,0,,False,False
1050116728,yes,1561896.0,5197991.0,0.0,0.0,0.0,0,,False,False
1050116729,yes,1561921.0,5197982.0,0.0,0.0,0.0,0,,False,False
1050116730,yes,1561904.0,5197940.0,0.0,0.0,0.0,0,,False,False
1050116731,yes,1561922.0,5197929.0,0.0,0.0,0.0,0,,False,False
1050116733,yes,1561905.0,5197885.0,0.0,0.0,0.0,0,,False,False
1050164231,yes,1561917.0,5197839.0,0.0,0.0,0.0,0,,False,False
1050164232,yes,1561952.0,5197827.0,0.0,0.0,0.0,0,,False,False
1050164234,yes,1561935.0,5197776.0,0.0,0.0,0.0,0,,False,False
1050164235,yes,1561962.0,5197774.0,0.0,0.0,0.0,0,,False,False
1050164236,yes,1561941.0,5197724.0,0.0,0.0,0.0,0,,False,False
1050164237,yes,1561970.0,5197718.0,0.0,0.0,0.0,0,,False,False
1050164239,yes,1561950.0,5197661.0,0.0,0.0,0.0,0,,False,False
1050164240,yes,1561979.0,5197657.0,0.0,0.0,0.0,0,,False,False
1050164242,yes,1561972.0,5197613.0,0.0,0.0,0.0,0,,False,False
1050164245,yes,1561930.0,5197501.0,0.0,0.0,0.0,0,,False,False
1050164246,yes,1561949.0,5197491.0,0.0,0.0,0.0,0,,False,False
1050164247,yes,1561949.0,5197487.0,0.0,0.0,0.0,0,,False,False
1050164249,yes,1561919.0,5197482.0,0.0,0.0,0.0,0,,False,False
1050164250,yes,1561894.0,5197536.0,0.0,0.0,0.0,0,,False,False
1050164252,yes,1561891.0,5197592.0,0.0,0.0,0.0,0,,False,False
1050164254,yes,1561873.0,5197644.0,0.0,0.0,0.0,0,,False,False
1050164255,yes,1561893.0,5197636.0,0.0,0.0,0.0,0,,False,False
1050164258,yes,1561852.0,5197697.0,0.0,0.0,0.0,0,,False,False
1050164259,yes,1561795.0,5197719.0,0.0,0.0,0.0,0,,False,False
1050164261,yes,1561776.0,5197706.0,0.0,0.0,0.0,0,,False,False
1050164262,yes,1561751.0,5197725.0,0.0,0.0,0.0,0,,False,False
1050164263,yes,1561860.0,5197759.0,0.0,0.0,0.0,0,,False,False
1050164265,yes,1561543.0,5197451.0,0.0,0.0,0.0,0,,False,False
1050164266,yes,1561551.0,5197439.0,0.0,0.0,0.0,0,,False,False
1050164267,yes,1561501.0,5197490.0,0.0,0.0,0.0,0,,False,False
1050164268,yes,1561497.0,5197519.0,0.0,0.0,0.0,0,,False,False
1050164271,yes,1561429.0,5197648.0,0.0,0.0,0.0,0,,False,False
1050164272,yes,1561410.0,5197632.0,0.0,0.0,0.0,0,,False,False
1050164273,yes,1561358.0,5197616.0,0.0,0.0,0.0,0,,False,False
1050164274,yes,1561348.0,5197604.0,0.0,0.0,0.0,0,,False,False
1050164276,yes,1561329.0,5197590.0,0.0,0.0,0.0,0,,False,False
1050164277,yes,1561313.0,5197560.0,0.0,0.0,0.0,0,,False,False
1050164278,yes,1561238.0,5197526.0,0.0,0.0,0.0,0,,False,False
1050164279,yes,1561197.0,5197497.0,0.0,0.0,0.0,0,,False,False
1050164280,yes,1561209.0,5197510.0,0.0,0.0,0.0,0,,False,False
1050164281,yes,1561152.0,5197574.0,0.0,0.0,0.0,0,,False,False
1050164282,yes,1561185.0,5197611.0,0.0,0.0,0.0,0,,False,False
1050164283,yes,1561228.0,5197637.0,0.0,0.0,0.0,0,,False,False
1050164287,yes,1561313.0,5197685.0,0.0,0.0,0.0,0,,False,False
1050164289,yes,1561340.0,5197667.0,0.0,0.0,0.0,0,,False,False
1050164290,yes,1561371.0,5197659.0,0.0,0.0,0.0,0,,False,False
1050164291,yes,1561397.0,5197684.0,0.0,0.0,0.0,0,,False,False
1050164293,yes,1561164.0,5197695.0,0.0,0.0,0.0,0,,False,False
1050164294,yes,1561115.0,5197667.0,0.0,0.0,0.0,0,,False,False
1050164296,yes,1561063.0,5197637.0,0.0,0.0,0.0,0,,False,False
1050164298,yes,1561027.0,5197594.0,0.0,0.0,0.0,0,,False,False
1050164299,yes,1561025.0,5197624.0,0.0,0.0,0.0,0,,False,False
1050164301,yes,1561082.0,5197547.0,0.0,0.0,0.0,0,,False,False
1050164302,yes,1561061.0,5197522.0,0.0,0.0,0.0,0,,False,False
1050164303,yes,1561065.0,5197524.0,0.0,0.0,0.0,0,,False,False
1050878901,yes,1561103.0,5197500.0,0.0,0.0,0.0,0,,False,False
1050878903,yes,1561139.0,5197475.0,0.0,0.0,0.0,0,,False,False
1050878904,yes,1561149.0,5197442.0,0.0,0.0,0.0,0,,False,False
1050878905,yes,1560209.0,5197848.0,0.0,0.0,0.0,0,,False,False
1050878906,yes,1560215.0,5197831.0,0.0,0.0,0.0,0,,False,False
1050878907,yes,1560148.0,5197849.0,0.0,0.0,0.0,0,,False,False
1050878908,yes,1560116.0,5197763.0,0.0,0.0,0.0,0,,False,False
1050878910,yes,1559844.0,5198056.0,0.0,0.0,0.0,0,,False,False
1050878911,yes,1559861.0,5198030.0,0.0,0.0,0.0,0,,False,False
1050885703,yes,1561178.0,5198066.0,0.0,0.0,0.0,0,,False,False
1050885704,yes,1561192.0,5198046.0,0.0,0.0,0.0,0,,False,False
1050885705,yes,1561204.0,5198028.0,0.0,0.0,0.0,0,,False,False
1050927532,yes,1561184.0,5197801.0,0.0,0.0,0.0,0,,False,False
1133346721,yes,1559391.0,5193362.0,0.0,0.0,0.0,0,,False,False
1133346722,yes,1559399.0,5193332.0,0.0,0.0,0.0,0,,False,False
1133346723,yes,1559376.0,5193335.0,0.0,0.0,0.0,0,,False,False
1133346726,yes,1559482.0,5193229.0,0.0,0.0,0.0,0,,False,False
1133346727,yes,1559522.0,5193171.0,0.0,0.0,0.0,0,,False,False
1133346728,yes,1559510.0,5193160.0,0.0,0.0,0.0,0,,False,False
1133346730,yes,1559623.0,5193083.0,0.0,0.0,0.0,0,,False,False
1133346731,yes,1559642.0,5193085.0,0.0,0.0,0.0,0,,False,False
1133346732,yes,1559649.0,5193099.0,0.0,0.0,0.0,0,,False,False
1133346733,yes,1559749.0,5193278.0,0.0,0.0,0.0,0,,False,False
1133346734,yes,1559749.0,5193240.0,0.0,0.0,0.0,0,,False,False
1133346736,yes,1559766.0,5193110.0,0.0,0.0,0.0,0,,False,False
1133346737,yes,1559761.0,5193069.0,0.0,0.0,0.0,0,,False,False
1133346738,yes,1559736.0,5193075.0,0.0,0.0,0.0,0,,False,False
1133346741,yes,1559919.0,5193062.0,0.0,0.0,0.0,0,,False,False
1133346742,yes,1559955.0,5193103.0,0.0,0.0,0.0,0,,False,False
1133346743,yes,1560118.0,5193249.0,0.0,0.0,0.0,0,,False,False
1133346744,yes,1560112.0,5193218.0,0.0,0.0,0.0,0,,False,False
1133346745,yes,1560130.0,5193207.0,0.0,0.0,0.0,0,,False,False
1133346748,yes,1559621.0,5192801.0,0.0,0.0,0.0,0,,False,False
1134956700,yes,1559297.0,5193952.0,0.0,0.0,0.0,0,,False,False
1134956725,yes,1561955.0,5192766.0,0.0,0.0,0.0,0,,False,False
1134956726,yes,1562111.0,5192681.0,0.0,0.0,0.0,0,,False,False
1134956729,yes,1562251.0,5192635.0,0.0,0.0,0.0,0,,False,False
1134956730,yes,1562376.0,5192723.0,0.0,0.0,0.0,0,,False,False
1134956731,yes,1562391.0,5192711.0,0.0,0.0,0.0,0,,False,False
1134956736,yes,1562548.0,5192685.0,0.0,0.0,0.0,0,,False,False
1134956737,yes,1562548.0,5192679.0,0.0,0.0,0.0,0,,False,False
1171860219,roof,1562449.0,5196881.0,0.0,0.0,0.0,0,,False,False
1312549892,yes,1562374.0,5196881.0,0.0,0.0,0.0,0,,False,False
1312549898,shed,1562388.0,5196847.0,0.0,0.0,0.0,0,,False,False
1347035946,detached,1559371.0,5196942.0,0.0,0.0,0.0,0,,False,False
1347035947,yes,1559393.0,5196905.0,0.0,0.0,0.0,0,,False,False
1347035948,yes,1559583.0,5196835.0,0.0,0.0,0.0,0,,False,False
1347035949,yes,1559651.0,5196435.0,0.0,0.0,0.0,0,,False,False
1347035950,yes,1559678.0,5196457.0,0.0,0.0,0.0,0,,False,False
1347035951,yes,1559711.0,5196522.0,0.0,0.0,0.0,0,,False,False
1347035952,yes,1559695.0,5196514.0,0.0,0.0,0.0,0,,False,False
1347035953,yes,1559686.0,5196489.0,0.0,0.0,0.0,0,,False,False
1347035956,yes,1559536.0,5196370.0,0.0,0.0,0.0,0,,False,False
1347035957,detached,1560100.0,5195634.0,0.0,0.0,0.0,0,,False,False
1347035958,yes,1560060.0,5195659.0,0.0,0.0,0.0,0,,False,False
1347035959,yes,1560064.0,5195620.0,0.0,0.0,0.0,0,,False,False
1347035960,yes,1560085.0,5195681.0,0.0,0.0,0.0,0,,False,False
1347035961,detached,1560122.0,5195705.0,0.0,0.0,0.0,0,,False,False
1347035962,yes,1560108.0,5195693.0,0.0,0.0,0.0,0,,False,False
1347035963,detached,1560157.0,5195493.0,0.0,0.0,0.0,0,,False,False
1347035964,yes,1560155.0,5195467.0,0.0,0.0,0.0,0,,False,False
1347035965,detached,1560118.0,5195373.0,0.0,0.0,0.0,0,,False,False
1347035966,yes,1560103.0,5195345.0,0.0,0.0,0.0,0,,False,False
1347035967,yes,1560150.0,5195355.0,0.0,0.0,0.0,0,,False,False
1347035968,yes,1560172.0,5195322.0,0.0,0.0,0.0,0,,False,False
1347035969,detached,1560014.0,5195402.0,0.0,0.0,0.0,0,,False,False
1347035970,yes,1559981.0,5195385.0,0.0,0.0,0.0,0,,False,False
1347035971,yes,1559949.0,5195387.0,0.0,0.0,0.0,0,,False,False
1347035972,yes,1559944.0,5195298.0,0.0,0.0,0.0,0,,False,False
1347035973,yes,1559949.0,5195258.0,0.0,0.0,0.0,0,,False,False
1347035974,yes,1559974.0,5195219.0,0.0,0.0,0.0,0,,False,False
1347035975,detached,1560077.0,5195137.0,0.0,0.0,0.0,0,,False,False
1347035976,garage,1560045.0,5195115.0,0.0,0.0,0.0,0,,False,False
1347035977,detached,1559950.0,5195105.0,0.0,0.0,0.0,0,,False,False
1347035978,garage,1559951.0,5195077.0,0.0,0.0,0.0,0,,False,False
1347035979,yes,1559946.0,5195071.0,0.0,0.0,0.0,0,,False,False
1347035980,detached,1559893.0,5194561.0,0.0,0.0,0.0,0,,False,False
1347035981,yes,1559886.0,5194540.0,0.0,0.0,0.0,0,,False,False
1347035982,yes,1559865.0,5194514.0,0.0,0.0,0.0,0,,False,False
1347035983,detached,1559838.0,5194636.0,0.0,0.0,0.0,0,,False,False
1347035984,yes,1559801.0,5194600.0,0.0,0.0,0.0,0,,False,False
1347035985,detached,1559957.0,5194672.0,0.0,0.0,0.0,0,,False,False
1347035986,garage,1559990.0,5194692.0,0.0,0.0,0.0,0,,False,False
1347035987,yes,1560001.0,5194665.0,0.0,0.0,0.0,0,,False,False
1347035988,yes,1559789.0,5194853.0,0.0,0.0,0.0,0,,False,False
1347035989,yes,1559890.0,5194868.0,0.0,0.0,0.0,0,,False,False
1347035990,yes,1559887.0,5194807.0,0.0,0.0,0.0,0,,False,False
1347035991,detached,1559893.0,5194819.0,0.0,0.0,0.0,0,,False,False
1347035992,yes,1559913.0,5194850.0,0.0,0.0,0.0,0,,False,False
1347035993,detached,1559915.0,5194912.0,0.0,0.0,0.0,0,,False,False
1347035994,detached,1559983.0,5194900.0,0.0,0.0,0.0,0,,False,False
1347035995,garage,1559983.0,5194879.0,0.0,0.0,0.0,0,,False,False
1347035996,yes,1560024.0,5194876.0,0.0,0.0,0.0,0,,False,False
1366749152,yes,1562506.0,5197337.0,0.0,0.0,0.0,0,,False,False
1366749153,yes,1562476.0,5197222.0,0.0,0.0,0.0,0,,False,False
1366749155,yes,1562436.0,5197444.0,0.0,0.0,0.0,0,,False,False
1366749156,yes,1562443.0,5197418.0,0.0,0.0,0.0,0,,False,False
1366749158,yes,1562526.0,5197664.0,0.0,0.0,0.0,0,,False,False
1366749159,yes,1562476.0,5197640.0,0.0,0.0,0.0,0,,False,False
1366749160,yes,1562418.0,5197735.0,0.0,0.0,0.0,0,,False,False
1366749161,yes,1562402.0,5197870.0,0.0,0.0,0.0,0,,False,False
1366749162,yes,1562410.0,5197859.0,0.0,0.0,0.0,0,,False,False
1366749163,yes,1562364.0,5197856.0,0.0,0.0,0.0,0,,False,False
1366749164,yes,1562255.0,5197644.0,0.0,0.0,0.0,0,,False,False
1366749165,yes,1562267.0,5197602.0,0.0,0.0,0.0,0,,False,False
1366749166,yes,1562301.0,5197471.0,0.0,0.0,0.0,0,,False,False
1366749167,yes,1562179.0,5197544.0,0.0,0.0,0.0,0,,False,False
1366749168,yes,1561971.0,5197554.0,0.0,0.0,0.0,0,,False,False
1366749169,yes,1561994.0,5197550.0,0.0,0.0,0.0,0,,False,False
1366749170,yes,1561984.0,5197486.0,0.0,0.0,0.0,0,,False,False
1366749171,yes,1561962.0,5197429.0,0.0,0.0,0.0,0,,False,False
1366749172,yes,1562005.0,5197419.0,0.0,0.0,0.0,0,,False,False
1366749173,yes,1561894.0,5197389.0,0.0,0.0,0.0,0,,False,False
1366749174,yes,1562213.0,5197890.0,0.0,0.0,0.0,0,,False,False
1366749175,yes,1561972.0,5197782.0,0.0,0.0,0.0,0,,False,False
1366749176,yes,1561951.0,5197679.0,0.0,0.0,0.0,0,,False,False
1366749177,yes,1561953.0,5197879.0,0.0,0.0,0.0,0,,False,False
1366749178,yes,1561931.0,5197888.0,0.0,0.0,0.0,0,,False,False
1366749179,yes,1561922.0,5198039.0,0.0,0.0,0.0,0,,False,False
1366749180,yes,1561829.0,5197911.0,0.0,0.0,0.0,0,,False,False
1366749181,yes,1561797.0,5197894.0,0.0,0.0,0.0,0,,False,False
1366749182,yes,1561779.0,5197941.0,0.0,0.0,0.0,0,,False,False
1366749183,yes,1561804.0,5198040.0,0.0,0.0,0.0,0,,False,False
1366749184,yes,1561683.0,5197922.0,0.0,0.0,0.0,0,,False,False
1366749185,yes,1561761.0,5197758.0,0.0,0.0,0.0,0,,False,False
1366749186,yes,1561708.0,5197665.0,0.0,0.0,0.0,0,,False,False
1366749187,yes,1561459.0,5197568.0,0.0,0.0,0.0,0,,False,False
1366749188,yes,1561455.0,5197545.0,0.0,0.0,0.0,0,,False,False
1366749189,yes,1561678.0,5197484.0,0.0,0.0,0.0,0,,False,False
1366749190,yes,1561621.0,5197238.0,0.0,0.0,0.0,0,,False,False
1366749191,yes,1561677.0,5197268.0,0.0,0.0,0.0,0,,False,False
1366749192,yes,1561423.0,5197179.0,0.0,0.0,0.0,0,,False,False
1366749193,yes,1561499.0,5197156.0,0.0,0.0,0.0,0,,False,False
1366749194,yes,1561445.0,5197109.0,0.0,0.0,0.0,0,,False,False
1366749195,yes,1561376.0,5196987.0,0.0,0.0,0.0,0,,False,False
1366749196,yes,1561356.0,5196978.0,0.0,0.0,0.0,0,,False,False
1366749197,yes,1561314.0,5197038.0,0.0,0.0,0.0,0,,False,False
1366749198,yes,1561353.0,5197029.0,0.0,0.0,0.0,0,,False,False
1366749199,yes,1561339.0,5197081.0,0.0,0.0,0.0,0,,False,False
1366749200,yes,1561309.0,5197095.0,0.0,0.0,0.0,0,,False,False
1366749201,yes,1561311.0,5197105.0,0.0,0.0,0.0,0,,False,False
1366749202,yes,1561291.0,5197101.0,0.0,0.0,0.0,0,,False,False
1366749203,yes,1561386.0,5197133.0,0.0,0.0,0.0,0,,False,False
1366749204,yes,1561317.0,5197188.0,0.0,0.0,0.0,0,,False,False
1366749205,yes,1561326.0,5197204.0,0.0,0.0,0.0,0,,False,False
1366749206,yes,1561331.0,5197214.0,0.0,0.0,0.0,0,,False,False
1366749207,yes,1561339.0,5197188.0,0.0,0.0,0.0,0,,False,False
1366749208,yes,1561383.0,5197349.0,0.0,0.0,0.0,0,,False,False
1366749209,yes,1561260.0,5197230.0,0.0,0.0,0.0,0,,False,False
1366749210,yes,1561244.0,5197205.0,0.0,0.0,0.0,0,,False,False
1366749211,yes,1561222.0,5197139.0,0.0,0.0,0.0,0,,False,False
1366749212,yes,1561235.0,5197370.0,0.0,0.0,0.0,0,,False,False
1366749213,yes,1561073.0,5197206.0,0.0,0.0,0.0,0,,False,False
1366749214,yes,1561200.0,5197426.0,0.0,0.0,0.0,0,,False,False
1366749215,yes,1561174.0,5197409.0,0.0,0.0,0.0,0,,False,False
1366749216,yes,1561263.0,5197439.0,0.0,0.0,0.0,0,,False,False
1366749217,yes,1561312.0,5197467.0,0.0,0.0,0.0,0,,False,False
1366749218,yes,1561281.0,5197557.0,0.0,0.0,0.0,0,,False,False
1366749219,yes,1561406.0,5197521.0,0.0,0.0,0.0,0,,False,False
1366749220,yes,1561415.0,5197454.0,0.0,0.0,0.0,0,,False,False
1366749221,yes,1561408.0,5197430.0,0.0,0.0,0.0,0,,False,False
1366749222,yes,1561442.0,5197398.0,0.0,0.0,0.0,0,,False,False
1366749223,yes,1561475.0,5197385.0,0.0,0.0,0.0,0,,False,False
1366749224,yes,1561399.0,5197622.0,0.0,0.0,0.0,0,,False,False
1366749225,yes,1561375.0,5197637.0,0.0,0.0,0.0,0,,False,False
1366749226,yes,1561381.0,5197736.0,0.0,0.0,0.0,0,,False,False
1366749227,yes,1561365.0,5197714.0,0.0,0.0,0.0,0,,False,False
1366749228,yes,1561277.0,5197657.0,0.0,0.0,0.0,0,,False,False
1366749229,yes,1561279.0,5197631.0,0.0,0.0,0.0,0,,False,False
1366749230,yes,1561310.0,5197646.0,0.0,0.0,0.0,0,,False,False
1366749231,yes,1561212.0,5197514.0,0.0,0.0,0.0,0,,False,False
1366749232,yes,1561462.0,5197797.0,0.0,0.0,0.0,0,,False,False
1366749233,yes,1561360.0,5197811.0,0.0,0.0,0.0,0,,False,False
1366749234,yes,1561284.0,5197804.0,0.0,0.0,0.0,0,,False,False
1366749235,yes,1561196.0,5197705.0,0.0,0.0,0.0,0,,False,False
1366749236,yes,1561144.0,5197611.0,0.0,0.0,0.0,0,,False,False
1366749237,yes,1561215.0,5197813.0,0.0,0.0,0.0,0,,False,False
1366749238,yes,1561167.0,5197789.0,0.0,0.0,0.0,0,,False,False
1366749239,yes,1561095.0,5197522.0,0.0,0.0,0.0,0,,False,False
1366749240,yes,1561083.0,5197453.0,0.0,0.0,0.0,0,,False,False
1366749241,yes,1561007.0,5197446.0,0.0,0.0,0.0,0,,False,False
1366749242,yes,1560992.0,5197450.0,0.0,0.0,0.0,0,,False,False
1366749243,yes,1561011.0,5197725.0,0.0,0.0,0.0,0,,False,False
1366749244,yes,1561032.0,5197330.0,0.0,0.0,0.0,0,,False,False
1366749245,yes,1560894.0,5197153.0,0.0,0.0,0.0,0,,False,False
1366749246,yes,1560942.0,5197132.0,0.0,0.0,0.0,0,,False,False
1366749247,yes,1560908.0,5197084.0,0.0,0.0,0.0,0,,False,False
1366749248,yes,1560905.0,5197075.0,0.0,0.0,0.0,0,,False,False
1366749249,yes,1560887.0,5196890.0,0.0,0.0,0.0,0,,False,False
1366749250,yes,1560794.0,5196832.0,0.0,0.0,0.0,0,,False,False
1366749251,yes,1560805.0,5196826.0,0.0,0.0,0.0,0,,False,False
1366749252,yes,1560816.0,5196830.0,0.0,0.0,0.0,0,,False,False
1366749253,yes,1560833.0,5196820.0,0.0,0.0,0.0,0,,False,False
1366749254,yes,1560912.0,5196815.0,0.0,0.0,0.0,0,,False,False
1366749255,yes,1560801.0,5196770.0,0.0,0.0,0.0,0,,False,False
1366749256,yes,1560814.0,5196769.0,0.0,0.0,0.0,0,,False,False
1366749257,yes,1560762.0,5196711.0,0.0,0.0,0.0,0,,False,False
1366749258,yes,1560740.0,5196705.0,0.0,0.0,0.0,0,,False,False
1366749259,yes,1560850.0,5196645.0,0.0,0.0,0.0,0,,False,False
1366749260,yes,1560892.0,5196651.0,0.0,0.0,0.0,0,,False,False
1366749261,yes,1560954.0,5196685.0,0.0,0.0,0.0,0,,False,False
1366749262,yes,1560996.0,5196738.0,0.0,0.0,0.0,0,,False,False
1366749263,yes,1560940.0,5196660.0,0.0,0.0,0.0,0,,False,False
1366749264,yes,1560949.0,5196650.0,0.0,0.0,0.0,0,,False,False
1366749265,yes,1560922.0,5196469.0,0.0,0.0,0.0,0,,False,False
1366749266,yes,1560923.0,5196452.0,0.0,0.0,0.0,0,,False,False
1366749267,yes,1560904.0,5196443.0,0.0,0.0,0.0,0,,False,False
1366749268,yes,1560856.0,5196373.0,0.0,0.0,0.0,0,,False,False
1366749269,yes,1560892.0,5196389.0,0.0,0.0,0.0,0,,False,False
1366749270,yes,1560910.0,5196402.0,0.0,0.0,0.0,0,,False,False
1366749271,yes,1560946.0,5196389.0,0.0,0.0,0.0,0,,False,False
1366749272,yes,1561005.0,5196398.0,0.0,0.0,0.0,0,,False,False
1366749273,yes,1561042.0,5196407.0,0.0,0.0,0.0,0,,False,False
1366749274,yes,1561064.0,5196413.0,0.0,0.0,0.0,0,,False,False
1366749275,yes,1561052.0,5196353.0,0.0,0.0,0.0,0,,False,False
1366749276,yes,1561049.0,5196334.0,0.0,0.0,0.0,0,,False,False
1366749277,yes,1561170.0,5196438.0,0.0,0.0,0.0,0,,False,False
1366749278,yes,1561101.0,5196263.0,0.0,0.0,0.0,0,,False,False
1366749279,yes,1561107.0,5196239.0,0.0,0.0,0.0,0,,False,False
1366749280,yes,1561171.0,5196324.0,0.0,0.0,0.0,0,,False,False
1366749281,yes,1561068.0,5196135.0,0.0,0.0,0.0,0,,False,False
1366749282,yes,1561066.0,5196115.0,0.0,0.0,0.0,0,,False,False
1366749283,yes,1561009.0,5196111.0,0.0,0.0,0.0,0,,False,False
1366749284,yes,1560992.0,5196131.0,0.0,0.0,0.0,0,,False,False
1366749285,yes,1561134.0,5196516.0,0.0,0.0,0.0,0,,False,False
1366749286,yes,1561106.0,5196544.0,0.0,0.0,0.0,0,,False,False
1366749287,yes,1560889.0,5196286.0,0.0,0.0,0.0,0,,False,False
1366749288,yes,1560904.0,5196265.0,0.0,0.0,0.0,0,,False,False
1366749289,yes,1560859.0,5196254.0,0.0,0.0,0.0,0,,False,False
1366749290,yes,1560923.0,5196249.0,0.0,0.0,0.0,0,,False,False
1366749291,yes,1560915.0,5196232.0,0.0,0.0,0.0,0,,False,False
1366749292,yes,1560949.0,5196226.0,0.0,0.0,0.0,0,,False,False
1366749293,yes,1560932.0,5196196.0,0.0,0.0,0.0,0,,False,False
1366749294,yes,1560900.0,5196154.0,0.0,0.0,0.0,0,,False,False
1366749295,yes,1560854.0,5196187.0,0.0,0.0,0.0,0,,False,False
1366749296,yes,1560871.0,5196141.0,0.0,0.0,0.0,0,,False,False
1366749297,yes,1560801.0,5196096.0,0.0,0.0,0.0,0,,False,False
1366749298,yes,1560769.0,5196156.0,0.0,0.0,0.0,0,,False,False
1366749299,yes,1560722.0,5196145.0,0.0,0.0,0.0,0,,False,False
1366749300,yes,1560747.0,5196197.0,0.0,0.0,0.0,0,,False,False
1366749301,yes,1560775.0,5196213.0,0.0,0.0,0.0,0,,False,False
1366749302,yes,1560777.0,5196271.0,0.0,0.0,0.0,0,,False,False
1366749303,yes,1560733.0,5196093.0,0.0,0.0,0.0,0,,False,False
1366749304,yes,1560735.0,5196060.0,0.0,0.0,0.0,0,,False,False
1366749305,yes,1560770.0,5196070.0,0.0,0.0,0.0,0,,False,False
1366749306,yes,1560650.0,5196052.0,0.0,0.0,0.0,0,,False,False
1366749307,yes,1560671.0,5196155.0,0.0,0.0,0.0,0,,False,False
1366749308,yes,1560632.0,5196284.0,0.0,0.0,0.0,0,,False,False
1366750192,yes,1560645.0,5196078.0,0.0,0.0,0.0,0,,False,False
1366750193,yes,1560831.0,5196359.0,0.0,0.0,0.0,0,,False,False
1366750194,yes,1560794.0,5196357.0,0.0,0.0,0.0,0,,False,False
1366750195,yes,1560764.0,5196401.0,0.0,0.0,0.0,0,,False,False
1366750196,yes,1560769.0,5196425.0,0.0,0.0,0.0,0,,False,False
1366750197,yes,1560784.0,5196440.0,0.0,0.0,0.0,0,,False,False
1366750198,yes,1560731.0,5196435.0,0.0,0.0,0.0,0,,False,False
1366750199,yes,1560688.0,5196410.0,0.0,0.0,0.0,0,,False,False
1366750200,yes,1560664.0,5196408.0,0.0,0.0,0.0,0,,False,False
1366750201,yes,1560773.0,5196526.0,0.0,0.0,0.0,0,,False,False
1366750202,yes,1560705.0,5196494.0,0.0,0.0,0.0,0,,False,False
1366750203,yes,1560676.0,5196562.0,0.0,0.0,0.0,0,,False,False
1366750204,yes,1560710.0,5196584.0,0.0,0.0,0.0,0,,False,False
1366750205,yes,1560712.0,5196667.0,0.0,0.0,0.0,0,,False,False
1366750206,yes,1560658.0,5196609.0,0.0,0.0,0.0,0,,False,False
1366750207,yes,1560805.0,5196700.0,0.0,0.0,0.0,0,,False,False
1366750208,yes,1560708.0,5196791.0,0.0,0.0,0.0,0,,False,False
1366750209,yes,1560652.0,5196705.0,0.0,0.0,0.0,0,,False,False
1366750210,yes,1560585.0,5196834.0,0.0,0.0,0.0,0,,False,False
1366750211,yes,1560430.0,5196826.0,0.0,0.0,0.0,0,,False,False
1366750212,yes,1560626.0,5197232.0,0.0,0.0,0.0,0,,False,False
1366750213,yes,1560655.0,5197217.0,0.0,0.0,0.0,0,,False,False
1366750214,yes,1560939.0,5196101.0,0.0,0.0,0.0,0,,False,False
1366750215,yes,1560976.0,5196082.0,0.0,0.0,0.0,0,,False,False
1366750216,yes,1561044.0,5196059.0,0.0,0.0,0.0,0,,False,False
1366750217,yes,1561023.0,5195999.0,0.0,0.0,0.0,0,,False,False
1366750218,yes,1560988.0,5196000.0,0.0,0.0,0.0,0,,False,False
1366750219,yes,1560975.0,5196016.0,0.0,0.0,0.0,0,,False,False
1366750220,yes,1560955.0,5196032.0,0.0,0.0,0.0,0,,False,False
1366750221,yes,1560863.0,5195998.0,0.0,0.0,0.0,0,,False,False
1366750222,yes,1560872.0,5195975.0,0.0,0.0,0.0,0,,False,False
1366750223,yes,1560828.0,5195928.0,0.0,0.0,0.0,0,,False,False
1366750224,yes,1560845.0,5195876.0,0.0,0.0,0.0,0,,False,False
1366750225,yes,1560894.0,5195912.0,0.0,0.0,0.0,0,,False,False
1366750226,yes,1560874.0,5195840.0,0.0,0.0,0.0,0,,False,False
1366750227,yes,1560895.0,5195893.0,0.0,0.0,0.0,0,,False,False
1366750228,yes,1560895.0,5195814.0,0.0,0.0,0.0,0,,False,False
1366750229,yes,1560861.0,5195777.0,0.0,0.0,0.0,0,,False,False
1366750230,yes,1560910.0,5195766.0,0.0,0.0,0.0,0,,False,False
1366750231,yes,1560928.0,5195747.0,0.0,0.0,0.0,0,,False,False
1366750232,yes,1560953.0,5195805.0,0.0,0.0,0.0,0,,False,False
1366750233,yes,1560974.0,5195850.0,0.0,0.0,0.0,0,,False,False
1366750234,yes,1560958.0,5195765.0,0.0,0.0,0.0,0,,False,False
1366750235,yes,1561024.0,5195784.0,0.0,0.0,0.0,0,,False,False
1366750236,yes,1561014.0,5195731.0,0.0,0.0,0.0,0,,False,False
1366750237,yes,1561040.0,5195703.0,0.0,0.0,0.0,0,,False,False
1366750238,yes,1561083.0,5195698.0,0.0,0.0,0.0,0,,False,False
1366750239,yes,1561091.0,5195746.0,0.0,0.0,0.0,0,,False,False
1366750240,yes,1561157.0,5195878.0,0.0,0.0,0.0,0,,False,False
1366750241,yes,1561073.0,5195849.0,0.0,0.0,0.0,0,,False,False
1366750242,yes,1561095.0,5195878.0,0.0,0.0,0.0,0,,False,False
1366750243,yes,1561087.0,5195895.0,0.0,0.0,0.0,0,,False,False
1366750244,yes,1561136.0,5195941.0,0.0,0.0,0.0,0,,False,False
1366750245,yes,1561177.0,5195932.0,0.0,0.0,0.0,0,,False,False
1366750246,yes,1561249.0,5195933.0,0.0,0.0,0.0,0,,False,False
1366750247,yes,1561203.0,5196003.0,0.0,0.0,0.0,0,,False,False
1366750248,yes,1561274.0,5195980.0,0.0,0.0,0.0,0,,False,False
1366750249,yes,1561286.0,5195963.0,0.0,0.0,0.0,0,,False,False
1366750250,yes,1561222.0,5195843.0,0.0,0.0,0.0,0,,False,False
1366750251,yes,1561263.0,5195819.0,0.0,0.0,0.0,0,,False,False
1366750252,yes,1561244.0,5195788.0,0.0,0.0,0.0,0,,False,False
1366750253,yes,1561196.0,5195753.0,0.0,0.0,0.0,0,,False,False
1366750254,yes,1561171.0,5195718.0,0.0,0.0,0.0,0,,False,False
1366750255,yes,1561175.0,5195696.0,0.0,0.0,0.0,0,,False,False
1366750256,yes,1561184.0,5195656.0,0.0,0.0,0.0,0,,False,False
1366750257,yes,1561357.0,5195904.0,0.0,0.0,0.0,0,,False,False
1366750258,yes,1561317.0,5196019.0,0.0,0.0,0.0,0,,False,False
1366750259,yes,1561350.0,5196071.0,0.0,0.0,0.0,0,,False,False
1366750260,yes,1561371.0,5196078.0,0.0,0.0,0.0,0,,False,False
1366750261,yes,1561341.0,5196128.0,0.0,0.0,0.0,0,,False,False
1366750263,yes,1561364.0,5196090.0,0.0,0.0,0.0,0,,False,False
1366750264,yes,1561368.0,5196185.0,0.0,0.0,0.0,0,,False,False
1366750265,yes,1561394.0,5196250.0,0.0,0.0,0.0,0,,False,False
1366750266,yes,1561405.0,5196243.0,0.0,0.0,0.0,0,,False,False
1366750267,yes,1561219.0,5196057.0,0.0,0.0,0.0,0,,False,False
1366750268,yes,1561204.0,5196043.0,0.0,0.0,0.0,0,,False,False
1366750269,yes,1561228.0,5196104.0,0.0,0.0,0.0,0,,False,False
1366750270,yes,1561272.0,5196192.0,0.0,0.0,0.0,0,,False,False
1366750271,yes,1561282.0,5196239.0,0.0,0.0,0.0,0,,False,False
1366750272,yes,1561242.0,5196235.0,0.0,0.0,0.0,0,,False,False
1366750273,yes,1561068.0,5195914.0,0.0,0.0,0.0,0,,False,False
1366750274,yes,1561091.0,5195969.0,0.0,0.0,0.0,0,,False,False
1366750275,yes,1561117.0,5196035.0,0.0,0.0,0.0,0,,False,False
1366750276,yes,1561134.0,5196088.0,0.0,0.0,0.0,0,,False,False
1366750277,yes,1561167.0,5196072.0,0.0,0.0,0.0,0,,False,False
1366750278,yes,1561178.0,5196112.0,0.0,0.0,0.0,0,,False,False
1366750279,yes,1561170.0,5196142.0,0.0,0.0,0.0,0,,False,False
1366750280,yes,1561205.0,5196211.0,0.0,0.0,0.0,0,,False,False
1366750281,yes,1561234.0,5196302.0,0.0,0.0,0.0,0,,False,False
1366750282,yes,1561307.0,5196304.0,0.0,0.0,0.0,0,,False,False
1366750283,yes,1561258.0,5196304.0,0.0,0.0,0.0,0,,False,False
1366750284,yes,1561255.0,5196368.0,0.0,0.0,0.0,0,,False,False
1366750285,yes,1561338.0,5196351.0,0.0,0.0,0.0,0,,False,False
1366751261,yes,1562511.0,5195189.0,0.0,0.0,0.0,0,,False,False
1366751262,yes,1562524.0,5195164.0,0.0,0.0,0.0,0,,False,False
1366751263,yes,1562541.0,5195156.0,0.0,0.0,0.0,0,,False,False
1366751265,yes,1562442.0,5195051.0,0.0,0.0,0.0,0,,False,False
1366751266,yes,1562418.0,5195028.0,0.0,0.0,0.0,0,,False,False
1366751267,yes,1562428.0,5195012.0,0.0,0.0,0.0,0,,False,False
1366751268,yes,1562324.0,5195250.0,0.0,0.0,0.0,0,,False,False
1366751269,yes,1562367.0,5195252.0,0.0,0.0,0.0,0,,False,False
1366751270,yes,1562378.0,5195230.0,0.0,0.0,0.0,0,,False,False
1366751271,yes,1562395.0,5195224.0,0.0,0.0,0.0,0,,False,False
1366751272,yes,1562407.0,5195253.0,0.0,0.0,0.0,0,,False,False
1366751273,yes,1562215.0,5195151.0,0.0,0.0,0.0,0,,False,False
1366751274,yes,1562217.0,5195125.0,0.0,0.0,0.0,0,,False,False
1366751275,yes,1562195.0,5195108.0,0.0,0.0,0.0,0,,False,False
1366751276,yes,1562192.0,5195132.0,0.0,0.0,0.0,0,,False,False
1366751277,yes,1562168.0,5195134.0,0.0,0.0,0.0,0,,False,False
1366751278,yes,1562153.0,5195154.0,0.0,0.0,0.0,0,,False,False
1366751279,yes,1562396.0,5195629.0,0.0,0.0,0.0,0,,False,False
1366751280,yes,1562311.0,5195692.0,0.0,0.0,0.0,0,,False,False
1366751281,yes,1562425.0,5195866.0,0.0,0.0,0.0,0,,False,False
1366751282,yes,1562328.0,5195829.0,0.0,0.0,0.0,0,,False,False
1366751283,yes,1562286.0,5195759.0,0.0,0.0,0.0,0,,False,False
1366751284,yes,1562524.0,5195956.0,0.0,0.0,0.0,0,,False,False
1366751285,yes,1562427.0,5196071.0,0.0,0.0,0.0,0,,False,False
1366751286,yes,1562396.0,5196082.0,0.0,0.0,0.0,0,,False,False
1366751287,yes,1562365.0,5196061.0,0.0,0.0,0.0,0,,False,False
1366751288,yes,1562222.0,5196159.0,0.0,0.0,0.0,0,,False,False
1366751289,yes,1562210.0,5196091.0,0.0,0.0,0.0,0,,False,False
1366751290,yes,1562174.0,5195884.0,0.0,0.0,0.0,0,,False,False
1366751291,yes,1562177.0,5195815.0,0.0,0.0,0.0,0,,False,False
1366751301,yes,1562513.0,5196624.0,0.0,0.0,0.0,0,,False,False
1366751309,yes,1562529.0,5196565.0,0.0,0.0,0.0,0,,False,False
1366751310,yes,1562431.0,5196692.0,0.0,0.0,0.0,0,,False,False
1366751311,yes,1562400.0,5196831.0,0.0,0.0,0.0,0,,False,False
1366751312,yes,1562303.0,5196726.0,0.0,0.0,0.0,0,,False,False
1366751313,yes,1562253.0,5196668.0,0.0,0.0,0.0,0,,False,False
1366751314,yes,1562377.0,5196974.0,0.0,0.0,0.0,0,,False,False
1366751315,yes,1562346.0,5196969.0,0.0,0.0,0.0,0,,False,False
1366751316,yes,1562262.0,5196804.0,0.0,0.0,0.0,0,,False,False
1366751317,yes,1562142.0,5196670.0,0.0,0.0,0.0,0,,False,False
1366751318,yes,1562113.0,5196659.0,0.0,0.0,0.0,0,,False,False
1366751319,yes,1562095.0,5196697.0,0.0,0.0,0.0,0,,False,False
1366751320,yes,1562125.0,5196705.0,0.0,0.0,0.0,0,,False,False
1366751321,yes,1562157.0,5196898.0,0.0,0.0,0.0,0,,False,False
1366751322,yes,1562057.0,5196555.0,0.0,0.0,0.0,0,,False,False
1366751323,yes,1562199.0,5196537.0,0.0,0.0,0.0,0,,False,False
1366751324,yes,1562168.0,5196534.0,0.0,0.0,0.0,0,,False,False
1366751325,yes,1561929.0,5196420.0,0.0,0.0,0.0,0,,False,False
1366751326,yes,1561972.0,5196478.0,0.0,0.0,0.0,0,,False,False
1366751327,yes,1561759.0,5196492.0,0.0,0.0,0.0,0,,False,False
1366751328,yes,1561695.0,5196463.0,0.0,0.0,0.0,0,,False,False
1366751329,yes,1561653.0,5196255.0,0.0,0.0,0.0,0,,False,False
1366751330,yes,1561683.0,5196224.0,0.0,0.0,0.0,0,,False,False
1366751331,yes,1561762.0,5196171.0,0.0,0.0,0.0,0,,False,False
1366751332,yes,1561652.0,5196178.0,0.0,0.0,0.0,0,,False,False
1366751333,yes,1561608.0,5196309.0,0.0,0.0,0.0,0,,False,False
1366751334,yes,1561574.0,5196419.0,0.0,0.0,0.0,0,,False,False
1366751335,yes,1561585.0,5196753.0,0.0,0.0,0.0,0,,False,False
1366751336,yes,1561620.0,5196768.0,0.0,0.0,0.0,0,,False,False
1366751337,yes,1561631.0,5196672.0,0.0,0.0,0.0,0,,False,False
1366751338,yes,1561614.0,5196669.0,0.0,0.0,0.0,0,,False,False
1366751339,yes,1561428.0,5196395.0,0.0,0.0,0.0,0,,False,False
1366751340,yes,1561865.0,5195890.0,0.0,0.0,0.0,0,,False,False
1366751342,garage,1561699.0,5196022.0,0.0,0.0,0.0,0,,False,False
1366751344,yes,1561469.0,5195801.0,0.0,0.0,0.0,0,,False,False
1366751345,garage,1561438.0,5195722.0,0.0,0.0,0.0,0,,False,False
1366751347,yes,1561445.0,5195730.0,0.0,0.0,0.0,0,,False,False
1366751348,yes,1561332.0,5195525.0,0.0,0.0,0.0,0,,False,False
1366751350,yes,1560967.0,5195632.0,0.0,0.0,0.0,0,,False,False
1366751351,yes,1561014.0,5195956.0,0.0,0.0,0.0,0,,False,False
1366751352,yes,1561008.0,5195933.0,0.0,0.0,0.0,0,,False,False
1366751353,yes,1560742.0,5195573.0,0.0,0.0,0.0,0,,False,False
1366751354,yes,1560743.0,5195552.0,0.0,0.0,0.0,0,,False,False
1366751355,yes,1560700.0,5195543.0,0.0,0.0,0.0,0,,False,False
1366751356,yes,1560726.0,5195513.0,0.0,0.0,0.0,0,,False,False
1366751357,yes,1560728.0,5195494.0,0.0,0.0,0.0,0,,False,False
1366751358,yes,1560737.0,5195470.0,0.0,0.0,0.0,0,,False,False
1366751359,yes,1560831.0,5195772.0,0.0,0.0,0.0,0,,False,False
1366751360,yes,1560801.0,5195800.0,0.0,0.0,0.0,0,,False,False
1366751361,yes,1560737.0,5195844.0,0.0,0.0,0.0,0,,False,False
1366751362,yes,1560633.0,5195052.0,0.0,0.0,0.0,0,,False,False
1366751363,yes,1560684.0,5195062.0,0.0,0.0,0.0,0,,False,False
1366751364,yes,1560656.0,5195033.0,0.0,0.0,0.0,0,,False,False
1366751365,yes,1560648.0,5194994.0,0.0,0.0,0.0,0,,False,False
1366751366,yes,1560679.0,5194971.0,0.0,0.0,0.0,0,,False,False
1366751367,yes,1560691.0,5194993.0,0.0,0.0,0.0,0,,False,False
1366751368,yes,1560687.0,5195017.0,0.0,0.0,0.0,0,,False,False
1366751369,yes,1560726.0,5195010.0,0.0,0.0,0.0,0,,False,False
1366751370,yes,1560723.0,5194990.0,0.0,0.0,0.0,0,,False,False
1366751371,yes,1560718.0,5194941.0,0.0,0.0,0.0,0,,False,False
1366751372,yes,1560715.0,5194919.0,0.0,0.0,0.0,0,,False,False
1366751373,yes,1560726.0,5194694.0,0.0,0.0,0.0,0,,False,False
1366751374,yes,1560742.0,5194673.0,0.0,0.0,0.0,0,,False,False
1366751375,yes,1560697.0,5194835.0,0.0,0.0,0.0,0,,False,False
1366751376,yes,1561683.0,5195151.0,0.0,0.0,0.0,0,,False,False
1366751377,yes,1561717.0,5195135.0,0.0,0.0,0.0,0,,False,False
1366751378,yes,1561839.0,5195277.0,0.0,0.0,0.0,0,,False,False
1366751379,yes,1561930.0,5195174.0,0.0,0.0,0.0,0,,False,False
1366751380,yes,1561966.0,5195188.0,0.0,0.0,0.0,0,,False,False
1366751381,yes,1561976.0,5195207.0,0.0,0.0,0.0,0,,False,False
1366751382,yes,1561999.0,5195223.0,0.0,0.0,0.0,0,,False,False
1366751383,yes,1561983.0,5195187.0,0.0,0.0,0.0,0,,False,False
1366751384,yes,1561990.0,5195173.0,0.0,0.0,0.0,0,,False,False
1366751385,yes,1562070.0,5195197.0,0.0,0.0,0.0,0,,False,False
1366751386,yes,1562091.0,5195176.0,0.0,0.0,0.0,0,,False,False
1366751387,yes,1562090.0,5195154.0,0.0,0.0,0.0,0,,False,False
1366751899,yes,1562003.0,5194980.0,0.0,0.0,0.0,0,,False,False
1366751900,yes,1561983.0,5195007.0,0.0,0.0,0.0,0,,False,False
1366751901,yes,1561965.0,5194973.0,0.0,0.0,0.0,0,,False,False
1366751902,yes,1561949.0,5194844.0,0.0,0.0,0.0,0,,False,False
1366751903,yes,1562001.0,5194957.0,0.0,0.0,0.0,0,,False,False
1366751904,yes,1562030.0,5194958.0,0.0,0.0,0.0,0,,False,False
1366751905,yes,1562055.0,5194935.0,0.0,0.0,0.0,0,,False,False
1366751906,yes,1562086.0,5194828.0,0.0,0.0,0.0,0,,False,False
1366751907,yes,1562075.0,5194804.0,0.0,0.0,0.0,0,,False,False
1366751908,yes,1562048.0,5194811.0,0.0,0.0,0.0,0,,False,False
1366751909,yes,1562045.0,5194831.0,0.0,0.0,0.0,0,,False,False
1366751910,yes,1561911.0,5194768.0,0.0,0.0,0.0,0,,False,False
1366751911,yes,1561857.0,5194721.0,0.0,0.0,0.0,0,,False,False
1366751912,yes,1561801.0,5194650.0,0.0,0.0,0.0,0,,False,False
1366751930,yes,1562511.0,5194760.0,0.0,0.0,0.0,0,,False,False
1366751931,yes,1562404.0,5194693.0,0.0,0.0,0.0,0,,False,False
1366751932,yes,1562391.0,5194708.0,0.0,0.0,0.0,0,,False,False
1366752024,yes,1562191.0,5193034.0,0.0,0.0,0.0,0,,False,False
1366752025,yes,1562229.0,5193008.0,0.0,0.0,0.0,0,,False,False
1366752026,yes,1562248.0,5192999.0,0.0,0.0,0.0,0,,False,False
1366752027,yes,1562223.0,5192989.0,0.0,0.0,0.0,0,,False,False
1366752028,yes,1562307.0,5193024.0,0.0,0.0,0.0,0,,False,False
1366752029,yes,1562298.0,5193007.0,0.0,0.0,0.0,0,,False,False
1366752030,yes,1562307.0,5192993.0,0.0,0.0,0.0,0,,False,False
1366752031,yes,1562319.0,5192996.0,0.0,0.0,0.0,0,,False,False
1366752032,yes,1562544.0,5193075.0,0.0,0.0,0.0,0,,False,False
1367207105,yes,1562408.0,5192678.0,0.0,0.0,0.0,0,,False,False
1367207106,yes,1562339.0,5192694.0,0.0,0.0,0.0,0,,False,False
1367207107,yes,1562219.0,5192590.0,0.0,0.0,0.0,0,,False,False
1367207108,yes,1562099.0,5192593.0,0.0,0.0,0.0,0,,False,False
1367207109,yes,1562115.0,5192662.0,0.0,0.0,0.0,0,,False,False
1367207110,yes,1561416.0,5193038.0,0.0,0.0,0.0,0,,False,False
1367207111,yes,1561479.0,5193046.0,0.0,0.0,0.0,0,,False,False
1367207112,yes,1561115.0,5193121.0,0.0,0.0,0.0,0,,False,False
1367207113,yes,1561077.0,5193086.0,0.0,0.0,0.0,0,,False,False
1367207114,yes,1561091.0,5193083.0,0.0,0.0,0.0,0,,False,False
1367207115,yes,1561837.0,5193331.0,0.0,0.0,0.0,0,,False,False
1367207116,yes,1561808.0,5193338.0,0.0,0.0,0.0,0,,False,False
1367207117,yes,1561819.0,5193318.0,0.0,0.0,0.0,0,,False,False
1367207118,yes,1561841.0,5193312.0,0.0,0.0,0.0,0,,False,False
1367207119,yes,1561754.0,5193294.0,0.0,0.0,0.0,0,,False,False
1367207120,yes,1561765.0,5193310.0,0.0,0.0,0.0,0,,False,False
1367207121,yes,1561007.0,5193691.0,0.0,0.0,0.0,0,,False,False
1367207122,yes,1561020.0,5193710.0,0.0,0.0,0.0,0,,False,False
1367207123,yes,1561038.0,5193696.0,0.0,0.0,0.0,0,,False,False
1367207124,yes,1561049.0,5193664.0,0.0,0.0,0.0,0,,False,False
1367207125,yes,1561089.0,5193686.0,0.0,0.0,0.0,0,,False,False
1367207126,yes,1561085.0,5193653.0,0.0,0.0,0.0,0,,False,False
1367207127,yes,1561123.0,5193643.0,0.0,0.0,0.0,0,,False,False
1367207128,yes,1561074.0,5193639.0,0.0,0.0,0.0,0,,False,False
1367207337,yes,1561344.0,5196165.0,0.0,0.0,0.0,0,,False,False
1367207474,detached,1561565.0,5196123.0,0.0,0.0,0.0,0,,False,False
1367207475,yes,1561497.0,5196124.0,0.0,0.0,0.0,0,,False,False
1367207476,yes,1561485.0,5196121.0,0.0,0.0,0.0,0,,False,False
1367207477,yes,1561476.0,5196123.0,0.0,0.0,0.0,0,,False,False
1367207478,detached,1561552.0,5196067.0,0.0,0.0,0.0,0,,False,False
1367207479,yes,1561590.0,5196049.0,0.0,0.0,0.0,0,,False,False
1367207480,garage,1561541.0,5195997.0,0.0,0.0,0.0,0,,False,False
1367207481,detached,1561523.0,5196011.0,0.0,0.0,0.0,0,,False,False
1367207482,yes,1561573.0,5195965.0,0.0,0.0,0.0,0,,False,False
1367207483,detached,1561549.0,5195932.0,0.0,0.0,0.0,0,,False,False
1367207484,yes,1561461.0,5196077.0,0.0,0.0,0.0,0,,False,False
1367207485,detached,1561461.0,5196038.0,0.0,0.0,0.0,0,,False,False
1367207486,yes,1561410.0,5196040.0,0.0,0.0,0.0,0,,False,False
1367207487,yes,1561408.0,5195981.0,0.0,0.0,0.0,0,,False,False
1367207488,yes,1561439.0,5195992.0,0.0,0.0,0.0,0,,False,False
1367207489,yes,1561437.0,5195984.0,0.0,0.0,0.0,0,,False,False
1367207490,yes,1561401.0,5195943.0,0.0,0.0,0.0,0,,False,False
1367207491,yes,1561382.0,5195907.0,0.0,0.0,0.0,0,,False,False
1367207492,yes,1561384.0,5195864.0,0.0,0.0,0.0,0,,False,False
1367207493,yes,1561346.0,5195859.0,0.0,0.0,0.0,0,,False,False
1367209640,detached,1561705.0,5196088.0,0.0,0.0,0.0,0,,False,False
1367209641,detached,1561680.0,5196040.0,0.0,0.0,0.0,0,,False,False
1367209642,garage,1561679.0,5195927.0,0.0,0.0,0.0,0,,False,False
1367209643,detached,1561654.0,5195946.0,0.0,0.0,0.0,0,,False,False
1367209644,garage,1561652.0,5195881.0,0.0,0.0,0.0,0,,False,False
1367209645,detached,1561621.0,5195905.0,0.0,0.0,0.0,0,,False,False
1367209646,garage,1561650.0,5195844.0,0.0,0.0,0.0,0,,False,False
1367209647,detached,1561622.0,5195847.0,0.0,0.0,0.0,0,,False,False
1367209648,detached,1561589.0,5195798.0,0.0,0.0,0.0,0,,False,False
1367209649,yes,1561615.0,5195776.0,0.0,0.0,0.0,0,,False,False
1367209650,yes,1561580.0,5195728.0,0.0,0.0,0.0,0,,False,False
1367209651,detached,1561566.0,5195744.0,0.0,0.0,0.0,0,,False,False
1367209652,garage,1561575.0,5195670.0,0.0,0.0,0.0,0,,False,False
1367209653,detached,1561551.0,5195698.0,0.0,0.0,0.0,0,,False,False
1367209654,garage,1561564.0,5195622.0,0.0,0.0,0.0,0,,False,False
1367209655,detached,1561537.0,5195645.0,0.0,0.0,0.0,0,,False,False
1367209656,yes,1561554.0,5195589.0,0.0,0.0,0.0,0,,False,False
1367209657,detached,1561527.0,5195580.0,0.0,0.0,0.0,0,,False,False
1367209658,garage,1561543.0,5195560.0,0.0,0.0,0.0,0,,False,False
1367209659,detached,1561456.0,5195608.0,0.0,0.0,0.0,0,,False,False
1367209660,garage,1561461.0,5195579.0,0.0,0.0,0.0,0,,False,False
1367209661,garage,1561368.0,5195601.0,0.0,0.0,0.0,0,,False,False
1367209662,detached,1561392.0,5195624.0,0.0,0.0,0.0,0,,False,False
1367209663,yes,1561306.0,5195688.0,0.0,0.0,0.0,0,,False,False
1367209664,detached,1561458.0,5195689.0,0.0,0.0,0.0,0,,False,False
1367209665,detached,1561420.0,5195702.0,0.0,0.0,0.0,0,,False,False
1367209666,garage,1561435.0,5195748.0,0.0,0.0,0.0,0,,False,False
1367209667,detached,1561439.0,5195763.0,0.0,0.0,0.0,0,,False,False
1367209668,garage,1561462.0,5195744.0,0.0,0.0,0.0,0,,False,False
1367209669,yes,1561491.0,5195749.0,0.0,0.0,0.0,0,,False,False
1367209670,detached,1561503.0,5195801.0,0.0,0.0,0.0,0,,False,False
1367209671,detached,1561461.0,5195824.0,0.0,0.0,0.0,0,,False,False
1367209672,garage,1561496.0,5195861.0,0.0,0.0,0.0,0,,False,False
1367209673,detached,1561522.0,5195861.0,0.0,0.0,0.0,0,,False,False
1367211607,detached,1561616.0,5196108.0,0.0,0.0,0.0,0,,False,False
1367211608,garage,1561612.0,5196159.0,0.0,0.0,0.0,0,,False,False
1367211609,detached,1561637.0,5196168.0,0.0,0.0,0.0,0,,False,False
1367211610,detached,1561701.0,5196135.0,0.0,0.0,0.0,0,,False,False
1049748988,yes,1560515.0,5200120.0,0.0,0.0,0.0,0,,False,False
1049748989,yes,1560537.0,5200188.0,0.0,0.0,0.0,0,,False,False
1049748990,yes,1560516.0,5200098.0,0.0,0.0,0.0,0,,False,False
1049748992,yes,1560682.0,5200066.0,0.0,0.0,0.0,0,,False,False
1049748993,yes,1560693.0,5200038.0,0.0,0.0,0.0,0,,False,False
1049748995,yes,1560699.0,5200035.0,0.0,0.0,0.0,0,,False,False
1049748996,yes,1560762.0,5200263.0,0.0,0.0,0.0,0,,False,False
1049748997,yes,1560728.0,5200248.0,0.0,0.0,0.0,0,,False,False
1049748998,yes,1560723.0,5200250.0,0.0,0.0,0.0,0,,False,False
1049749000,yes,1560533.0,5200429.0,0.0,0.0,0.0,0,,False,False
1049749001,yes,1560568.0,5200398.0,0.0,0.0,0.0,0,,False,False
1049749002,yes,1560605.0,5200404.0,0.0,0.0,0.0,0,,False,False
1049749004,yes,1560368.0,5200533.0,0.0,0.0,0.0,0,,False,False
1049749005,yes,1560382.0,5200505.0,0.0,0.0,0.0,0,,False,False
1049749008,yes,1560218.0,5200533.0,0.0,0.0,0.0,0,,False,False
1049749009,yes,1560234.0,5200515.0,0.0,0.0,0.0,0,,False,False
1049749010,yes,1560220.0,5200510.0,0.0,0.0,0.0,0,,False,False
1049749011,yes,1560370.0,5200673.0,0.0,0.0,0.0,0,,False,False
1049749013,yes,1560476.0,5200778.0,0.0,0.0,0.0,0,,False,False
1049749014,yes,1560457.0,5200762.0,0.0,0.0,0.0,0,,False,False
1049802044,yes,1560596.0,5200587.0,0.0,0.0,0.0,0,,False,False
1049802045,yes,1560506.0,5200573.0,0.0,0.0,0.0,0,,False,False
1049802046,yes,1560492.0,5200578.0,0.0,0.0,0.0,0,,False,False
1049802049,yes,1560803.0,5200702.0,0.0,0.0,0.0,0,,False,False
1049802050,yes,1560720.0,5200798.0,0.0,0.0,0.0,0,,False,False
1049802052,yes,1560715.0,5200834.0,0.0,0.0,0.0,0,,False,False
1049802053,yes,1560759.0,5200812.0,0.0,0.0,0.0,0,,False,False
1049802054,yes,1560749.0,5200528.0,0.0,0.0,0.0,0,,False,False
1049802055,yes,1560708.0,5200510.0,0.0,0.0,0.0,0,,False,False
1049802058,yes,1561003.0,5200672.0,0.0,0.0,0.0,0,,False,False
1049802060,yes,1561123.0,5200592.0,0.0,0.0,0.0,0,,False,False
1049802061,yes,1561191.0,5200554.0,0.0,0.0,0.0,0,,False,False
1049802062,yes,1561029.0,5200378.0,0.0,0.0,0.0,0,,False,False
1049802065,yes,1561070.0,5200298.0,0.0,0.0,0.0,0,,False,False
1049802066,yes,1560912.0,5200180.0,0.0,0.0,0.0,0,,False,False
1049802068,yes,1560937.0,5200118.0,0.0,0.0,0.0,0,,False,False
1049802069,yes,1560879.0,5199970.0,0.0,0.0,0.0,0,,False,False
1049802071,yes,1561166.0,5199955.0,0.0,0.0,0.0,0,,False,False
1049802072,yes,1561180.0,5199933.0,0.0,0.0,0.0,0,,False,False
1049802073,yes,1561128.0,5199966.0,0.0,0.0,0.0,0,,False,False
1049802074,yes,1561096.0,5199969.0,0.0,0.0,0.0,0,,False,False
1049802076,yes,1561112.0,5200142.0,0.0,0.0,0.0,0,,False,False
1049802077,yes,1561068.0,5200139.0,0.0,0.0,0.0,0,,False,False
1049802078,yes,1561122.0,5200115.0,0.0,0.0,0.0,0,,False,False
1049802080,yes,1561252.0,5200282.0,0.0,0.0,0.0,0,,False,False
1049802081,yes,1561200.0,5200257.0,0.0,0.0,0.0,0,,False,False
1049802083,yes,1561324.0,5200401.0,0.0,0.0,0.0,0,,False,False
1049802084,yes,1561318.0,5200369.0,0.0,0.0,0.0,0,,False,False
1049802086,yes,1561411.0,5200561.0,0.0,0.0,0.0,0,,False,False
1049802087,yes,1561360.0,5200579.0,0.0,0.0,0.0,0,,False,False
1049802088,yes,1561389.0,5200556.0,0.0,0.0,0.0,0,,False,False
1049802090,yes,1561538.0,5200505.0,0.0,0.0,0.0,0,,False,False
1049802091,yes,1561520.0,5200511.0,0.0,0.0,0.0,0,,False,False
1049802093,yes,1561543.0,5200472.0,0.0,0.0,0.0,0,,False,False
1049802095,yes,1561540.0,5200376.0,0.0,0.0,0.0,0,,False,False
1049802097,yes,1561120.0,5199832.0,0.0,0.0,0.0,0,,False,False
1049802098,yes,1561121.0,5199822.0,0.0,0.0,0.0,0,,False,False
1049802099,yes,1561108.0,5199807.0,0.0,0.0,0.0,0,,False,False
1049802101,yes,1561255.0,5199774.0,0.0,0.0,0.0,0,,False,False
1049802102,yes,1561240.0,5199763.0,0.0,0.0,0.0,0,,False,False
1049802105,yes,1561302.0,5199891.0,0.0,0.0,0.0,0,,False,False
1049802106,yes,1561328.0,5200078.0,0.0,0.0,0.0,0,,False,False
1049802108,yes,1561376.0,5200136.0,0.0,0.0,0.0,0,,False,False
1049802110,yes,1561408.0,5200097.0,0.0,0.0,0.0,0,,False,False
1049802111,yes,1561437.0,5199998.0,0.0,0.0,0.0,0,,False,False
1049802112,yes,1561462.0,5200074.0,0.0,0.0,0.0,0,,False,False
1049802114,yes,1561472.0,5200045.0,0.0,0.0,0.0,0,,False,False
1049802115,yes,1561489.0,5200049.0,0.0,0.0,0.0,0,,False,False
1049802116,yes,1561373.0,5200221.0,0.0,0.0,0.0,0,,False,False
1049802117,yes,1561434.0,5200236.0,0.0,0.0,0.0,0,,False,False
1049814525,yes,1561467.0,5200247.0,0.0,0.0,0.0,0,,False,False
1049814526,yes,1561526.0,5200205.0,0.0,0.0,0.0,0,,False,False
1049814527,yes,1561493.0,5200181.0,0.0,0.0,0.0,0,,False,False
1049814529,yes,1561845.0,5200083.0,0.0,0.0,0.0,0,,False,False
1049814531,yes,1561972.0,5200014.0,0.0,0.0,0.0,0,,False,False
1049814532,yes,1561954.0,5200025.0,0.0,0.0,0.0,0,,False,False
1049814533,yes,1561937.0,5200050.0,0.0,0.0,0.0,0,,False,False
1049814537,yes,1561673.0,5199885.0,0.0,0.0,0.0,0,,False,False
1049814538,yes,1561672.0,5199909.0,0.0,0.0,0.0,0,,False,False
1049814539,yes,1561727.0,5199872.0,0.0,0.0,0.0,0,,False,False
1049814540,yes,1561753.0,5199876.0,0.0,0.0,0.0,0,,False,False
1049814542,yes,1561732.0,5199795.0,0.0,0.0,0.0,0,,False,False
1049814543,yes,1561683.0,5199754.0,0.0,0.0,0.0,0,,False,False
1049814544,yes,1561820.0,5199579.0,0.0,0.0,0.0,0,,False,False
1049814545,yes,1561884.0,5199559.0,0.0,0.0,0.0,0,,False,False
1049814546,yes,1561901.0,5199508.0,0.0,0.0,0.0,0,,False,False
1049814547,yes,1561859.0,5199544.0,0.0,0.0,0.0,0,,False,False
1049814551,yes,1561639.0,5199500.0,0.0,0.0,0.0,0,,False,False
1049814552,yes,1561650.0,5199662.0,0.0,0.0,0.0,0,,False,False
1049814553,yes,1561647.0,5199632.0,0.0,0.0,0.0,0,,False,False
1049814554,yes,1561634.0,5199604.0,0.0,0.0,0.0,0,,False,False
1049814556,yes,1560273.0,5200297.0,0.0,0.0,0.0,0,,False,False
1049814557,yes,1560267.0,5200254.0,0.0,0.0,0.0,0,,False,False
1049814559,yes,1560087.0,5200261.0,0.0,0.0,0.0,0,,False,False
1049814560,yes,1560077.0,5200310.0,0.0,0.0,0.0,0,,False,False
1049814562,yes,1559982.0,5200355.0,0.0,0.0,0.0,0,,False,False
1049814563,yes,1559983.0,5200330.0,0.0,0.0,0.0,0,,False,False
1049814564,yes,1560014.0,5200334.0,0.0,0.0,0.0,0,,False,False
1049814566,yes,1559934.0,5200171.0,0.0,0.0,0.0,0,,False,False
1049814567,yes,1559947.0,5200129.0,0.0,0.0,0.0,0,,False,False
1049814569,yes,1559636.0,5200257.0,0.0,0.0,0.0,0,,False,False
1049814587,yes,1559666.0,5200281.0,0.0,0.0,0.0,0,,False,False
1049814589,yes,1559450.0,5200402.0,0.0,0.0,0.0,0,,False,False
1049814590,yes,1559479.0,5200414.0,0.0,0.0,0.0,0,,False,False
1049814591,yes,1559427.0,5200396.0,0.0,0.0,0.0,0,,False,False
1049814593,yes,1559509.0,5200477.0,0.0,0.0,0.0,0,,False,False
1049814594,yes,1559556.0,5200477.0,0.0,0.0,0.0,0,,False,False
1049814596,yes,1559628.0,5200587.0,0.0,0.0,0.0,0,,False,False
1049814597,yes,1559548.0,5200592.0,0.0,0.0,0.0,0,,False,False
1049814598,yes,1559494.0,5200657.0,0.0,0.0,0.0,0,,False,False
1049814600,yes,1559500.0,5200200.0,0.0,0.0,0.0,0,,False,False
1049814601,yes,1559469.0,5200209.0,0.0,0.0,0.0,0,,False,False
1050114903,yes,1561248.0,5199616.0,0.0,0.0,0.0,0,,False,False
1050114904,yes,1561244.0,5199591.0,0.0,0.0,0.0,0,,False,False
1050114905,yes,1561234.0,5199578.0,0.0,0.0,0.0,0,,False,False
1050114908,yes,1561182.0,5199460.0,0.0,0.0,0.0,0,,False,False
1050114909,yes,1561160.0,5199444.0,0.0,0.0,0.0,0,,False,False
1050114910,yes,1561172.0,5199426.0,0.0,0.0,0.0,0,,False,False
1050114911,yes,1561097.0,5199374.0,0.0,0.0,0.0,0,,False,False
1050114913,yes,1561130.0,5199368.0,0.0,0.0,0.0,0,,False,False
1050114914,yes,1561163.0,5199354.0,0.0,0.0,0.0,0,,False,False
1050114915,yes,1561017.0,5199463.0,0.0,0.0,0.0,0,,False,False
1050114916,yes,1561007.0,5199426.0,0.0,0.0,0.0,0,,False,False
1050114918,yes,1561095.0,5199605.0,0.0,0.0,0.0,0,,False,False
1050114919,yes,1561121.0,5199656.0,0.0,0.0,0.0,0,,False,False
1050114920,yes,1561135.0,5199673.0,0.0,0.0,0.0,0,,False,False
1050114924,yes,1561000.0,5199742.0,0.0,0.0,0.0,0,,False,False
1050114925,yes,1560996.0,5199717.0,0.0,0.0,0.0,0,,False,False
1050114926,yes,1560978.0,5199686.0,0.0,0.0,0.0,0,,False,False
1050114931,yes,1560656.0,5199690.0,0.0,0.0,0.0,0,,False,False
1050114932,yes,1560602.0,5199675.0,0.0,0.0,0.0,0,,False,False
1050114933,yes,1560620.0,5199665.0,0.0,0.0,0.0,0,,False,False
1050114934,yes,1560629.0,5199599.0,0.0,0.0,0.0,0,,False,False
1050114935,yes,1560690.0,5199607.0,0.0,0.0,0.0,0,,False,False
1050114936,yes,1560657.0,5199587.0,0.0,0.0,0.0,0,,False,False
1050114938,yes,1560824.0,5199468.0,0.0,0.0,0.0,0,,False,False
1050114947,yes,1560868.0,5199208.0,0.0,0.0,0.0,0,,False,False
1050114948,yes,1560936.0,5199241.0,0.0,0.0,0.0,0,,False,False
1050114949,yes,1560874.0,5199177.0,0.0,0.0,0.0,0,,False,False
1050114950,yes,1560862.0,5199175.0,0.0,0.0,0.0,0,,False,False
1050114951,yes,1560886.0,5199158.0,0.0,0.0,0.0,0,,False,False
1050114952,yes,1560992.0,5199010.0,0.0,0.0,0.0,0,,False,False
1050114953,yes,1561033.0,5199020.0,0.0,0.0,0.0,0,,False,False
1050114956,yes,1561156.0,5199150.0,0.0,0.0,0.0,0,,False,False
1050114957,yes,1561169.0,5199133.0,0.0,0.0,0.0,0,,False,False
1050114958,yes,1561055.0,5199030.0,0.0,0.0,0.0,0,,False,False
1050114960,yes,1561085.0,5198877.0,0.0,0.0,0.0,0,,False,False
1050114961,yes,1561078.0,5198851.0,0.0,0.0,0.0,0,,False,False
1050114962,yes,1561293.0,5198712.0,0.0,0.0,0.0,0,,False,False
1050114963,yes,1561336.0,5198725.0,0.0,0.0,0.0,0,,False,False
1050114965,yes,1561360.0,5198788.0,0.0,0.0,0.0,0,,False,False
1050114966,yes,1561358.0,5198762.0,0.0,0.0,0.0,0,,False,False
1050114967,yes,1561349.0,5198766.0,0.0,0.0,0.0,0,,False,False
1050114969,yes,1561524.0,5198775.0,0.0,0.0,0.0,0,,False,False
1050114970,yes,1561576.0,5198766.0,0.0,0.0,0.0,0,,False,False
1050114971,yes,1561490.0,5198648.0,0.0,0.0,0.0,0,,False,False
1050114973,yes,1561457.0,5198611.0,0.0,0.0,0.0,0,,False,False
1050114974,yes,1561480.0,5198573.0,0.0,0.0,0.0,0,,False,False
1050114975,yes,1561352.0,5198519.0,0.0,0.0,0.0,0,,False,False
1050114976,yes,1561360.0,5198473.0,0.0,0.0,0.0,0,,False,False
1050114986,yes,1561518.0,5198255.0,0.0,0.0,0.0,0,,False,False
1050114989,yes,1561590.0,5198300.0,0.0,0.0,0.0,0,,False,False
1050116664,yes,1561565.0,5198288.0,0.0,0.0,0.0,0,,False,False
1050116665,yes,1561546.0,5198170.0,0.0,0.0,0.0,0,,False,False
1050116666,yes,1561559.0,5198190.0,0.0,0.0,0.0,0,,False,False
1050116680,yes,1561610.0,5198217.0,0.0,0.0,0.0,0,,False,False
1050116681,yes,1561658.0,5198233.0,0.0,0.0,0.0,0,,False,False
1050116683,yes,1561666.0,5198132.0,0.0,0.0,0.0,0,,False,False
1050116684,yes,1561688.0,5198112.0,0.0,0.0,0.0,0,,False,False
1050116702,yes,1561788.0,5198172.0,0.0,0.0,0.0,0,,False,False
1050116703,yes,1561753.0,5198149.0,0.0,0.0,0.0,0,,False,False
1050116704,yes,1561763.0,5198151.0,0.0,0.0,0.0,0,,False,False
1050116705,yes,1561770.0,5198232.0,0.0,0.0,0.0,0,,False,False
1050116706,yes,1561742.0,5198210.0,0.0,0.0,0.0,0,,False,False
1050116708,yes,1561708.0,5198278.0,0.0,0.0,0.0,0,,False,False
1050116709,yes,1561695.0,5198243.0,0.0,0.0,0.0,0,,False,False
1050116711,yes,1561788.0,5198357.0,0.0,0.0,0.0,0,,False,False
1050116712,yes,1561785.0,5198368.0,0.0,0.0,0.0,0,,False,False
1050116713,yes,1561765.0,5198396.0,0.0,0.0,0.0,0,,False,False
1050116714,yes,1561831.0,5198364.0,0.0,0.0,0.0,0,,False,False
1050116715,yes,1561855.0,5198373.0,0.0,0.0,0.0,0,,False,False
1050116716,yes,1561875.0,5198306.0,0.0,0.0,0.0,0,,False,False
1050116718,yes,1561850.0,5198251.0,0.0,0.0,0.0,0,,False,False
1050116719,yes,1561888.0,5198253.0,0.0,0.0,0.0,0,,False,False
1050116721,yes,1561865.0,5198208.0,0.0,0.0,0.0,0,,False,False
1050116722,yes,1561877.0,5198148.0,0.0,0.0,0.0,0,,False,False
1050116723,yes,1561851.0,5198167.0,0.0,0.0,0.0,0,,False,False
1050878913,yes,1559869.0,5198172.0,0.0,0.0,0.0,0,,False,False
1050878914,yes,1559841.0,5198143.0,0.0,0.0,0.0,0,,False,False
1050878918,yes,1560241.0,5198100.0,0.0,0.0,0.0,0,,False,False
1050878919,yes,1559787.0,5198557.0,0.0,0.0,0.0,0,,False,False
1050878920,yes,1559811.0,5198580.0,0.0,0.0,0.0,0,,False,False
1050878921,yes,1559854.0,5198447.0,0.0,0.0,0.0,0,,False,False
1050878922,yes,1559861.0,5198477.0,0.0,0.0,0.0,0,,False,False
1050878923,yes,1559936.0,5198450.0,0.0,0.0,0.0,0,,False,False
1050878924,yes,1559903.0,5198569.0,0.0,0.0,0.0,0,,False,False
1050878925,yes,1559945.0,5198636.0,0.0,0.0,0.0,0,,False,False
1050878926,yes,1559945.0,5198602.0,0.0,0.0,0.0,0,,False,False
1050878927,yes,1559962.0,5198596.0,0.0,0.0,0.0,0,,False,False
1050878928,yes,1560145.0,5198525.0,0.0,0.0,0.0,0,,False,False
1050878929,yes,1560124.0,5198471.0,0.0,0.0,0.0,0,,False,False
1050878930,yes,1560173.0,5198436.0,0.0,0.0,0.0,0,,False,False
1050878931,yes,1560155.0,5198501.0,0.0,0.0,0.0,0,,False,False
1050878932,yes,1560186.0,5198480.0,0.0,0.0,0.0,0,,False,False
1050878936,yes,1559936.0,5198470.0,0.0,0.0,0.0,0,,False,False
1050878938,yes,1560278.0,5198473.0,0.0,0.0,0.0,0,,False,False
1050878939,yes,1560252.0,5198493.0,0.0,0.0,0.0,0,,False,False
1050878940,yes,1560329.0,5198459.0,0.0,0.0,0.0,0,,False,False
1050878943,yes,1560238.0,5198572.0,0.0,0.0,0.0,0,,False,False
1050878944,yes,1560358.0,5198564.0,0.0,0.0,0.0,0,,False,False
1050878946,yes,1560340.0,5198694.0,0.0,0.0,0.0,0,,False,False
1050878947,yes,1560361.0,5198674.0,0.0,0.0,0.0,0,,False,False
1050878949,yes,1560655.0,5198565.0,0.0,0.0,0.0,0,,False,False
1050878950,yes,1560654.0,5198530.0,0.0,0.0,0.0,0,,False,False
1050878951,yes,1560709.0,5198666.0,0.0,0.0,0.0,0,,False,False
1050878952,yes,1560731.0,5198680.0,0.0,0.0,0.0,0,,False,False
1050878954,yes,1560650.0,5198801.0,0.0,0.0,0.0,0,,False,False
1050878955,yes,1560674.0,5198783.0,0.0,0.0,0.0,0,,False,False
1050878956,yes,1560691.0,5198771.0,0.0,0.0,0.0,0,,False,False
1050878958,yes,1560515.0,5198735.0,0.0,0.0,0.0,0,,False,False
1050878959,yes,1560478.0,5198714.0,0.0,0.0,0.0,0,,False,False
1050878961,yes,1560495.0,5198564.0,0.0,0.0,0.0,0,,False,False
1050878962,yes,1560513.0,5198565.0,0.0,0.0,0.0,0,,False,False
1050878965,yes,1560118.0,5198711.0,0.0,0.0,0.0,0,,False,False
1050878966,yes,1560109.0,5198686.0,0.0,0.0,0.0,0,,False,False
1050878968,yes,1560217.0,5198869.0,0.0,0.0,0.0,0,,False,False
1050878969,yes,1560400.0,5198954.0,0.0,0.0,0.0,0,,False,False
1050878970,yes,1560421.0,5198944.0,0.0,0.0,0.0,0,,False,False
1050882192,yes,1560472.0,5198968.0,0.0,0.0,0.0,0,,False,False
1050882193,yes,1560442.0,5198967.0,0.0,0.0,0.0,0,,False,False
1050882194,yes,1560090.0,5198993.0,0.0,0.0,0.0,0,,False,False
1050882196,yes,1559963.0,5198920.0,0.0,0.0,0.0,0,,False,False
1050882197,yes,1559995.0,5198893.0,0.0,0.0,0.0,0,,False,False
1050882198,yes,1560054.0,5198956.0,0.0,0.0,0.0,0,,False,False
1050882199,yes,1559904.0,5199129.0,0.0,0.0,0.0,0,,False,False
1050882200,yes,1559909.0,5199117.0,0.0,0.0,0.0,0,,False,False
1050882201,yes,1559926.0,5199101.0,0.0,0.0,0.0,0,,False,False
1050882203,yes,1559983.0,5199324.0,0.0,0.0,0.0,0,,False,False
1050882204,yes,1559969.0,5199294.0,0.0,0.0,0.0,0,,False,False
1050882206,yes,1559918.0,5199449.0,0.0,0.0,0.0,0,,False,False
1050882207,yes,1559912.0,5199416.0,0.0,0.0,0.0,0,,False,False
1050882211,yes,1559437.0,5199743.0,0.0,0.0,0.0,0,,False,False
1050882212,yes,1559373.0,5199716.0,0.0,0.0,0.0,0,,False,False
1050882214,yes,1559261.0,5199789.0,0.0,0.0,0.0,0,,False,False
1050882215,yes,1559253.0,5199750.0,0.0,0.0,0.0,0,,False,False
1050882235,yes,1559279.0,5200086.0,0.0,0.0,0.0,0,,False,False
1050882236,yes,1559247.0,5200060.0,0.0,0.0,0.0,0,,False,False
1050882237,yes,1559405.0,5199975.0,0.0,0.0,0.0,0,,False,False
1050882238,yes,1559364.0,5199994.0,0.0,0.0,0.0,0,,False,False
1050882239,yes,1559391.0,5199992.0,0.0,0.0,0.0,0,,False,False
1050882246,yes,1559370.0,5200720.0,0.0,0.0,0.0,0,,False,False
1050882247,yes,1559364.0,5200729.0,0.0,0.0,0.0,0,,False,False
1050882248,yes,1559368.0,5200700.0,0.0,0.0,0.0,0,,False,False
1050882249,yes,1559353.0,5200666.0,0.0,0.0,0.0,0,,False,False
1050882250,yes,1559335.0,5200673.0,0.0,0.0,0.0,0,,False,False
1050882252,yes,1559302.0,5200627.0,0.0,0.0,0.0,0,,False,False
1050884504,yes,1559575.0,5198253.0,0.0,0.0,0.0,0,,False,False
1050884505,yes,1559516.0,5198441.0,0.0,0.0,0.0,0,,False,False
1050884975,yes,1559529.0,5198402.0,0.0,0.0,0.0,0,,False,False
1050884976,yes,1559478.0,5198700.0,0.0,0.0,0.0,0,,False,False
1050884977,yes,1559466.0,5198641.0,0.0,0.0,0.0,0,,False,False
1050884979,yes,1559550.0,5198813.0,0.0,0.0,0.0,0,,False,False
1050884980,yes,1559550.0,5198772.0,0.0,0.0,0.0,0,,False,False
1050884981,yes,1559606.0,5198938.0,0.0,0.0,0.0,0,,False,False
1050884982,yes,1559627.0,5198910.0,0.0,0.0,0.0,0,,False,False
1050884984,yes,1559584.0,5199112.0,0.0,0.0,0.0,0,,False,False
1050884985,yes,1559499.0,5199145.0,0.0,0.0,0.0,0,,False,False
1050884986,yes,1559458.0,5199143.0,0.0,0.0,0.0,0,,False,False
1050884987,yes,1559424.0,5198893.0,0.0,0.0,0.0,0,,False,False
1050884988,yes,1559303.0,5198924.0,0.0,0.0,0.0,0,,False,False
1050884989,yes,1559369.0,5198886.0,0.0,0.0,0.0,0,,False,False
1050884990,yes,1559369.0,5198968.0,0.0,0.0,0.0,0,,False,False
1050884991,yes,1559371.0,5198789.0,0.0,0.0,0.0,0,,False,False
1050884993,yes,1559322.0,5198599.0,0.0,0.0,0.0,0,,False,False
1050884994,yes,1559288.0,5198582.0,0.0,0.0,0.0,0,,False,False
1050884995,yes,1559274.0,5198592.0,0.0,0.0,0.0,0,,False,False
1050884996,yes,1559345.0,5198462.0,0.0,0.0,0.0,0,,False,False
1050884997,yes,1559384.0,5198484.0,0.0,0.0,0.0,0,,False,False
1050884999,yes,1559389.0,5198296.0,0.0,0.0,0.0,0,,False,False
1050885000,yes,1559350.0,5198257.0,0.0,0.0,0.0,0,,False,False
1050885001,yes,1559444.0,5198173.0,0.0,0.0,0.0,0,,False,False
1050885002,yes,1559424.0,5198139.0,0.0,0.0,0.0,0,,False,False
1050885003,yes,1559446.0,5198152.0,0.0,0.0,0.0,0,,False,False
1050885018,yes,1559364.0,5199368.0,0.0,0.0,0.0,0,,False,False
1050885020,yes,1559573.0,5199324.0,0.0,0.0,0.0,0,,False,False
1050885021,yes,1559549.0,5199291.0,0.0,0.0,0.0,0,,False,False
1050885022,yes,1559705.0,5199416.0,0.0,0.0,0.0,0,,False,False
1050885023,yes,1559700.0,5199361.0,0.0,0.0,0.0,0,,False,False
1050885024,yes,1559670.0,5199375.0,0.0,0.0,0.0,0,,False,False
1050885026,yes,1559506.0,5199463.0,0.0,0.0,0.0,0,,False,False
1050885027,yes,1559526.0,5199482.0,0.0,0.0,0.0,0,,False,False
1050885029,yes,1559363.0,5199421.0,0.0,0.0,0.0,0,,False,False
1050885031,yes,1559647.0,5200083.0,0.0,0.0,0.0,0,,False,False
1050885032,yes,1559642.0,5200048.0,0.0,0.0,0.0,0,,False,False
1050885033,yes,1559687.0,5200036.0,0.0,0.0,0.0,0,,False,False
1050885642,yes,1559912.0,5199946.0,0.0,0.0,0.0,0,,False,False
1050885644,yes,1560026.0,5200000.0,0.0,0.0,0.0,0,,False,False
1050885654,yes,1560233.0,5200105.0,0.0,0.0,0.0,0,,False,False
1050885655,yes,1560218.0,5200081.0,0.0,0.0,0.0,0,,False,False
1050885657,yes,1560331.0,5199871.0,0.0,0.0,0.0,0,,False,False
1050885658,yes,1560351.0,5199876.0,0.0,0.0,0.0,0,,False,False
1050885660,yes,1560495.0,5199556.0,0.0,0.0,0.0,0,,False,False
1050885661,yes,1560505.0,5199538.0,0.0,0.0,0.0,0,,False,False
1050885663,yes,1560536.0,5199356.0,0.0,0.0,0.0,0,,False,False
1050885664,yes,1560576.0,5199349.0,0.0,0.0,0.0,0,,False,False
1050885666,yes,1560683.0,5199389.0,0.0,0.0,0.0,0,,False,False
1050885667,yes,1560681.0,5199313.0,0.0,0.0,0.0,0,,False,False
1050885669,yes,1560740.0,5199220.0,0.0,0.0,0.0,0,,False,False
1050885670,yes,1560781.0,5199212.0,0.0,0.0,0.0,0,,False,False
1050885672,yes,1560846.0,5199015.0,0.0,0.0,0.0,0,,False,False
1050885673,yes,1560833.0,5198986.0,0.0,0.0,0.0,0,,False,False
1050885674,yes,1560780.0,5198956.0,0.0,0.0,0.0,0,,False,False
1050885676,yes,1560914.0,5198876.0,0.0,0.0,0.0,0,,False,False
1050885678,yes,1560835.0,5198720.0,0.0,0.0,0.0,0,,False,False
1050885679,yes,1560859.0,5198678.0,0.0,0.0,0.0,0,,False,False
1050885680,yes,1560939.0,5198714.0,0.0,0.0,0.0,0,,False,False
1050885681,yes,1560921.0,5198709.0,0.0,0.0,0.0,0,,False,False
1050885683,yes,1560875.0,5198648.0,0.0,0.0,0.0,0,,False,False
1050885684,yes,1560859.0,5198631.0,0.0,0.0,0.0,0,,False,False
1050885685,yes,1560912.0,5198637.0,0.0,0.0,0.0,0,,False,False
1050885686,yes,1560950.0,5198569.0,0.0,0.0,0.0,0,,False,False
1050885687,yes,1561008.0,5198574.0,0.0,0.0,0.0,0,,False,False
1050885688,yes,1560922.0,5198560.0,0.0,0.0,0.0,0,,False,False
1050885689,yes,1561224.0,5198332.0,0.0,0.0,0.0,0,,False,False
1050885690,yes,1561255.0,5198345.0,0.0,0.0,0.0,0,,False,False
1050885691,yes,1561169.0,5198351.0,0.0,0.0,0.0,0,,False,False
1050885692,yes,1561257.0,5198358.0,0.0,0.0,0.0,0,,False,False
1050885694,yes,1561366.0,5198212.0,0.0,0.0,0.0,0,,False,False
1050885695,yes,1561349.0,5198215.0,0.0,0.0,0.0,0,,False,False
1050885696,yes,1561356.0,5198179.0,0.0,0.0,0.0,0,,False,False
1050885697,yes,1561373.0,5198190.0,0.0,0.0,0.0,0,,False,False
1050885699,yes,1561401.0,5198157.0,0.0,0.0,0.0,0,,False,False
1050885700,yes,1561367.0,5198140.0,0.0,0.0,0.0,0,,False,False
1050927533,yes,1561865.0,5199888.0,0.0,0.0,0.0,0,,False,False
1050927534,yes,1561863.0,5199858.0,0.0,0.0,0.0,0,,False,False
1050927536,yes,1562039.0,5200218.0,0.0,0.0,0.0,0,,False,False
1050927537,yes,1562060.0,5200212.0,0.0,0.0,0.0,0,,False,False
1050927538,yes,1562067.0,5200194.0,0.0,0.0,0.0,0,,False,False
1050927539,yes,1562062.0,5200176.0,0.0,0.0,0.0,0,,False,False
1050927541,yes,1561904.0,5200160.0,0.0,0.0,0.0,0,,False,False
1050927542,yes,1561893.0,5200195.0,0.0,0.0,0.0,0,,False,False
1050927543,yes,1561807.0,5200189.0,0.0,0.0,0.0,0,,False,False
1050927544,yes,1561898.0,5200240.0,0.0,0.0,0.0,0,,False,False
1050927545,yes,1561882.0,5200253.0,0.0,0.0,0.0,0,,False,False
1050927546,yes,1561921.0,5200270.0,0.0,0.0,0.0,0,,False,False
1050927547,yes,1561945.0,5200544.0,0.0,0.0,0.0,0,,False,False
1050927548,yes,1561911.0,5200554.0,0.0,0.0,0.0,0,,False,False
1050927549,yes,1561918.0,5200550.0,0.0,0.0,0.0,0,,False,False
1050927550,yes,1561959.0,5200575.0,0.0,0.0,0.0,0,,False,False
1050927551,yes,1561922.0,5200579.0,0.0,0.0,0.0,0,,False,False
1050927552,yes,1562249.0,5200667.0,0.0,0.0,0.0,0,,False,False
1050927554,yes,1562314.0,5200725.0,0.0,0.0,0.0,0,,False,False
1050927555,yes,1562318.0,5200710.0,0.0,0.0,0.0,0,,False,False
1050927556,yes,1562357.0,5200747.0,0.0,0.0,0.0,0,,False,False
1050927558,yes,1562339.0,5200836.0,0.0,0.0,0.0,0,,False,False
1050927560,yes,1562375.0,5200833.0,0.0,0.0,0.0,0,,False,False
1050927561,yes,1562334.0,5200922.0,0.0,0.0,0.0,0,,False,False
1050927562,yes,1562361.0,5200952.0,0.0,0.0,0.0,0,,False,False
1050927563,yes,1562348.0,5200946.0,0.0,0.0,0.0,0,,False,False
1050927564,yes,1562348.0,5200939.0,0.0,0.0,0.0,0,,False,False
1050929510,yes,1562463.0,5200189.0,0.0,0.0,0.0,0,,False,False
1050929511,yes,1562511.0,5200162.0,0.0,0.0,0.0,0,,False,False
1050929513,yes,1562506.0,5200203.0,0.0,0.0,0.0,0,,False,False
1050929514,yes,1562490.0,5200187.0,0.0,0.0,0.0,0,,False,False
1050929515,yes,1562435.0,5200206.0,0.0,0.0,0.0,0,,False,False
1050929516,yes,1562328.0,5200032.0,0.0,0.0,0.0,0,,False,False
1050929517,yes,1562338.0,5199994.0,0.0,0.0,0.0,0,,False,False
1050929519,yes,1562120.0,5199858.0,0.0,0.0,0.0,0,,False,False
1050929520,yes,1562136.0,5199888.0,0.0,0.0,0.0,0,,False,False
1050929534,yes,1560955.0,5203186.0,0.0,0.0,0.0,0,,False,False
1050929535,yes,1560938.0,5203169.0,0.0,0.0,0.0,0,,False,False
1050929536,yes,1560949.0,5203174.0,0.0,0.0,0.0,0,,False,False
1050929537,yes,1560931.0,5203154.0,0.0,0.0,0.0,0,,False,False
1050929539,yes,1560762.0,5203173.0,0.0,0.0,0.0,0,,False,False
1050929540,yes,1560790.0,5203169.0,0.0,0.0,0.0,0,,False,False
1050929541,yes,1560660.0,5203190.0,0.0,0.0,0.0,0,,False,False
1050929544,yes,1560120.0,5203136.0,0.0,0.0,0.0,0,,False,False
1050929546,yes,1560101.0,5203119.0,0.0,0.0,0.0,0,,False,False
1050929547,yes,1560285.0,5203156.0,0.0,0.0,0.0,0,,False,False
1050929548,yes,1560326.0,5203137.0,0.0,0.0,0.0,0,,False,False
1050929550,yes,1560763.0,5202905.0,0.0,0.0,0.0,0,,False,False
1050929551,yes,1560757.0,5202839.0,0.0,0.0,0.0,0,,False,False
1050930804,yes,1560629.0,5202929.0,0.0,0.0,0.0,0,,False,False
1050930805,yes,1560624.0,5202891.0,0.0,0.0,0.0,0,,False,False
1050930807,yes,1560466.0,5203026.0,0.0,0.0,0.0,0,,False,False
1050930808,yes,1560421.0,5203012.0,0.0,0.0,0.0,0,,False,False
1050930809,yes,1560555.0,5202940.0,0.0,0.0,0.0,0,,False,False
1050930811,yes,1560399.0,5202891.0,0.0,0.0,0.0,0,,False,False
1050930812,yes,1560326.0,5202917.0,0.0,0.0,0.0,0,,False,False
1050930813,yes,1560416.0,5202858.0,0.0,0.0,0.0,0,,False,False
1050930814,yes,1560428.0,5202882.0,0.0,0.0,0.0,0,,False,False
1050930815,yes,1560445.0,5202910.0,0.0,0.0,0.0,0,,False,False
1050930816,yes,1560439.0,5202898.0,0.0,0.0,0.0,0,,False,False
1050930817,yes,1560532.0,5202848.0,0.0,0.0,0.0,0,,False,False
1050930819,yes,1560590.0,5202806.0,0.0,0.0,0.0,0,,False,False
1050930820,yes,1560648.0,5202677.0,0.0,0.0,0.0,0,,False,False
1050930822,yes,1560607.0,5202645.0,0.0,0.0,0.0,0,,False,False
1050930823,yes,1560595.0,5202651.0,0.0,0.0,0.0,0,,False,False
1050930824,yes,1560624.0,5202681.0,0.0,0.0,0.0,0,,False,False
1050930826,yes,1560408.0,5202622.0,0.0,0.0,0.0,0,,False,False
1050930827,yes,1560498.0,5202534.0,0.0,0.0,0.0,0,,False,False
1050930829,yes,1560505.0,5202503.0,0.0,0.0,0.0,0,,False,False
1050930830,yes,1560538.0,5202375.0,0.0,0.0,0.0,0,,False,False
1050930832,yes,1560531.0,5202304.0,0.0,0.0,0.0,0,,False,False
1050930834,yes,1560332.0,5202395.0,0.0,0.0,0.0,0,,False,False
1050930836,yes,1560168.0,5202467.0,0.0,0.0,0.0,0,,False,False
1050930838,yes,1560094.0,5202436.0,0.0,0.0,0.0,0,,False,False
1050930841,yes,1560012.0,5202508.0,0.0,0.0,0.0,0,,False,False
1050930842,yes,1560006.0,5202473.0,0.0,0.0,0.0,0,,False,False
1050930847,yes,1559995.0,5203009.0,0.0,0.0,0.0,0,,False,False
1050930848,yes,1560030.0,5203006.0,0.0,0.0,0.0,0,,False,False
1050930849,yes,1559876.0,5202982.0,0.0,0.0,0.0,0,,False,False
1050930851,yes,1559826.0,5202963.0,0.0,0.0,0.0,0,,False,False
1050930852,yes,1559708.0,5202999.0,0.0,0.0,0.0,0,,False,False
1050930855,yes,1559849.0,5202850.0,0.0,0.0,0.0,0,,False,False
1050930857,yes,1559811.0,5202819.0,0.0,0.0,0.0,0,,False,False
1050930859,yes,1559979.0,5202785.0,0.0,0.0,0.0,0,,False,False
1050930860,yes,1560008.0,5202774.0,0.0,0.0,0.0,0,,False,False
1050930861,yes,1559984.0,5202748.0,0.0,0.0,0.0,0,,False,False
1050930863,yes,1559857.0,5202593.0,0.0,0.0,0.0,0,,False,False
1050930864,yes,1559831.0,5202569.0,0.0,0.0,0.0,0,,False,False
1050930865,yes,1559828.0,5202601.0,0.0,0.0,0.0,0,,False,False
1050930868,yes,1560000.0,5202870.0,0.0,0.0,0.0,0,,False,False
1050930869,yes,1559728.0,5202623.0,0.0,0.0,0.0,0,,False,False
1050930870,yes,1559768.0,5202607.0,0.0,0.0,0.0,0,,False,False
1050930872,yes,1559580.0,5202639.0,0.0,0.0,0.0,0,,False,False
1050930873,yes,1559577.0,5202621.0,0.0,0.0,0.0,0,,False,False
1050930878,yes,1559600.0,5203053.0,0.0,0.0,0.0,0,,False,False
1050930879,yes,1559567.0,5203076.0,0.0,0.0,0.0,0,,False,False
1050930881,yes,1559504.0,5202756.0,0.0,0.0,0.0,0,,False,False
1050930882,yes,1559510.0,5202694.0,0.0,0.0,0.0,0,,False,False
1050930883,yes,1559536.0,5202713.0,0.0,0.0,0.0,0,,False,False
1050933147,yes,1559660.0,5202460.0,0.0,0.0,0.0,0,,False,False
1050933148,yes,1559658.0,5202423.0,0.0,0.0,0.0,0,,False,False
1050933150,yes,1559455.0,5202709.0,0.0,0.0,0.0,0,,False,False
1050933151,yes,1559501.0,5202726.0,0.0,0.0,0.0,0,,False,False
1050933152,yes,1559478.0,5202698.0,0.0,0.0,0.0,0,,False,False
1050933157,yes,1559434.0,5203015.0,0.0,0.0,0.0,0,,False,False
1050933158,yes,1559462.0,5202980.0,0.0,0.0,0.0,0,,False,False
1050933159,yes,1559235.0,5203058.0,0.0,0.0,0.0,0,,False,False
1050933160,yes,1559258.0,5203026.0,0.0,0.0,0.0,0,,False,False
1051396632,yes,1562234.0,5203167.0,0.0,0.0,0.0,0,,False,False
1051396633,yes,1562222.0,5203126.0,0.0,0.0,0.0,0,,False,False
1051396634,yes,1562250.0,5203136.0,0.0,0.0,0.0,0,,False,False
1051396635,yes,1562241.0,5203089.0,0.0,0.0,0.0,0,,False,False
1051396636,yes,1562248.0,5203116.0,0.0,0.0,0.0,0,,False,False
1051397968,yes,1562497.0,5203211.0,0.0,0.0,0.0,0,,False,False
1051397969,yes,1562498.0,5203198.0,0.0,0.0,0.0,0,,False,False
1051397988,yes,1561511.0,5203093.0,0.0,0.0,0.0,0,,False,False
1051397989,yes,1561499.0,5203054.0,0.0,0.0,0.0,0,,False,False
1051397990,yes,1561506.0,5203040.0,0.0,0.0,0.0,0,,False,False
1051397991,yes,1561523.0,5203071.0,0.0,0.0,0.0,0,,False,False
1051397992,yes,1561526.0,5203064.0,0.0,0.0,0.0,0,,False,False
1051397993,yes,1561570.0,5203124.0,0.0,0.0,0.0,0,,False,False
1051397994,yes,1561567.0,5203173.0,0.0,0.0,0.0,0,,False,False
1051397996,yes,1561377.0,5203172.0,0.0,0.0,0.0,0,,False,False
1051397997,yes,1561406.0,5203126.0,0.0,0.0,0.0,0,,False,False
1051397998,yes,1561393.0,5203145.0,0.0,0.0,0.0,0,,False,False
1051397999,yes,1561432.0,5203149.0,0.0,0.0,0.0,0,,False,False
1051398002,yes,1561203.0,5203090.0,0.0,0.0,0.0,0,,False,False
1051398003,yes,1561177.0,5203088.0,0.0,0.0,0.0,0,,False,False
1051398004,yes,1561182.0,5203063.0,0.0,0.0,0.0,0,,False,False
1051398005,yes,1561218.0,5203114.0,0.0,0.0,0.0,0,,False,False
1051398006,yes,1561228.0,5203082.0,0.0,0.0,0.0,0,,False,False
1051398007,yes,1561694.0,5203024.0,0.0,0.0,0.0,0,,False,False
1051398009,yes,1561890.0,5203023.0,0.0,0.0,0.0,0,,False,False
1051398011,yes,1561740.0,5202808.0,0.0,0.0,0.0,0,,False,False
1051398012,yes,1561750.0,5202790.0,0.0,0.0,0.0,0,,False,False
1051398013,yes,1561759.0,5202786.0,0.0,0.0,0.0,0,,False,False
1051398014,yes,1561783.0,5202791.0,0.0,0.0,0.0,0,,False,False
1051398015,yes,1561777.0,5202778.0,0.0,0.0,0.0,0,,False,False
1051398016,yes,1561782.0,5202821.0,0.0,0.0,0.0,0,,False,False
1051398017,yes,1561799.0,5202802.0,0.0,0.0,0.0,0,,False,False
1051398018,yes,1561807.0,5202797.0,0.0,0.0,0.0,0,,False,False
1051398019,yes,1561811.0,5202793.0,0.0,0.0,0.0,0,,False,False
1051398020,yes,1561766.0,5202780.0,0.0,0.0,0.0,0,,False,False
1051398021,yes,1561806.0,5202765.0,0.0,0.0,0.0,0,,False,False
1051408549,yes,1561932.0,5202818.0,0.0,0.0,0.0,0,,False,False
1051408550,yes,1561963.0,5202783.0,0.0,0.0,0.0,0,,False,False
1051408552,yes,1561993.0,5202971.0,0.0,0.0,0.0,0,,False,False
1051408553,yes,1562042.0,5202977.0,0.0,0.0,0.0,0,,False,False
1051408554,yes,1562040.0,5202957.0,0.0,0.0,0.0,0,,False,False
1051408555,yes,1562084.0,5202859.0,0.0,0.0,0.0,0,,False,False
1051408556,yes,1562082.0,5202828.0,0.0,0.0,0.0,0,,False,False
1051408558,yes,1562097.0,5202698.0,0.0,0.0,0.0,0,,False,False
1051408559,yes,1562133.0,5202658.0,0.0,0.0,0.0,0,,False,False
1051408560,yes,1562154.0,5202647.0,0.0,0.0,0.0,0,,False,False
1051408562,yes,1562204.0,5202606.0,0.0,0.0,0.0,0,,False,False
1051408563,yes,1562249.0,5202611.0,0.0,0.0,0.0,0,,False,False
1051408564,yes,1562275.0,5202585.0,0.0,0.0,0.0,0,,False,False
1051408566,yes,1562145.0,5202476.0,0.0,0.0,0.0,0,,False,False
1051408568,yes,1562154.0,5202440.0,0.0,0.0,0.0,0,,False,False
1051408569,yes,1562123.0,5202452.0,0.0,0.0,0.0,0,,False,False
1051408570,yes,1562137.0,5202356.0,0.0,0.0,0.0,0,,False,False
1051408571,yes,1562085.0,5202363.0,0.0,0.0,0.0,0,,False,False
1051408572,yes,1562052.0,5202314.0,0.0,0.0,0.0,0,,False,False
1051408573,yes,1562110.0,5202369.0,0.0,0.0,0.0,0,,False,False
1051408575,yes,1561824.0,5202629.0,0.0,0.0,0.0,0,,False,False
1051408578,yes,1561829.0,5202325.0,0.0,0.0,0.0,0,,False,False
1051408579,yes,1561843.0,5202292.0,0.0,0.0,0.0,0,,False,False
1051408580,yes,1561628.0,5202423.0,0.0,0.0,0.0,0,,False,False
1051408581,yes,1561647.0,5202391.0,0.0,0.0,0.0,0,,False,False
1051408582,yes,1561658.0,5202515.0,0.0,0.0,0.0,0,,False,False
1051408583,yes,1561692.0,5202560.0,0.0,0.0,0.0,0,,False,False
1051408586,yes,1561733.0,5202658.0,0.0,0.0,0.0,0,,False,False
1051408587,yes,1561675.0,5202654.0,0.0,0.0,0.0,0,,False,False
1051408590,yes,1561163.0,5202635.0,0.0,0.0,0.0,0,,False,False
1051408591,yes,1561227.0,5202733.0,0.0,0.0,0.0,0,,False,False
1051408593,yes,1561088.0,5202689.0,0.0,0.0,0.0,0,,False,False
1051408594,yes,1561078.0,5202658.0,0.0,0.0,0.0,0,,False,False
1051408595,yes,1561063.0,5202662.0,0.0,0.0,0.0,0,,False,False
1051408596,yes,1561075.0,5202654.0,0.0,0.0,0.0,0,,False,False
1051408598,yes,1561094.0,5202735.0,0.0,0.0,0.0,0,,False,False
1051408599,yes,1561119.0,5202763.0,0.0,0.0,0.0,0,,False,False
1051408600,yes,1561128.0,5202743.0,0.0,0.0,0.0,0,,False,False
1051408602,yes,1561155.0,5202867.0,0.0,0.0,0.0,0,,False,False
1051408603,yes,1561183.0,5202891.0,0.0,0.0,0.0,0,,False,False
1051408604,yes,1561317.0,5202804.0,0.0,0.0,0.0,0,,False,False
1051408605,yes,1561303.0,5202844.0,0.0,0.0,0.0,0,,False,False
1051408608,yes,1561228.0,5202915.0,0.0,0.0,0.0,0,,False,False
1366750286,yes,1562419.0,5199412.0,0.0,0.0,0.0,0,,False,False
1366750287,yes,1562520.0,5199298.0,0.0,0.0,0.0,0,,False,False
1366750288,yes,1562504.0,5199291.0,0.0,0.0,0.0,0,,False,False
1366750289,yes,1562481.0,5199251.0,0.0,0.0,0.0,0,,False,False
1366750290,yes,1562492.0,5199223.0,0.0,0.0,0.0,0,,False,False
1366750291,yes,1562495.0,5199196.0,0.0,0.0,0.0,0,,False,False
1366750292,yes,1562498.0,5199168.0,0.0,0.0,0.0,0,,False,False
1366750293,yes,1562506.0,5199145.0,0.0,0.0,0.0,0,,False,False
1453025285,yes,1561919.0,5200045.0,0.0,0.0,0.0,0,,False,False
1453025287,yes,1561940.0,5200063.0,0.0,0.0,0.0,0,,False,False
1453025290,yes,1561840.0,5200050.0,0.0,0.0,0.0,0,,False,False
